#time content I_1 V_1 V_2 Xe_1 Xe_1V_1 Xe_1V_2 Xe_1V_3 Xe_1V_4 Xe_1V_5 Xe_1V_6 Xe_1V_7 Xe_1V_8 Xe/SD var R_b var
0 0.001 2.28969e-27 0.000249 1.88e-12 0.001 0 0 0 0 0 0 0 0 -nan -nan -nan -nan
1e-10 0.001 6.80389e-10 0.000247425 1.86003e-12 0.000998423 1.57332e-06 1.98553e-14 2.59789e-24 4.91896e-32 7.2825e-42 1.31254e-49 2.10582e-59 3.38093e-67 1.5064 0.248704 0.414353 0.000771759
2.05e-10 0.001 3.03623e-09 0.000245785 1.83931e-12 0.000996779 3.21023e-06 4.01856e-14 1.07907e-23 2.03665e-31 6.20666e-41 1.12386e-48 1.45692e-58 2.33871e-66 1.33031 0.219342 0.424205 0.000678968
3.1525e-10 0.001 7.30632e-09 0.000244077 1.81785e-12 0.000995066 4.91263e-06 6.09737e-14 2.51463e-23 4.72226e-31 2.21177e-40 3.99659e-48 6.76278e-58 1.0855e-65 1.24302 0.181206 0.429154 0.00055911
4.31013e-10 0.001 1.37434e-08 0.000242299 1.79562e-12 0.000993281 6.68234e-06 8.21996e-14 4.62585e-23 8.63737e-31 5.5205e-40 9.94027e-48 2.19714e-57 3.52006e-65 1.19204 0.151376 0.432101 0.000464484
5.52563e-10 0.001 2.26266e-08 0.00024045 1.77262e-12 0.000991421 8.52112e-06 1.03839e-13 7.47448e-23 1.38704e-30 1.13363e-39 2.03277e-47 5.6539e-57 9.03273e-65 1.1591 0.128886 0.434056 0.00039216
6.80191e-10 0.001 3.42622e-08 0.000238528 1.74882e-12 0.000989485 1.04307e-05 1.25865e-13 1.11244e-22 2.05086e-30 2.05722e-39 3.67213e-47 1.24438e-56 1.98138e-64 1.13649 0.11176 0.435447 0.000336115
8.14201e-10 0.001 4.8986e-08 0.00023653 1.72423e-12 0.00098747 1.24128e-05 1.48245e-13 1.56411e-22 2.86366e-30 3.42724e-39 6.08782e-47 2.45172e-56 3.88921e-64 1.12034 0.0984995 0.436485 0.000291772
9.54911e-10 0.001 6.71659e-08 0.000234454 1.69884e-12 0.000985374 1.44689e-05 1.70943e-13 2.10915e-22 3.83354e-30 5.36189e-39 9.47516e-47 4.44884e-56 7.02886e-64 1.10853 0.0880721 0.437289 0.000255983
1.10266e-09 0.001 8.9204e-08 0.000232299 1.67263e-12 0.000983194 1.66007e-05 1.93918e-13 2.75434e-22 4.96807e-30 7.99356e-39 1.40488e-46 7.57563e-56 1.19176e-63 1.0998 0.0797699 0.43793 0.000226586
1.25779e-09 0.001 1.1554e-07 0.000230062 1.64561e-12 0.000980928 1.88095e-05 2.17126e-13 3.50646e-22 6.27414e-30 1.14691e-38 2.00417e-46 1.22631e-55 1.9204e-63 1.09333 0.0730985 0.438452 0.000202074
1.42068e-09 0.001 1.46652e-07 0.000227742 1.61777e-12 0.000978573 2.10967e-05 2.40515e-13 4.37225e-22 7.75777e-30 1.59498e-38 2.77041e-46 1.90461e-55 2.96839e-63 1.08858 0.0677044 0.438886 0.000181369
1.59171e-09 0.001 1.83067e-07 0.000225338 1.58912e-12 0.000976127 2.34636e-05 2.6403e-13 5.35835e-22 9.42465e-30 2.16164e-38 3.73109e-46 2.85842e-55 4.4327e-63 1.08515 0.0633169 0.439251 0.000163691
1.7713e-09 0.001 2.2535e-07 0.000222846 1.55966e-12 0.000973587 2.59111e-05 2.87611e-13 6.47109e-22 1.12778e-29 2.86532e-38 4.91319e-46 4.16586e-55 6.42638e-63 1.08282 0.0597589 0.439564 0.00014845
1.95986e-09 0.001 2.74117e-07 0.000220267 1.52939e-12 0.000970952 2.84401e-05 3.11192e-13 7.71653e-22 1.33194e-29 3.72607e-38 6.34526e-46 5.91932e-55 9.08123e-63 1.0814 0.0568829 0.439833 0.000135202
2.15786e-09 0.001 3.30035e-07 0.000217598 1.49832e-12 0.000968219 3.10515e-05 3.34705e-13 9.10025e-22 1.555e-29 4.76497e-38 8.05616e-46 8.2261e-55 1.25478e-62 1.08074 0.0545752 0.440069 0.000123607
2.36575e-09 0.001 3.93831e-07 0.000214838 1.46647e-12 0.000965385 3.37458e-05 3.58071e-13 1.06273e-21 1.79683e-29 6.00385e-38 1.00746e-45 1.12091e-54 1.69955e-62 1.08074 0.0527461 0.440276 0.000113401
2.58404e-09 0.001 4.66287e-07 0.000211986 1.43385e-12 0.000962449 3.65232e-05 3.81212e-13 1.23019e-21 2.05707e-29 7.46498e-38 1.24281e-45 1.50067e-54 2.26114e-62 1.08131 0.0513238 0.44046 0.000104371
2.81324e-09 0.001 5.4825e-07 0.000209042 1.40048e-12 0.000959409 3.93839e-05 4.0404e-13 1.41276e-21 2.33514e-29 9.17074e-38 1.5143e-45 1.97729e-54 2.95985e-62 1.08238 0.0502499 0.440625 9.63505e-05
3.0539e-09 0.001 6.40634e-07 0.000206004 1.36639e-12 0.000956262 4.23276e-05 4.26465e-13 1.61067e-21 2.6302e-29 1.11431e-37 1.82425e-45 2.56757e-54 3.81735e-62 1.0839 0.0494765 0.440773 8.9202e-05
3.3066e-09 0.001 7.44422e-07 0.000202872 1.33161e-12 0.000953006 4.53539e-05 4.48393e-13 1.82406e-21 2.94113e-29 1.3403e-37 2.17466e-45 3.28958e-54 4.85618e-62 1.08583 0.0489635 0.440908 8.28144e-05
3.57193e-09 0.001 8.60673e-07 0.000199646 1.29615e-12 0.00094964 4.8462e-05 4.69724e-13 2.0529e-21 3.26653e-29 1.597e-37 2.56706e-45 4.16235e-54 6.09932e-62 1.08813 0.0486771 0.44103 7.70961e-05
3.85052e-09 0.001 9.90524e-07 0.000196326 1.26007e-12 0.000946163 5.16508e-05 4.90356e-13 2.29702e-21 3.60468e-29 1.88614e-37 3.00242e-45 5.20551e-54 7.56945e-62 1.09078 0.0485881 0.441143 7.19715e-05
4.14305e-09 0.001 1.13519e-06 0.000192912 1.2234e-12 0.000942571 5.49187e-05 5.10183e-13 2.5561e-21 3.95358e-29 2.20912e-37 3.48102e-45 6.43882e-54 9.28819e-62 1.09374 0.0486715 0.441247 6.73777e-05
4.4502e-09 0.001 1.29599e-06 0.000189404 1.18619e-12 0.000938864 5.8264e-05 5.29097e-13 2.82961e-21 4.31089e-29 2.567e-37 4.00238e-45 7.88152e-54 1.12752e-61 1.09701 0.048905 0.441345 6.32621e-05
4.77271e-09 0.001 1.4743e-06 0.000185804 1.14848e-12 0.000935041 6.16842e-05 5.4699e-13 3.1168e-21 4.67397e-29 2.96033e-37 4.56509e-45 9.55166e-54 1.35469e-61 1.10057 0.049269 0.441435 5.95809e-05
5.11135e-09 0.001 1.67162e-06 0.000182113 1.11033e-12 0.0009311 6.51769e-05 5.63751e-13 3.41673e-21 5.03986e-29 3.38915e-37 5.16677e-45 1.14653e-53 1.61157e-61 1.10439 0.0497458 0.441521 5.62971e-05
5.46691e-09 0.001 1.88954e-06 0.000178332 1.07181e-12 0.000927041 6.87386e-05 5.79271e-13 3.72822e-21 5.40534e-29 3.8528e-37 5.80397e-45 1.36353e-53 1.89885e-61 1.10848 0.0503192 0.441602 5.338e-05
5.84026e-09 0.001 2.12976e-06 0.000174464 1.03296e-12 0.000922862 7.2366e-05 5.93441e-13 4.04982e-21 5.76692e-29 4.34994e-37 6.47209e-45 1.60709e-53 2.21655e-61 1.11281 0.0509743 0.44168 5.08037e-05
6.23227e-09 0.001 2.39405e-06 0.00017051 9.93859e-13 0.000918563 7.60547e-05 6.06156e-13 4.37985e-21 6.12088e-29 4.87841e-37 7.16538e-45 1.87761e-53 2.5639e-61 1.11737 0.0516974 0.441755 4.85469e-05
6.64388e-09 0.001 2.68434e-06 0.000166474 9.5458e-13 0.000914143 7.98001e-05 6.17314e-13 4.71637e-21 6.46331e-29 5.43516e-37 7.87692e-45 2.17487e-53 2.93924e-61 1.12217 0.0524757 0.441827 4.65918e-05
7.07608e-09 0.001 3.00263e-06 0.000162359 9.15196e-13 0.000909602 8.35971e-05 6.26819e-13 5.05717e-21 6.79017e-29 6.01624e-37 8.59864e-45 2.49794e-53 3.33993e-61 1.12718 0.0532968 0.441898 4.49238e-05
7.52988e-09 0.001 3.35106e-06 0.000158169 8.75785e-13 0.00090494 8.74399e-05 6.34582e-13 5.3998e-21 7.09737e-29 6.61675e-37 9.32142e-45 2.84509e-53 3.76225e-61 1.13241 0.0541493 0.441968 4.35315e-05
8.00638e-09 0.001 3.73188e-06 0.000153908 8.3643e-13 0.000900156 9.13222e-05 6.40521e-13 5.74157e-21 7.3808e-29 7.23084e-37 1.00352e-44 3.21372e-53 4.20143e-61 1.13784 0.0550222 0.442036 4.24057e-05
8.5067e-09 0.001 4.14746e-06 0.00014958 7.97216e-13 0.000895252 9.52371e-05 6.44563e-13 6.07953e-21 7.63641e-29 7.8517e-37 1.07291e-44 3.60026e-53 4.6516e-61 1.14346 0.0559049 0.442105 4.15395e-05
9.03203e-09 0.001 4.60028e-06 0.00014519 7.58229e-13 0.000890226 9.91773e-05 6.46649e-13 6.41058e-21 7.86034e-29 8.47169e-37 1.13918e-44 4.00019e-53 5.10588e-61 1.14928 0.0567874 0.442174 4.09282e-05
9.58363e-09 0.001 5.09296e-06 0.000140745 7.19558e-13 0.000885081 0.000103135 6.46729e-13 6.7314e-21 8.04894e-29 9.08235e-37 1.20115e-44 4.40806e-53 5.55649e-61 1.15527 0.05766 0.442243 4.05688e-05
1.01628e-08 0.001 5.62825e-06 0.00013625 6.81295e-13 0.000879815 0.000107101 6.44769e-13 7.03856e-21 8.19891e-29 9.6746e-37 1.25766e-44 4.81752e-53 5.99489e-61 1.16144 0.0585133 0.442314 4.046e-05
1.0771e-08 0.001 6.20899e-06 0.000131712 6.43528e-13 0.00087443 0.000111066 6.4075e-13 7.32854e-21 8.30736e-29 1.02389e-36 1.30755e-44 5.22143e-53 6.41204e-61 1.16778 0.0593385 0.442386 4.06021e-05
1.14095e-08 0.001 6.83818e-06 0.000127137 6.06349e-13 0.000868928 0.000115022 6.34669e-13 7.59777e-21 8.37193e-29 1.07653e-36 1.34977e-44 5.61202e-53 6.79862e-61 1.17427 0.0601272 0.44246 4.09969e-05
1.208e-08 0.001 7.51893e-06 0.000122534 5.69848e-13 0.000863308 0.000118957 6.26541e-13 7.84271e-21 8.39083e-29 1.12439e-36 1.38332e-44 5.98109e-53 7.14538e-61 1.18092 0.0608712 0.442537 4.16477e-05
1.2784e-08 0.001 8.25446e-06 0.000117909 5.34111e-13 0.000857571 0.000122861 6.16398e-13 8.05991e-21 8.3629e-29 1.16652e-36 1.40739e-44 6.32024e-53 7.44347e-61 1.1877 0.061563 0.442616 4.25589e-05
1.35232e-08 0.001 9.04814e-06 0.000113272 4.99226e-13 0.00085172 0.000126723 6.04291e-13 8.24606e-21 8.28774e-29 1.202e-36 1.4213e-44 6.62117e-53 7.68478e-61 1.19462 0.0621954 0.442699 4.37363e-05
1.42993e-08 0.001 9.90341e-06 0.000108631 4.65274e-13 0.000845754 0.000130532 5.90291e-13 8.39809e-21 8.16567e-29 1.22999e-36 1.42459e-44 6.87599e-53 7.8623e-61 1.20166 0.0627619 0.442786 4.51871e-05
1.51143e-08 0.001 1.08239e-05 0.000103994 4.32333e-13 0.000839675 0.000134274 5.74488e-13 8.51323e-21 7.99781e-29 1.24977e-36 1.41701e-44 7.07754e-53 7.97049e-61 1.20881 0.0632564 0.442876 4.69194e-05
1.597e-08 0.001 1.18132e-05 9.93722e-05 4.00476e-13 0.000833484 0.000137939 5.56989e-13 8.58909e-21 7.78605e-29 1.26077e-36 1.39857e-44 7.21968e-53 8.00547e-61 1.21607 0.0636734 0.442972 4.89429e-05
1.68685e-08 0.001 1.28752e-05 9.47735e-05 3.69771e-13 0.000827181 0.000141514 5.37921e-13 8.62372e-21 7.53305e-29 1.26256e-36 1.36951e-44 7.29764e-53 7.96533e-61 1.22342 0.0640082 0.443072 5.12683e-05
1.78119e-08 0.001 1.40138e-05 9.02081e-05 3.40279e-13 0.000820768 0.000144986 5.17427e-13 8.61567e-21 7.2422e-29 1.25491e-36 1.33031e-44 7.30824e-53 7.85026e-61 1.23086 0.0642565 0.443178 5.39077e-05
1.88025e-08 0.001 1.52328e-05 8.56857e-05 3.12054e-13 0.000814245 0.000148342 4.95666e-13 8.56411e-21 6.91755e-29 1.23782e-36 1.28172e-44 7.25009e-53 7.66254e-61 1.23837 0.064415 0.44329 5.68746e-05
1.98427e-08 0.00100001 1.65365e-05 8.12163e-05 2.85142e-13 0.000807613 0.00015157 4.72809e-13 8.46878e-21 6.5637e-29 1.21145e-36 1.22467e-44 7.12374e-53 7.40655e-61 1.24595 0.0644808 0.443409 6.01837e-05
2.09348e-08 0.00100001 1.7929e-05 7.68097e-05 2.59581e-13 0.000800871 0.000154656 4.49043e-13 8.33011e-21 6.18574e-29 1.17622e-36 1.16029e-44 6.93166e-53 7.08856e-61 1.25358 0.0644519 0.443535 6.38515e-05
2.20815e-08 0.00100001 1.94143e-05 7.24757e-05 2.354e-13 0.000794019 0.000157589 4.24559e-13 8.14919e-21 5.78908e-29 1.13273e-36 1.08987e-44 6.67824e-53 6.71652e-61 1.26124 0.0643271 0.443669 6.78956e-05
2.32856e-08 0.00100001 2.0997e-05 6.82239e-05 2.12619e-13 0.000787057 0.000160356 3.99556e-13 7.92777e-21 5.37935e-29 1.08178e-36 1.01479e-44 6.36958e-53 6.2997e-61 1.26894 0.0641061 0.443811 7.23354e-05
2.45499e-08 0.00100001 2.26811e-05 6.40637e-05 1.91248e-13 0.000779984 0.000162945 3.74235e-13 7.66819e-21 4.96214e-29 1.02432e-36 9.3647e-45 6.01313e-53 5.84813e-61 1.27666 0.0637889 0.443962 7.71823e-05
2.58774e-08 0.00100001 2.44712e-05 6.00042e-05 1.71289e-13 0.000772799 0.000165344 3.488e-13 7.37359e-21 4.54314e-29 9.61467e-37 8.56387e-45 5.61783e-53 5.37269e-61 1.28438 0.0633768 0.444122 8.24652e-05
2.72713e-08 0.00100001 2.63717e-05 5.60542e-05 1.52735e-13 0.0007655 0.000167543 3.23455e-13 7.04764e-21 4.12778e-29 8.94447e-37 7.75965e-45 5.19335e-53 4.88423e-61 1.2921 0.0628719 0.444293 8.82109e-05
2.87348e-08 0.00100001 2.83868e-05 5.22218e-05 1.35567e-13 0.000758084 0.000169531 2.98395e-13 6.69454e-21 3.72109e-29 8.24534e-37 6.9654e-45 4.74976e-53 4.39321e-61 1.2998 0.0622766 0.444474 9.44472e-05
3.02716e-08 0.00100001 3.05211e-05 4.85149e-05 1.19761e-13 0.00075055 0.0001713 2.73805e-13 6.31887e-21 3.32768e-29 7.53025e-37 6.19329e-45 4.29709e-53 3.90933e-61 1.30748 0.0615945 0.444666 0.000101205
3.18851e-08 0.00100001 3.2779e-05 4.49404e-05 1.05281e-13 0.000742893 0.000172841 2.4986e-13 5.92556e-21 2.95155e-29 6.81191e-37 5.45389e-45 3.84499e-53 3.44125e-61 1.31512 0.0608293 0.444871 0.000108517
3.35794e-08 0.00100001 3.5165e-05 4.15046e-05 9.20857e-14 0.000735111 0.000174145 2.26719e-13 5.51975e-21 2.59608e-29 6.10238e-37 4.75604e-45 3.40231e-53 2.99628e-61 1.32272 0.0599859 0.445089 0.000116423
3.53584e-08 0.00100001 3.76834e-05 3.82133e-05 8.01259e-14 0.000727197 0.000175208 2.04526e-13 5.10665e-21 2.26396e-29 5.41269e-37 4.10659e-45 2.97685e-53 2.58028e-61 1.33026 0.0590692 0.44532 0.000124965
3.72263e-08 0.00100001 4.03387e-05 3.5071e-05 6.93463e-14 0.000719148 0.000176024 1.83401e-13 4.69144e-21 1.95715e-29 4.75252e-37 3.51044e-45 2.5751e-53 2.19754e-61 1.33773 0.0580851 0.445566 0.00013419
3.91876e-08 0.00100001 4.31353e-05 3.20817e-05 5.9686e-14 0.000710958 0.000176588 1.63449e-13 4.27914e-21 1.67691e-29 4.12997e-37 2.97056e-45 2.20211e-53 1.85081e-61 1.34514 0.0570395 0.445827 0.000144152
4.1247e-08 0.001 4.60775e-05 2.92483e-05 5.10802e-14 0.000702619 0.000176899 1.44749e-13 3.87449e-21 1.42381e-29 3.55139e-37 2.48808e-45 1.86145e-53 1.5414e-61 1.35245 0.0559387 0.446105 0.00015491
4.34093e-08 0.001 4.91697e-05 2.65727e-05 4.34603e-14 0.000694126 0.000176954 1.2736e-13 3.48181e-21 1.19779e-29 3.02133e-37 2.06252e-45 1.55524e-53 1.26934e-61 1.35968 0.0547896 0.4464 0.000166533
4.56798e-08 0.001 5.24162e-05 2.40561e-05 3.67559e-14 0.00068547 0.000176755 1.11316e-13 3.10497e-21 9.98216e-30 2.54254e-37 1.69199e-45 1.28424e-53 1.03355e-61 1.36681 0.0535987 0.446714 0.0001791
4.80638e-08 0.001 5.58214e-05 2.16984e-05 3.08949e-14 0.000676643 0.000176302 9.6633e-14 2.74724e-21 8.23985e-30 2.11609e-37 1.37351e-45 1.04804e-53 8.32064e-62 1.37384 0.0523728 0.447048 0.000192707
5.0567e-08 0.001 5.93895e-05 1.94987e-05 2.58051e-14 0.000667636 0.000175599 8.33058e-14 2.41143e-21 6.73612e-30 1.74155e-37 1.10326e-45 8.45247e-54 6.62302e-62 1.38076 0.0511193 0.447401 0.000207415
5.31953e-08 0.001 6.3125e-05 1.74549e-05 2.14152e-14 0.000658439 0.000174652 7.13073e-14 2.09949e-21 5.45303e-30 1.41712e-37 8.76808e-46 6.73675e-54 5.21215e-62 1.38755 0.0498447 0.447777 0.000223353
5.59551e-08 0.000999997 6.70321e-05 1.55645e-05 1.76553e-14 0.000649043 0.000173464 6.05954e-14 1.81281e-21 4.37071e-30 1.13996e-37 6.89436e-46 5.30614e-54 4.05543e-62 1.39422 0.0485557 0.448176 0.000240645
5.88529e-08 0.000999995 7.11153e-05 1.38235e-05 1.4458e-14 0.000639437 0.000172044 5.11132e-14 1.55215e-21 3.46825e-30 9.06428e-38 5.3633e-46 4.13025e-54 3.11974e-62 1.40077 0.0472586 0.4486 0.000259429
6.18955e-08 0.000999992 7.53791e-05 1.22275e-05 1.17589e-14 0.000629609 0.000170401 4.27918e-14 1.31768e-21 2.72443e-30 7.12362e-38 4.12773e-46 3.17729e-54 2.37284e-62 1.40719 0.0459596 0.44905 0.00027986
6.50903e-08 0.000999989 7.9828e-05 1.07714e-05 9.49753e-15 0.000619549 0.000168543 3.55527e-14 1.10902e-21 2.11847e-30 5.53299e-38 3.1429e-46 2.41571e-54 1.78444e-62 1.41347 0.0446645 0.449528 0.000302111
6.84448e-08 0.000999986 8.44668e-05 9.44906e-06 7.61716e-15 0.000609244 0.000166483 2.93107e-14 9.25292e-22 1.63053e-30 4.24709e-38 2.36753e-46 1.8154e-54 1.32688e-62 1.41962 0.0433787 0.450035 0.000326376
7.1967e-08 0.000999983 8.93002e-05 8.25417e-06 6.06572e-15 0.000598681 0.000164232 2.39766e-14 7.65255e-22 1.24219e-30 3.2217e-38 1.7645e-46 1.34858e-54 9.75633e-63 1.42563 0.042107 0.450574 0.000352871
7.56654e-08 0.000999979 9.43333e-05 7.17976e-06 4.79572e-15 0.000587849 0.000161802 1.94596e-14 6.2734e-22 9.36708e-31 2.41515e-38 1.30116e-46 9.90399e-55 7.09409e-63 1.4315 0.0408541 0.451147 0.000381834
7.95486e-08 0.000999975 9.95714e-05 6.21857e-06 3.76437e-15 0.000576734 0.000159209 1.56691e-14 5.09759e-22 6.99186e-31 1.78932e-38 9.49413e-47 7.19169e-55 5.10157e-63 1.43723 0.0396238 0.451754 0.000413527
8.36261e-08 0.00099997 0.00010502 5.36307e-06 2.93355e-15 0.000565324 0.000156465 1.25176e-14 4.10583e-22 5.16635e-31 1.31025e-38 6.85553e-47 5.16428e-55 3.62877e-63 1.44282 0.0384197 0.4524 0.000448237
8.79074e-08 0.000999965 0.000110684 4.60557e-06 2.26969e-15 0.000553604 0.000153586 9.92152e-15 3.27819e-22 3.77942e-31 9.48389e-39 4.89944e-47 3.66801e-55 2.55346e-63 1.44827 0.0372449 0.453085 0.000486277
9.24027e-08 0.000999964 0.00011657 3.93839e-06 1.74357e-15 0.000541561 0.000150584 7.80277e-15 2.59485e-22 2.73771e-31 6.78686e-39 3.46618e-47 2.57751e-55 1.77786e-63 1.45358 0.036101 0.453814 0.000528084
9.71229e-08 0.000999963 0.000122684 3.35383e-06 1.32999e-15 0.000529183 0.000147477 6.08943e-15 2.03654e-22 1.96404e-31 4.80271e-39 2.42797e-47 1.79236e-55 1.22506e-63 1.45875 0.0349911 0.454588 0.000573939
1.02079e-07 0.000999961 0.000129032 2.84437e-06 1.00753e-15 0.000516456 0.000144282 4.71664e-15 1.5851e-22 1.39579e-31 3.36165e-39 1.68435e-47 1.23379e-55 8.35661e-64 1.46378 0.0339168 0.455408 0.000624224
1.07283e-07 0.000999959 0.000135621 2.40271e-06 7.58119e-16 0.000503369 0.000141014 3.62673e-15 1.2238e-22 9.82944e-32 2.32813e-39 1.15759e-47 8.41012e-56 5.64486e-64 1.46868 0.0328793 0.456279 0.000679339
1.12747e-07 0.000999957 0.000142456 2.02184e-06 5.66758e-16 0.00048991 0.000137688 2.76917e-15 9.37539e-23 6.86171e-32 1.59595e-39 7.88445e-48 5.67924e-56 3.77742e-64 1.47343 0.0318796 0.457202 0.000739692
1.18484e-07 0.000999954 0.000149543 1.69511e-06 4.21079e-16 0.000476068 0.000134321 2.1004e-15 7.12944e-23 4.75029e-32 1.0834e-39 5.32445e-48 3.80114e-56 2.50529e-64 1.47805 0.0309181 0.45818 0.000805696
1.24509e-07 0.000999951 0.000156888 1.41628e-06 3.11024e-16 0.000461833 0.000130928 1.58336e-15 5.384e-23 3.26296e-32 7.28694e-40 3.56688e-48 2.52299e-56 1.64769e-64 1.48254 0.0299949 0.459214 0.000877755
1.30834e-07 0.000999948 0.000164496 1.17953e-06 2.28495e-16 0.000447199 0.000127522 1.18695e-15 4.03987e-23 2.22517e-32 4.8591e-40 2.37177e-48 1.66177e-56 1.07527e-64 1.48689 0.0291097 0.460308 0.000956252
1.37476e-07 0.000999948 0.000172371 9.7999e-07 1.67271e-16 0.000432158 0.00012412 8.86551e-16 3.01755e-23 1.51055e-32 3.22124e-40 1.57009e-48 1.08951e-56 6.98526e-65 1.49111 0.0282631 0.461463 0.00104176
1.4445e-07 0.000999947 0.000180515 8.12168e-07 1.21944e-16 0.000416711 0.000120736 6.59653e-16 2.24286e-23 1.01975e-32 2.12084e-40 1.03347e-48 7.10116e-57 4.51086e-65 1.4952 0.0274537 0.46268 0.00113441
1.51772e-07 0.000999947 0.000188927 6.71668e-07 8.85921e-17 0.00040086 0.000117383 4.89499e-16 1.66022e-23 6.85205e-33 1.38807e-40 6.77003e-49 4.60554e-57 2.89844e-65 1.49915 0.0266809 0.463959 0.00123442
1.59461e-07 0.000999946 0.000197605 5.54555e-07 6.41919e-17 0.000384613 0.000114075 3.62745e-16 1.22504e-23 4.5873e-33 9.04024e-41 4.41827e-49 2.97543e-57 1.8551e-65 1.50296 0.0259441 0.4653 0.00134195
1.67534e-07 0.000999945 0.000206542 4.57339e-07 4.64315e-17 0.000367983 0.000110824 2.689e-16 9.02002e-24 3.06326e-33 5.86554e-41 2.87599e-49 1.91715e-57 1.18412e-65 1.50665 0.0252423 0.466701 0.00145702
1.7601e-07 0.000999944 0.000215729 3.76947e-07 3.35617e-17 0.000350991 0.000107642 1.99805e-16 6.63492e-24 2.04284e-33 3.79612e-41 1.8696e-49 1.23358e-57 7.54791e-66 1.51019 0.0245747 0.468161 0.00157953
1.84911e-07 0.000999943 0.000225149 3.10699e-07 2.42707e-17 0.000333666 0.00010454 1.49183e-16 4.88185e-24 1.36235e-33 2.45397e-41 1.21548e-49 7.93798e-58 4.81169e-66 1.5136 0.0239402 0.469676 0.00170925
1.94257e-07 0.000999942 0.000234784 2.56277e-07 1.75832e-17 0.000316046 0.000101528 1.1226e-16 3.59789e-24 9.09871e-34 1.58685e-41 7.91476e-50 5.11634e-58 3.07253e-66 1.51686 0.023338 0.471242 0.00184577
2.04069e-07 0.00099994 0.000244607 2.11691e-07 1.278e-17 0.000298179 9.86173e-05 8.5435e-17 2.65994e-24 6.09507e-34 1.02807e-41 5.17043e-50 3.30856e-58 1.96861e-66 1.51998 0.0227672 0.472853 0.00198851
2.14373e-07 0.000999939 0.000254586 1.75248e-07 9.33452e-18 0.000280125 9.58153e-05 6.60205e-17 1.97578e-24 4.10203e-34 6.68416e-42 3.39439e-50 2.15037e-58 1.26786e-66 1.52294 0.0222268 0.474503 0.00213674
2.25191e-07 0.000999937 0.00026468 1.45515e-07 6.8641e-18 0.000261954 9.31304e-05 5.20253e-17 1.47699e-24 2.77831e-34 4.36878e-42 2.24347e-50 1.40728e-58 8.22319e-67 1.52576 0.0217161 0.476181 0.00228953
2.36551e-07 0.000999936 0.000274844 1.2129e-07 5.09207e-18 0.000243748 9.05695e-05 4.1987e-17 1.11313e-24 1.89711e-34 2.87561e-42 1.49556e-50 9.29105e-59 5.38158e-67 1.52841 0.0212344 0.47788 0.00244581
2.48479e-07 0.000999935 0.000285025 1.01572e-07 3.81958e-18 0.000225599 8.81386e-05 3.48388e-17 8.47293e-25 1.3083e-34 1.90956e-42 1.00746e-50 6.20004e-59 3.56064e-67 1.5309 0.0207809 0.479588 0.00260435
2.61003e-07 0.000999935 0.000295166 8.55276e-08 2.90427e-18 0.00020761 8.58426e-05 2.98084e-17 6.5261e-25 9.12835e-35 1.28156e-42 6.87056e-51 4.18983e-59 2.38636e-67 1.53321 0.020355 0.481293 0.00276384
2.74153e-07 0.000999935 0.000305202 7.2474e-08 2.24462e-18 0.000189891 8.36854e-05 2.63404e-17 5.09604e-25 6.45508e-35 8.70745e-43 4.7521e-51 2.87258e-59 1.62313e-67 1.53536 0.0199562 0.482983 0.00292288
2.8796e-07 0.000999935 0.000315067 6.18492e-08 1.76843e-18 0.000172555 8.16696e-05 2.40388e-17 4.04209e-25 4.63392e-35 5.99919e-43 3.33925e-51 2.00163e-59 1.12242e-67 1.53732 0.019584 0.484646 0.00308005
3.02458e-07 0.000999935 0.000324693 5.31951e-08 1.42442e-18 0.000155721 7.97966e-05 2.26236e-17 3.2629e-25 3.38217e-35 4.19747e-43 2.38764e-51 1.41981e-59 7.90429e-68 1.5391 0.0192378 0.486269 0.00323393
3.17681e-07 0.000999936 0.000334012 4.61391e-08 1.17624e-18 0.000139503 7.80668e-05 2.18996e-17 2.68563e-25 2.51322e-35 2.98637e-43 1.7396e-51 1.02668e-59 5.6768e-68 1.54069 0.0189172 0.487839 0.00338318
3.33665e-07 0.000999936 0.000342959 4.03794e-08 9.98147e-19 0.000124013 7.64791e-05 2.17333e-17 2.25798e-25 1.90354e-35 2.16289e-43 1.29301e-51 7.5774e-60 4.16307e-68 1.54209 0.0186218 0.489345 0.00352654
3.50449e-07 0.00099994 0.00035147 3.56409e-08 8.70608e-19 0.000109366 7.50301e-05 2.20399e-17 1.93869e-25 1.46567e-35 1.5891e-43 9.77383e-52 5.68915e-60 3.10663e-68 1.54329 0.0183505 0.490774 0.00366245
3.68071e-07 0.000999944 0.000359496 3.17662e-08 7.82643e-19 9.56318e-05 7.37178e-05 2.27639e-17 1.70633e-25 1.15249e-35 1.19051e-43 7.55114e-52 4.36806e-60 2.37185e-68 1.5443 0.0181039 0.492121 0.00379046
3.86574e-07 0.000999947 0.000366998 2.85946e-08 7.24936e-19 8.28831e-05 7.2538e-05 2.38744e-17 1.5415e-25 9.25915e-36 9.09719e-44 5.96496e-52 3.43092e-60 1.85344e-68 1.54512 0.0178811 0.493378 0.00390989
4.06003e-07 0.00099995 0.000373941 2.59963e-08 6.90951e-19 7.11726e-05 7.14852e-05 2.53595e-17 1.43064e-25 7.60201e-36 7.09057e-44 4.81806e-52 2.75699e-60 1.48247e-68 1.54574 0.0176816 0.494541 0.00402025
4.26403e-07 0.000999952 0.000380306 2.38669e-08 6.76128e-19 6.05329e-05 7.05532e-05 2.72217e-17 1.36457e-25 6.37801e-36 5.63538e-44 3.9782e-52 2.26589e-60 1.21334e-68 1.54618 0.0175049 0.495607 0.00412124
4.47824e-07 0.000999959 0.000386084 2.21221e-08 6.77321e-19 5.09763e-05 6.97353e-05 2.94741e-17 1.33738e-25 5.46665e-36 4.56439e-44 3.35581e-52 1.90354e-60 1.01556e-68 1.54644 0.0173504 0.496575 0.00421278
4.70315e-07 0.000999961 0.000391279 2.06936e-08 6.924e-19 4.24912e-05 6.90233e-05 3.21381e-17 1.34574e-25 4.78449e-36 3.76447e-44 2.88953e-52 1.63313e-60 8.68474e-69 1.54653 0.0172175 0.497447 0.00429498
4.9393e-07 0.000999972 0.000395905 1.95258e-08 7.19952e-19 3.50506e-05 6.84096e-05 3.52409e-17 1.38835e-25 4.27332e-36 3.15825e-44 2.53681e-52 1.42926e-60 7.57927e-69 1.54644 0.0171056 0.498224 0.00436812
5.18727e-07 0.000999979 0.000399988 1.85733e-08 7.59091e-19 2.86058e-05 6.78851e-05 3.88137e-17 1.46559e-25 3.89244e-36 2.69229e-44 2.26782e-52 1.27423e-60 6.7409e-69 1.5462 0.0170141 0.498912 0.00443261
5.44763e-07 0.000999984 0.000403559 1.7799e-08 8.09285e-19 2.30954e-05 6.74411e-05 4.28898e-17 1.57934e-25 3.61336e-36 2.32931e-44 2.06131e-52 1.15551e-60 6.10035e-69 1.5458 0.0169424 0.499516 0.00448901
5.72102e-07 0.000999987 0.000406659 1.71719e-08 8.70246e-19 1.84465e-05 6.70689e-05 4.75029e-17 1.73278e-25 3.41632e-36 2.04311e-44 1.90198e-52 1.0641e-60 5.60812e-69 1.54527 0.0168898 0.500043 0.00453792
6.00807e-07 0.000999988 0.000409333 1.66665e-08 9.41847e-19 1.45784e-05 6.676e-05 5.26853e-17 1.93029e-25 3.28803e-36 1.81524e-44 1.77862e-52 9.9344e-61 5.22829e-69 1.5446 0.0168558 0.5005 0.00458003
6.30947e-07 0.000999989 0.000411627 1.62612e-08 1.02405e-18 1.14052e-05 6.65059e-05 5.84668e-17 2.17738e-25 3.22014e-36 1.6328e-44 1.6829e-52 9.38684e-61 4.93438e-69 1.54382 0.0168395 0.500896 0.00461604
6.62594e-07 0.00099999 0.000413589 1.59379e-08 1.11685e-18 8.84021e-06 6.62989e-05 6.48731e-17 2.48063e-25 3.20826e-36 1.48698e-44 1.60854e-52 8.96188e-61 4.70658e-69 1.54294 0.0168402 0.501237 0.00464664
6.95824e-07 0.00099999 0.000415266 1.56814e-08 1.22027e-18 6.79803e-06 6.61316e-05 7.19252e-17 2.84761e-25 3.25136e-36 1.3721e-44 1.55074e-52 8.63178e-61 4.52982e-69 1.54196 0.0168572 0.501531 0.00467251
7.30715e-07 0.00099999 0.000416704 1.54788e-08 1.33429e-18 5.19735e-06 6.59973e-05 7.96388e-17 3.2869e-25 3.35148e-36 1.28503e-44 1.50579e-52 8.37506e-61 4.39252e-69 1.5409 0.0168894 0.501786 0.00469431
7.67351e-07 0.00099999 0.000417942 1.53193e-08 1.4589e-18 3.96273e-06 6.58898e-05 8.80245e-17 3.80802e-25 3.51354e-36 1.22483e-44 1.47077e-52 8.17495e-61 4.28561e-69 1.53977 0.016936 0.502007 0.00471262
8.05818e-07 0.000999991 0.000419021 1.51936e-08 1.59403e-18 3.02598e-06 6.5804e-05 9.70882e-17 4.42142e-25 3.74541e-36 1.1926e-44 1.44337e-52 8.01825e-61 4.202e-69 1.53858 0.0169958 0.502202 0.00472799
8.46209e-07 0.000999991 0.000419973 1.50943e-08 1.73961e-18 2.32698e-06 6.5735e-05 1.06832e-16 5.1385e-25 4.05803e-36 1.19136e-44 1.42179e-52 7.89452e-61 4.13606e-69 1.53733 0.0170676 0.502376 0.0047409
8.8862e-07 0.000999991 0.000420827 1.50151e-08 1.89556e-18 1.81397e-06 6.56792e-05 1.17255e-16 5.97166e-25 4.46562e-36 1.2262e-44 1.40457e-52 7.7955e-61 4.08338e-69 1.53603 0.0171502 0.502532 0.00475177
9.33151e-07 0.000999991 0.000421609 1.49509e-08 2.06182e-18 1.44346e-06 6.56331e-05 1.28357e-16 6.93438e-25 4.98603e-36 1.30439e-44 1.39061e-52 7.71472e-61 4.04047e-69 1.53469 0.0172422 0.502676 0.00476097
9.79908e-07 0.000999991 0.000422339 1.48978e-08 2.23833e-18 1.17978e-06 6.55942e-05 1.40136e-16 8.0413e-25 5.64115e-36 1.43563e-44 1.37902e-52 7.64712e-61 4.00462e-69 1.53331 0.0173422 0.50281 0.00476882
1.029e-06 0.000999991 0.000423034 1.48525e-08 2.42512e-18 9.94395e-07 6.55604e-05 1.52593e-16 9.30841e-25 6.45743e-36 1.63237e-44 1.36914e-52 7.58885e-61 3.97377e-69 1.53189 0.017449 0.502938 0.00477558
1.08055e-06 0.000999991 0.000423707 1.48127e-08 2.62223e-18 8.65058e-07 6.553e-05 1.65733e-16 1.07532e-24 7.46654e-36 1.91031e-44 1.3605e-52 7.53701e-61 3.94634e-69 1.53043 0.0175613 0.503062 0.00478145
1.13468e-06 0.000999991 0.000424369 1.47765e-08 2.82979e-18 7.74857e-07 6.5502e-05 1.79562e-16 1.2395e-24 8.70615e-36 2.28885e-44 1.35276e-52 7.48946e-61 3.92118e-69 1.52894 0.0176779 0.503183 0.00478661
1.19152e-06 0.000999991 0.000425027 1.47426e-08 3.04801e-18 7.1129e-07 6.54753e-05 1.94093e-16 1.42548e-24 1.02208e-35 2.79184e-44 1.34569e-52 7.44473e-61 3.89745e-69 1.52741 0.0177976 0.503302 0.00479121
1.25119e-06 0.000999991 0.000425689 1.47102e-08 3.27714e-18 6.65375e-07 6.54493e-05 2.09342e-16 1.63561e-24 1.20632e-35 3.44838e-44 1.33918e-52 7.40179e-61 3.87458e-69 1.52585 0.0179195 0.503422 0.00479534
1.31385e-06 0.000999991 0.000426357 1.46786e-08 3.51753e-18 6.30845e-07 6.54237e-05 2.25331e-16 1.87248e-24 1.42951e-35 4.29375e-44 1.3332e-52 7.36005e-61 3.85216e-69 1.52425 0.0180425 0.503542 0.0047991
1.37964e-06 0.000999991 0.000427035 1.46474e-08 3.76958e-18 6.03461e-07 6.53981e-05 2.42085e-16 2.13894e-24 1.69893e-35 5.37064e-44 1.32781e-52 7.3192e-61 3.82994e-69 1.52261 0.0181658 0.503664 0.00480254
1.44873e-06 0.000999991 0.000427725 1.46162e-08 4.03376e-18 5.80445e-07 6.53724e-05 2.59633e-16 2.43815e-24 2.02312e-35 6.73046e-44 1.32313e-52 7.27921e-61 3.80777e-69 1.52094 0.0182886 0.503786 0.00480573
1.52126e-06 0.000999991 0.000428429 1.45851e-08 4.31058e-18 5.60037e-07 6.53463e-05 2.78009e-16 2.77361e-24 2.41209e-35 8.43498e-44 1.31939e-52 7.24027e-61 3.78555e-69 1.51922 0.0184102 0.503911 0.00480868
1.59743e-06 0.000999991 0.000429147 1.45539e-08 4.6006e-18 5.41158e-07 6.532e-05 2.97248e-16 3.14918e-24 2.87754e-35 1.05582e-43 1.31688e-52 7.2028e-61 3.76325e-69 1.51748 0.0185299 0.504038 0.00481144
1.6774e-06 0.000999991 0.00042988 1.45226e-08 4.90444e-18 5.23172e-07 6.52932e-05 3.17391e-16 3.56913e-24 3.43317e-35 1.31886e-43 1.31605e-52 7.16745e-61 3.74084e-69 1.51569 0.018647 0.504167 0.00481402
1.76137e-06 0.000999991 0.000430629 1.44911e-08 5.22277e-18 5.05713e-07 6.52661e-05 3.3848e-16 4.03817e-24 4.095e-35 1.64318e-43 1.31744e-52 7.13517e-61 3.71835e-69 1.51387 0.0187609 0.504298 0.00481645
1.84953e-06 0.000999991 0.000431392 1.44596e-08 5.55627e-18 4.88581e-07 6.52386e-05 3.60559e-16 4.56151e-24 4.88172e-35 2.04133e-43 1.32183e-52 7.1073e-61 3.69579e-69 1.51201 0.0188709 0.504431 0.00481873
1.94211e-06 0.000999991 0.000432171 1.4428e-08 5.90569e-18 4.71672e-07 6.52108e-05 3.83677e-16 5.14488e-24 5.81516e-35 2.52824e-43 1.33021e-52 7.08563e-61 3.6732e-69 1.51011 0.0189764 0.504567 0.00482088
2.03932e-06 0.000999991 0.000432965 1.43965e-08 6.27182e-18 4.54931e-07 6.51826e-05 4.07885e-16 5.79462e-24 6.92079e-35 3.12161e-43 1.34388e-52 7.07257e-61 3.65062e-69 1.50819 0.0190768 0.504705 0.00482291
2.14138e-06 0.000999991 0.000433774 1.4365e-08 6.65549e-18 4.38336e-07 6.51541e-05 4.33237e-16 6.51774e-24 8.22831e-35 3.84241e-43 1.36455e-52 7.07139e-61 3.62811e-69 1.50622 0.0191715 0.504845 0.00482483
2.24855e-06 0.000999991 0.000434596 1.43336e-08 7.05758e-18 4.21879e-07 6.51254e-05 4.59789e-16 7.32196e-24 9.77235e-35 4.71541e-43 1.39447e-52 7.08641e-61 3.60574e-69 1.50423 0.0192599 0.504987 0.00482664
2.36108e-06 0.000999991 0.000435432 1.43025e-08 7.47902e-18 4.05562e-07 6.50964e-05 4.87603e-16 8.21582e-24 1.15932e-34 5.76989e-43 1.43654e-52 7.12345e-61 3.58359e-69 1.50221 0.0193415 0.505131 0.00482834
2.47923e-06 0.000999991 0.000436281 1.42717e-08 7.9208e-18 3.89392e-07 6.50672e-05 5.16741e-16 9.20874e-24 1.3738e-34 7.04037e-43 1.49458e-52 7.19021e-61 3.56177e-69 1.50016 0.0194157 0.505278 0.00482995
2.6033e-06 0.000999991 0.000437142 1.42412e-08 8.38394e-18 3.7338e-07 6.50378e-05 5.47273e-16 1.03111e-23 1.62614e-34 8.56751e-43 1.57353e-52 7.29694e-61 3.5404e-69 1.49808 0.019482 0.505425 0.00483146
2.73356e-06 0.000999991 0.000438014 1.42111e-08 8.86956e-18 3.5754e-07 6.50083e-05 5.7927e-16 1.15345e-23 1.92271e-34 1.03992e-42 1.67984e-52 7.4572e-61 3.51968e-69 1.49598 0.0195401 0.505575 0.00483287
2.87034e-06 0.000999991 0.000438896 1.41816e-08 9.37882e-18 3.41885e-07 6.49787e-05 6.12807e-16 1.28916e-23 2.27095e-34 1.25917e-42 1.82187e-52 7.68894e-61 3.49983e-69 1.49386 0.0195894 0.505726 0.0048342
3.01395e-06 0.000999991 0.000439787 1.41527e-08 9.91296e-18 3.26434e-07 6.4949e-05 6.47966e-16 1.43964e-23 2.6795e-34 1.52113e-42 2.01049e-52 8.01587e-61 3.48117e-69 1.49172 0.0196296 0.505878 0.00483544
3.16475e-06 0.000999991 0.000440685 1.41245e-08 1.04733e-17 3.11204e-07 6.49194e-05 6.84832e-16 1.60645e-23 3.15842e-34 1.83356e-42 2.25979e-52 8.46923e-61 3.46415e-69 1.48957 0.0196604 0.506031 0.00483659
3.32309e-06 0.000999991 0.000441589 1.40972e-08 1.10611e-17 2.96212e-07 6.48898e-05 7.23496e-16 1.79131e-23 3.71944e-34 2.2056e-42 2.58803e-52 9.09016e-61 3.44937e-69 1.48741 0.0196815 0.506185 0.00483766
3.48934e-06 0.000999991 0.000442498 1.40708e-08 1.1678e-17 2.81477e-07 6.48603e-05 7.64054e-16 1.99612e-23 4.37618e-34 2.64795e-42 3.01886e-52 9.93273e-61 3.43769e-69 1.48524 0.0196927 0.506339 0.00483865
3.66391e-06 0.000999991 0.000443409 1.40454e-08 1.23255e-17 2.67019e-07 6.4831e-05 8.06607e-16 2.22298e-23 5.14454e-34 3.17318e-42 3.58289e-52 1.10679e-60 3.43031e-69 1.48307 0.0196939 0.506494 0.00483955
3.84721e-06 0.000999991 0.000444322 1.40211e-08 1.30052e-17 2.52854e-07 6.48019e-05 8.51266e-16 2.47424e-23 6.04302e-34 3.79603e-42 4.31974e-52 1.25888e-60 3.42895e-69 1.4809 0.0196851 0.506648 0.00484038
4.03967e-06 0.000999991 0.000445234 1.39982e-08 1.37188e-17 2.39003e-07 6.47731e-05 8.98143e-16 2.75246e-23 7.09313e-34 4.53376e-42 5.28061e-52 1.46172e-60 3.43602e-69 1.47874 0.0196663 0.506803 0.00484114
4.24175e-06 0.000999991 0.000446144 1.39766e-08 1.44681e-17 2.25481e-07 6.47446e-05 9.47361e-16 3.0605e-23 8.31996e-34 5.40662e-42 6.53171e-52 1.73128e-60 3.455e-69 1.47658 0.0196376 0.506956 0.00484182
4.45394e-06 0.000999991 0.00044705 1.39565e-08 1.52553e-17 2.12304e-07 6.47165e-05 9.99049e-16 3.40153e-23 9.75271e-34 6.43837e-42 8.15858e-52 2.08839e-60 3.4908e-69 1.47444 0.0195991 0.507109 0.00484244
4.67674e-06 0.000999991 0.000447949 1.3938e-08 1.60821e-17 1.99497e-07 6.46888e-05 1.05334e-15 3.77904e-23 1.14254e-33 7.65671e-42 1.02716e-51 2.5603e-60 3.55049e-69 1.47233 0.0195512 0.50726 0.00484301
4.91067e-06 0.000999991 0.000448839 1.39213e-08 1.69509e-17 1.87066e-07 6.46616e-05 1.11039e-15 4.19693e-23 1.33775e-33 9.0943e-42 1.30136e-51 3.18254e-60 3.64411e-69 1.47023 0.0194942 0.50741 0.00484351
5.15631e-06 0.000999991 0.000449719 1.39064e-08 1.7864e-17 1.75028e-07 6.4635e-05 1.17034e-15 4.65949e-23 1.56554e-33 1.07893e-41 1.65685e-51 4.00147e-60 3.78605e-69 1.46817 0.0194286 0.507558 0.00484397
5.41422e-06 0.000999991 0.000450586 1.38935e-08 1.88237e-17 1.63399e-07 6.46091e-05 1.23336e-15 5.17149e-23 1.83126e-33 1.27863e-41 2.11742e-51 5.07749e-60 3.99688e-69 1.46614 0.019355 0.507704 0.00484438
5.68503e-06 0.000999991 0.000451439 1.38828e-08 1.98326e-17 1.5219e-07 6.45838e-05 1.29962e-15 5.73822e-23 2.1412e-33 1.51378e-41 2.71373e-51 6.48932e-60 4.30596e-69 1.46415 0.0192738 0.507847 0.00484476
5.96938e-06 0.000999991 0.000452274 1.38743e-08 2.08935e-17 1.41412e-07 6.45592e-05 1.36929e-15 6.36552e-23 2.50263e-33 1.79049e-41 3.48537e-51 8.33941e-60 4.75527e-69 1.46221 0.0191858 0.507987 0.00484511
6.26795e-06 0.000999991 0.00045309 1.38681e-08 2.20091e-17 1.31076e-07 6.45354e-05 1.44259e-15 7.05989e-23 2.92407e-33 2.11595e-41 4.48339e-51 1.07611e-59 5.4048e-69 1.46031 0.0190917 0.508124 0.00484544
6.58145e-06 0.000999991 0.000453885 1.38645e-08 2.31825e-17 1.21189e-07 6.45124e-05 1.51969e-15 7.82852e-23 3.41544e-33 2.49855e-41 5.77368e-51 1.39278e-59 6.34025e-69 1.45847 0.0189923 0.508257 0.00484576
6.91062e-06 0.000999991 0.000454657 1.38635e-08 2.44168e-17 1.1176e-07 6.44903e-05 1.60083e-15 8.67938e-23 3.98827e-33 2.94813e-41 7.44119e-51 1.80649e-59 7.68401e-69 1.45668 0.0188885 0.508386 0.00484608
7.25626e-06 0.000999991 0.000455403 1.38652e-08 2.57153e-17 1.02794e-07 6.44691e-05 1.68623e-15 9.6213e-23 4.65603e-33 3.47619e-41 9.59553e-51 2.34655e-59 9.61087e-69 1.45496 0.0187811 0.508511 0.0048464
7.61917e-06 0.000999991 0.000456123 1.38698e-08 2.70815e-17 9.42938e-08 6.44489e-05 1.77611e-15 1.0664e-22 5.43441e-33 4.09619e-41 1.2378e-50 3.05102e-59 1.23704e-68 1.4533 0.018671 0.508632 0.00484673
8.00023e-06 0.000999991 0.000456815 1.38774e-08 2.85191e-17 8.62629e-08 6.44296e-05 1.87074e-15 1.18185e-22 6.34169e-33 4.82388e-41 1.5971e-50 3.96933e-59 1.63189e-68 1.45172 0.0185591 0.508748 0.00484708
8.40034e-06 0.000999991 0.000457477 1.38881e-08 3.0032e-17 7.87014e-08 6.44114e-05 1.97037e-15 1.30966e-22 7.39917e-33 5.67767e-41 2.06094e-50 5.16564e-59 2.1965e-68 1.4502 0.0184462 0.508859 0.00484746
8.82045e-06 0.000999991 0.000458108 1.3902e-08 3.1624e-17 7.16078e-08 6.43942e-05 2.07529e-15 1.45116e-22 8.63168e-33 6.67908e-41 2.65964e-50 6.72322e-59 3.00342e-68 1.44876 0.0183333 0.508965 0.00484788
9.26158e-06 0.00099999 0.000458707 1.39193e-08 3.32994e-17 6.49789e-08 6.4378e-05 2.18577e-15 1.60782e-22 1.00681e-32 7.85326e-41 3.43227e-50 8.75007e-59 4.15623e-68 1.4474 0.0182212 0.509066 0.00484834
9.72476e-06 0.00099999 0.000459273 1.394e-08 3.50626e-17 5.88096e-08 6.4363e-05 2.30212e-15 1.78128e-22 1.17422e-32 9.22959e-41 4.42919e-50 1.13862e-58 5.80263e-68 1.44611 0.0181105 0.509162 0.00484885
1.02111e-05 0.00099999 0.000459806 1.39643e-08 3.69182e-17 5.30926e-08 6.4349e-05 2.42466e-15 1.97332e-22 1.36932e-32 1.08424e-40 5.71534e-50 1.48131e-58 8.15334e-68 1.44491 0.0180022 0.509252 0.00484942
1.07217e-05 0.00099999 0.000460305 1.39922e-08 3.88708e-17 4.78188e-08 6.43361e-05 2.55372e-15 2.18593e-22 1.59667e-32 1.27316e-40 7.37438e-50 1.92659e-58 1.15089e-67 1.44378 0.0178966 0.509337 0.00485004
1.12579e-05 0.00099999 0.000460771 1.40238e-08 4.09255e-17 4.29772e-08 6.43242e-05 2.68964e-15 2.42131e-22 1.8616e-32 1.4944e-40 9.51411e-50 2.5049e-58 1.62976e-67 1.44274 0.0177945 0.509417 0.00485072
1.18209e-05 0.00099999 0.000461204 1.40594e-08 4.30873e-17 3.85546e-08 6.43135e-05 2.83277e-15 2.68187e-22 2.17026e-32 1.75333e-40 1.22733e-49 3.2562e-58 2.31345e-67 1.44177 0.0176963 0.509491 0.00485147
1.24121e-05 0.00099999 0.000461603 1.40988e-08 4.53616e-17 3.45364e-08 6.43037e-05 2.98349e-15 2.97029e-22 2.52988e-32 2.0564e-40 1.58309e-49 4.23114e-58 3.28877e-67 1.44088 0.0176023 0.50956 0.00485229
1.30328e-05 0.00099999 0.000461972 1.41423e-08 4.7754e-17 3.09058e-08 6.4295e-05 3.1422e-15 3.28952e-22 2.94882e-32 2.41096e-40 2.04172e-49 5.49575e-58 4.67983e-67 1.44006 0.0175129 0.509624 0.00485318
1.36845e-05 0.00099999 0.000462309 1.419e-08 5.02701e-17 2.76445e-08 6.42872e-05 3.30928e-15 3.64282e-22 3.43683e-32 2.82559e-40 2.63287e-49 7.13535e-58 6.66341e-67 1.43932 0.017428 0.509684 0.00485413
1.43688e-05 0.00099999 0.000462616 1.42418e-08 5.29158e-17 2.47328e-08 6.42805e-05 3.48517e-15 4.03376e-22 4.00521e-32 3.31028e-40 3.39469e-49 9.26017e-58 9.49124e-67 1.43864 0.017348 0.509738 0.00485515
1.50874e-05 0.00099999 0.000462896 1.4298e-08 5.56974e-17 2.21494e-08 6.42746e-05 3.67029e-15 4.4663e-22 4.6671e-32 3.87664e-40 4.37626e-49 1.20125e-57 1.35216e-66 1.43803 0.0172726 0.509789 0.00485624
1.58419e-05 0.00099999 0.000463149 1.43586e-08 5.86211e-17 1.98724e-08 6.42695e-05 3.8651e-15 4.94479e-22 5.43777e-32 4.53816e-40 5.64071e-49 1.55758e-57 1.92645e-66 1.43749 0.0172019 0.509835 0.00485739
1.66341e-05 0.00099999 0.000463378 1.44237e-08 6.16934e-17 1.78788e-08 6.42653e-05 4.07007e-15 5.47401e-22 6.33492e-32 5.31049e-40 7.26916e-49 2.01867e-57 2.74452e-66 1.437 0.0171355 0.509877 0.0048586
1.74659e-05 0.00099999 0.000463584 1.44934e-08 6.49213e-17 1.61451e-08 6.42619e-05 4.28568e-15 6.05922e-22 7.37911e-32 6.21177e-40 9.36586e-49 2.61502e-57 3.90949e-66 1.43656 0.0170734 0.509916 0.00485987
1.83392e-05 0.00099999 0.00046377 1.45678e-08 6.83116e-17 1.46476e-08 6.42591e-05 4.51244e-15 6.70621e-22 8.59417e-32 7.26306e-40 1.20647e-48 3.38587e-57 5.56792e-66 1.43617 0.0170151 0.509952 0.0048612
1.92563e-05 0.00099999 0.000463937 1.4647e-08 7.18717e-17 1.33627e-08 6.42571e-05 4.75088e-15 7.42134e-22 1.00078e-31 8.48874e-40 1.55377e-48 4.38171e-57 7.92799e-66 1.43582 0.0169605 0.509985 0.00486257
2.02192e-05 0.00099999 0.000464088 1.47312e-08 7.56091e-17 1.22673e-08 6.42556e-05 5.00155e-15 8.21163e-22 1.16519e-31 9.91703e-40 2.00054e-48 5.66748e-57 1.12853e-65 1.43552 0.016909 0.510016 0.00486399
2.12303e-05 0.00099999 0.000464225 1.48205e-08 7.95316e-17 1.13389e-08 6.42548e-05 5.26501e-15 9.08474e-22 1.35637e-31 1.15806e-39 2.57509e-48 7.32659e-57 1.60594e-65 1.43524 0.0168603 0.510044 0.00486546
2.22919e-05 0.00099999 0.000464349 1.4915e-08 8.36473e-17 1.05561e-08 6.42544e-05 5.54188e-15 1.00492e-21 1.57863e-31 1.35173e-39 3.3137e-48 9.46614e-57 2.28451e-65 1.435 0.0168141 0.510071 0.00486696
2.34066e-05 0.00099999 0.000464462 1.50149e-08 8.79646e-17 9.89856e-09 6.42546e-05 5.83277e-15 1.11141e-21 1.83693e-31 1.57708e-39 4.26288e-48 1.22235e-56 3.24861e-65 1.43477 0.0167699 0.510096 0.0048685
2.4577e-05 0.00099999 0.000464567 1.51204e-08 9.24924e-17 9.34759e-09 6.42552e-05 6.13835e-15 1.22899e-21 2.13705e-31 1.83917e-39 5.48223e-48 1.5775e-56 4.61773e-65 1.43457 0.0167275 0.51012 0.00487007
2.5806e-05 0.00099999 0.000464664 1.52317e-08 9.72398e-17 8.88608e-09 6.42562e-05 6.45929e-15 1.35876e-21 2.48567e-31 2.14383e-39 7.04803e-48 2.03462e-56 6.56111e-65 1.43439 0.0166865 0.510143 0.00487167
2.70964e-05 0.00099999 0.000464756 1.5349e-08 1.02216e-16 8.49864e-09 6.42576e-05 6.79633e-15 1.50197e-21 2.8905e-31 2.49781e-39 9.05794e-48 2.62262e-56 9.31826e-65 1.43422 0.0166465 0.510166 0.00487329
2.84513e-05 0.00099999 0.000464843 1.54726e-08 1.07432e-16 8.17167e-09 6.42594e-05 7.15022e-15 1.65996e-21 3.36049e-31 2.90889e-39 1.16369e-47 3.37848e-56 1.3228e-64 1.43407 0.0166074 0.510188 0.00487493
2.9874e-05 0.00099999 0.000464926 1.56026e-08 1.12897e-16 7.89339e-09 6.42615e-05 7.52176e-15 1.83422e-21 3.90598e-31 3.38606e-39 1.49447e-47 4.34951e-56 1.87691e-64 1.43392 0.0165689 0.510209 0.00487659
3.13678e-05 0.00099999 0.000465007 1.57394e-08 1.18622e-16 7.65374e-09 6.4264e-05 7.9118e-15 2.02639e-21 4.53892e-31 3.93968e-39 1.91857e-47 5.59615e-56 2.66186e-64 1.43377 0.0165308 0.510231 0.00487827
3.29362e-05 0.00099999 0.000465086 1.58833e-08 1.24618e-16 7.44433e-09 6.42668e-05 8.32121e-15 2.23825e-21 5.27315e-31 4.58174e-39 2.46208e-47 7.19561e-56 3.77319e-64 1.43363 0.016493 0.510253 0.00487996
3.45832e-05 0.00099999 0.000465164 1.60346e-08 1.30898e-16 7.25829e-09 6.427e-05 8.75094e-15 2.47177e-21 6.12466e-31 5.326e-39 3.15836e-47 9.24647e-56 5.34578e-64 1.4335 0.0164553 0.510274 0.00488165
3.63124e-05 0.00099999 0.000465242 1.61936e-08 1.37474e-16 7.0901e-09 6.42735e-05 9.20196e-15 2.72913e-21 7.11193e-31 6.18838e-39 4.04997e-47 1.18745e-55 7.56991e-64 1.43337 0.0164176 0.510296 0.00488336
3.81281e-05 0.00099999 0.000465318 1.63608e-08 1.44358e-16 6.93544e-09 6.42774e-05 9.67531e-15 3.01269e-21 8.25633e-31 7.1872e-39 5.19127e-47 1.524e-55 1.07138e-63 1.43323 0.0163798 0.510318 0.00488508
4.00346e-05 0.00099999 0.000465395 1.65364e-08 1.51563e-16 6.79102e-09 6.42817e-05 1.01721e-14 3.32506e-21 9.58255e-31 8.34355e-39 6.65159e-47 1.95473e-55 1.51555e-63 1.4331 0.016342 0.510341 0.00488679
4.20365e-05 0.00099999 0.000465472 1.67209e-08 1.59104e-16 6.65437e-09 6.42864e-05 1.06934e-14 3.6691e-21 1.11191e-30 9.68173e-39 8.51936e-47 2.50567e-55 2.14271e-63 1.43297 0.016304 0.510364 0.00488852
4.41384e-05 0.00099999 0.00046555 1.69148e-08 1.66994e-16 6.52371e-09 6.42914e-05 1.12405e-14 4.04794e-21 1.2899e-30 1.12297e-38 1.09073e-46 3.20995e-55 3.02781e-63 1.43284 0.0162659 0.510387 0.00489024
4.63454e-05 0.00099999 0.000465627 1.71184e-08 1.75249e-16 6.39779e-09 6.42969e-05 1.18145e-14 4.46504e-21 1.49602e-30 1.30196e-38 1.39592e-46 4.10971e-55 4.27624e-63 1.4327 0.0162277 0.510411 0.00489197
4.86628e-05 0.00099999 0.000465705 1.73324e-08 1.83884e-16 6.27578e-09 6.43028e-05 1.2417e-14 4.92415e-21 1.73467e-30 1.50885e-38 1.7858e-46 5.25853e-55 6.03619e-63 1.43257 0.0161893 0.510436 0.0048937
5.1096e-05 0.00099999 0.000465784 1.75571e-08 1.92915e-16 6.15712e-09 6.43093e-05 1.30491e-14 5.42943e-21 2.01092e-30 1.74789e-38 2.28369e-46 6.7245e-55 8.51593e-63 1.43243 0.0161508 0.510461 0.00489543
5.36509e-05 0.00099999 0.000465862 1.77932e-08 2.02357e-16 6.04148e-09 6.43162e-05 1.37125e-14 5.98539e-21 2.33063e-30 2.02396e-38 2.91927e-46 8.5941e-55 1.2008e-62 1.4323 0.0161122 0.510486 0.00489715
5.63336e-05 0.00099999 0.000465942 1.80411e-08 2.1223e-16 5.92867e-09 6.43236e-05 1.44086e-14 6.59702e-21 2.70055e-30 2.34267e-38 3.73028e-46 1.09771e-54 1.69229e-62 1.43216 0.0160735 0.510512 0.00489888
5.91504e-05 0.00099999 0.000466021 1.83014e-08 2.22548e-16 5.81859e-09 6.43317e-05 1.5139e-14 7.26974e-21 3.12848e-30 2.71046e-38 4.76478e-46 1.40126e-54 2.38368e-62 1.43203 0.0160347 0.510539 0.0049006
6.2108e-05 0.00099999 0.000466101 1.85749e-08 2.33331e-16 5.7112e-09 6.43403e-05 1.59054e-14 8.00951e-21 3.62341e-30 3.1347e-38 6.08382e-46 1.78773e-54 3.35573e-62 1.43189 0.0159959 0.510566 0.00490233
6.52135e-05 0.00099999 0.000466181 1.8862e-08 2.44598e-16 5.6065e-09 6.43495e-05 1.67097e-14 8.82284e-21 4.1957e-30 3.62387e-38 7.76504e-46 2.27946e-54 4.72167e-62 1.43175 0.0159571 0.510594 0.00490405
6.84743e-05 0.00099999 0.000466261 1.91635e-08 2.56366e-16 5.50449e-09 6.43595e-05 1.75536e-14 9.71686e-21 4.8573e-30 4.18767e-38 9.90704e-46 2.90476e-54 6.64002e-62 1.43161 0.0159183 0.510622 0.00490577
7.18981e-05 0.00099999 0.000466342 1.94801e-08 2.68656e-16 5.40519e-09 6.43701e-05 1.8439e-14 1.06994e-20 5.62199e-30 4.83718e-38 1.26351e-45 3.69946e-54 9.33275e-62 1.43147 0.0158795 0.510651 0.00490748
7.54931e-05 0.00099999 0.000466422 1.98125e-08 2.81486e-16 5.3086e-09 6.43815e-05 1.93681e-14 1.17789e-20 6.50563e-30 5.58514e-38 1.61081e-45 4.70882e-54 1.31104e-61 1.43133 0.0158408 0.510681 0.0049092
7.92678e-05 0.00099999 0.000466503 2.01615e-08 2.94879e-16 5.21473e-09 6.43936e-05 2.0343e-14 1.29647e-20 7.5265e-30 6.44605e-38 2.05278e-45 5.99009e-54 1.8407e-61 1.43119 0.0158022 0.510712 0.00491091
8.32313e-05 0.00099999 0.000466583 2.05278e-08 3.08853e-16 5.12357e-09 6.44066e-05 2.13658e-14 1.42669e-20 8.70566e-30 7.43654e-38 2.615e-45 7.61549e-54 2.58293e-61 1.43105 0.0157636 0.510743 0.00491262
8.7393e-05 0.00099999 0.000466664 2.09124e-08 3.23431e-16 5.03512e-09 6.44204e-05 2.24391e-14 1.56968e-20 1.00673e-29 8.57556e-38 3.32989e-45 9.67619e-54 3.62245e-61 1.43091 0.0157251 0.510775 0.00491433
9.17627e-05 0.00099999 0.000466744 2.13162e-08 3.38632e-16 4.94935e-09 6.44352e-05 2.35651e-14 1.72662e-20 1.16394e-29 9.88476e-38 4.23855e-45 1.22871e-53 5.07748e-61 1.43077 0.0156868 0.510808 0.00491605
9.6351e-05 0.00099999 0.000466825 2.17399e-08 3.5448e-16 4.86624e-09 6.44509e-05 2.47465e-14 1.89885e-20 1.3454e-29 1.13888e-37 5.39301e-45 1.5593e-53 7.11294e-61 1.43063 0.0156486 0.510842 0.00491776
0.000101169 0.00099999 0.000466905 2.21846e-08 3.70996e-16 4.78574e-09 6.44677e-05 2.5986e-14 2.08781e-20 1.55479e-29 1.31158e-37 6.85913e-45 1.97761e-53 9.95865e-61 1.43049 0.0156106 0.510877 0.00491947
0.000106227 0.00099999 0.000466985 2.26514e-08 3.88202e-16 4.70782e-09 6.44855e-05 2.72864e-14 2.29504e-20 1.79636e-29 1.50979e-37 8.72023e-45 2.50657e-53 1.39347e-60 1.43035 0.0155727 0.510912 0.00492118
0.000111539 0.00099999 0.000467065 2.31411e-08 4.06119e-16 4.63243e-09 6.45044e-05 2.86506e-14 2.52227e-20 2.07499e-29 1.73712e-37 1.10817e-44 3.17497e-53 1.94867e-60 1.43021 0.015535 0.510949 0.0049229
0.000117116 0.00099999 0.000467144 2.36551e-08 4.2477e-16 4.55952e-09 6.45246e-05 3.00819e-14 2.77134e-20 2.39628e-29 1.99774e-37 1.40767e-44 4.01897e-53 2.72344e-60 1.43007 0.0154975 0.510987 0.00492461
0.000122972 0.00099999 0.000467224 2.41943e-08 4.44178e-16 4.48901e-09 6.45459e-05 3.15834e-14 3.04426e-20 2.76666e-29 2.29632e-37 1.78733e-44 5.08393e-53 3.80389e-60 1.42994 0.0154602 0.511025 0.00492633
0.00012912 0.00099999 0.000467302 2.476e-08 4.64363e-16 4.42085e-09 6.45686e-05 3.31585e-14 3.34323e-20 3.19351e-29 2.6382e-37 2.26839e-44 6.42668e-53 5.30964e-60 1.4298 0.0154231 0.511065 0.00492806
0.000135576 0.00099999 0.000467381 2.53535e-08 4.85347e-16 4.35497e-09 6.45927e-05 3.48108e-14 3.67061e-20 3.6853e-29 3.02941e-37 2.87763e-44 8.11837e-53 7.40665e-60 1.42966 0.0153863 0.511106 0.00492979
0.000142355 0.00099999 0.000467459 2.5976e-08 5.07151e-16 4.29129e-09 6.46181e-05 3.6544e-14 4.02897e-20 4.25175e-29 3.47677e-37 3.6488e-44 1.0248e-52 1.0325e-59 1.42952 0.0153496 0.511149 0.00493153
0.000149473 0.00099999 0.000467536 2.6629e-08 5.29797e-16 4.22974e-09 6.46451e-05 3.83621e-14 4.42111e-20 4.904e-29 3.988e-37 4.62443e-44 1.29266e-52 1.43836e-59 1.42939 0.0153133 0.511192 0.00493327
0.000156947 0.00099999 0.000467613 2.73138e-08 5.53303e-16 4.17023e-09 6.46737e-05 4.02691e-14 4.85005e-20 5.65481e-29 4.5718e-37 5.85807e-44 1.6293e-52 2.00235e-59 1.42925 0.0152771 0.511237 0.00493502
0.000164794 0.00099999 0.000467689 2.80319e-08 5.7769e-16 4.1127e-09 6.47039e-05 4.22692e-14 5.31903e-20 6.5188e-29 5.238e-37 7.41708e-44 2.05199e-52 2.78549e-59 1.42912 0.0152413 0.511284 0.00493678
0.000173034 0.00099999 0.000467764 2.87849e-08 6.02975e-16 4.05707e-09 6.47359e-05 4.43671e-14 5.83159e-20 7.51269e-29 5.99765e-37 9.38613e-44 2.58226e-52 3.87207e-59 1.42899 0.0152057 0.511331 0.00493855
0.000181686 0.00099999 0.000467839 2.95745e-08 6.29176e-16 4.00324e-09 6.47697e-05 4.65672e-14 6.39154e-20 8.65562e-29 6.86317e-37 1.18716e-43 3.24684e-52 5.37841e-59 1.42886 0.0151705 0.511381 0.00494033
0.00019077 0.00099999 0.000467913 3.04022e-08 6.56308e-16 3.95116e-09 6.48055e-05 4.88746e-14 7.00296e-20 9.96947e-29 7.84852e-37 1.50069e-43 4.07894e-52 7.46489e-59 1.42873 0.0151355 0.511432 0.00494212
0.000200309 0.00099999 0.000467985 3.12698e-08 6.84385e-16 3.90074e-09 6.48432e-05 5.12944e-14 7.67028e-20 1.14792e-28 8.96932e-37 1.89596e-43 5.11973e-52 1.03524e-58 1.4286 0.0151009 0.511485 0.00494392
0.000210324 0.00099999 0.000468057 3.21793e-08 7.1342e-16 3.85192e-09 6.48831e-05 5.38319e-14 8.39823e-20 1.32135e-28 1.02431e-36 2.39392e-43 6.42018e-52 1.43448e-58 1.42847 0.0150666 0.511539 0.00494573
0.000220841 0.00099999 0.000468128 3.31324e-08 7.43424e-16 3.80464e-09 6.49251e-05 5.64927e-14 9.19192e-20 1.52047e-28 1.16893e-36 3.02085e-43 8.0433e-52 1.98596e-58 1.42835 0.0150327 0.511596 0.00494756
0.000231883 0.00099999 0.000468197 3.41311e-08 7.74404e-16 3.75884e-09 6.49695e-05 5.92826e-14 1.00568e-19 1.74902e-28 1.33298e-36 3.80955e-43 1.00669e-51 2.747e-58 1.42822 0.0149992 0.511654 0.0049494
0.000243477 0.00099999 0.000468265 3.51776e-08 8.06367e-16 3.71447e-09 6.50163e-05 6.22079e-14 1.09987e-19 2.01122e-28 1.51887e-36 4.80107e-43 1.25867e-51 3.79614e-58 1.4281 0.0149661 0.511715 0.00495125
0.000255651 0.00099999 0.000468332 3.62739e-08 8.39315e-16 3.67148e-09 6.50656e-05 6.52747e-14 1.2024e-19 2.31189e-28 1.72931e-36 6.04657e-43 1.57206e-51 5.24094e-58 1.42799 0.0149335 0.511777 0.00495312
0.000268434 0.00099999 0.000468397 3.74224e-08 8.73249e-16 3.62985e-09 6.51176e-05 6.84899e-14 1.31392e-19 2.65651e-28 1.96727e-36 7.60988e-43 1.96135e-51 7.22841e-58 1.42787 0.0149014 0.511842 0.004955
0.000281856 0.00099999 0.000468461 3.86252e-08 9.08165e-16 3.58955e-09 6.51723e-05 7.18603e-14 1.43514e-19 3.05132e-28 2.23605e-36 9.57046e-43 2.44428e-51 9.95929e-58 1.42776 0.0148697 0.51191 0.0049569
0.000295948 0.00099999 0.000468522 3.98848e-08 9.44057e-16 3.55055e-09 6.523e-05 7.53932e-14 1.56683e-19 3.5034e-28 2.53928e-36 1.20271e-42 3.04254e-51 1.37072e-57 1.42765 0.0148386 0.511979 0.00495881
0.000310746 0.00099999 0.000468582 4.12036e-08 9.80913e-16 3.51284e-09 6.52907e-05 7.90961e-14 1.70978e-19 4.02078e-28 2.88095e-36 1.51027e-42 3.78266e-51 1.88446e-57 1.42755 0.0148082 0.512052 0.00496074
0.000326283 0.00099999 0.00046864 4.25844e-08 1.01872e-15 3.47641e-09 6.53545e-05 8.29769e-14 1.86485e-19 4.61256e-28 3.26546e-36 1.89493e-42 4.69691e-51 2.58776e-57 1.42744 0.0147783 0.512127 0.00496268
0.000342598 0.00099999 0.000468695 4.40296e-08 1.05745e-15 3.44127e-09 6.54217e-05 8.70438e-14 2.03292e-19 5.28906e-28 3.69759e-36 2.37559e-42 5.82457e-51 3.54929e-57 1.42735 0.0147491 0.512204 0.00496464
0.000359728 0.00099999 0.000468748 4.55421e-08 1.09709e-15 3.40739e-09 6.54923e-05 9.13052e-14 2.21493e-19 6.06193e-28 4.18257e-36 2.97557e-42 7.21325e-51 4.86206e-57 1.42725 0.0147206 0.512285 0.00496661
0.000377714 0.00099999 0.000468799 4.71246e-08 1.13761e-15 3.3748e-09 6.55665e-05 9.57699e-14 2.41188e-19 6.94436e-28 4.72608e-36 3.72371e-42 8.92058e-51 6.6518e-57 1.42716 0.0146928 0.512369 0.0049686
0.0003966 0.00099999 0.000468847 4.87802e-08 1.17896e-15 3.34348e-09 6.56445e-05 1.00447e-13 2.6248e-19 7.9512e-28 5.33426e-36 4.65559e-42 1.10161e-50 9.08816e-57 1.42708 0.0146658 0.512456 0.00497059
0.00041643 0.00099999 0.000468893 5.05119e-08 1.22111e-15 3.31344e-09 6.57263e-05 1.05346e-13 2.85476e-19 9.09921e-28 6.01375e-36 5.81498e-42 1.35837e-50 1.23996e-56 1.42699 0.0146395 0.512547 0.0049726
0.000437252 0.00099999 0.000468936 5.23227e-08 1.26401e-15 3.28466e-09 6.58122e-05 1.10477e-13 3.10289e-19 1.04072e-27 6.77166e-36 7.25572e-42 1.67238e-50 1.68933e-56 1.42692 0.0146141 0.512641 0.00497463
0.000459114 0.00099999 0.000468976 5.42158e-08 1.30761e-15 3.25715e-09 6.59024e-05 1.1585e-13 3.37033e-19 1.18965e-27 7.61562e-36 9.04388e-42 2.05571e-50 2.29808e-56 1.42685 0.0145895 0.512739 0.00497666
0.00048207 0.00099999 0.000469013 5.61946e-08 1.35184e-15 3.23089e-09 6.59969e-05 1.21475e-13 3.65829e-19 1.35907e-27 8.55372e-36 1.12603e-41 2.52273e-50 3.12133e-56 1.42678 0.0145658 0.512841 0.00497871
0.000506174 0.00099999 0.000469046 5.82624e-08 1.39664e-15 3.20586e-09 6.6096e-05 1.27364e-13 3.96797e-19 1.55165e-27 9.59455e-36 1.4004e-41 3.09059e-50 4.23264e-56 1.42672 0.014543 0.512947 0.00498076
0.000531482 0.00099999 0.000469077 6.04225e-08 1.44194e-15 3.18203e-09 6.61998e-05 1.33526e-13 4.30063e-19 1.77037e-27 1.07471e-35 1.73956e-41 3.77963e-50 5.72995e-56 1.42666 0.014521 0.513057 0.00498282
0.000558057 0.00099999 0.000469105 6.26786e-08 1.48765e-15 3.15938e-09 6.63085e-05 1.39974e-13 4.65751e-19 2.01856e-27 1.2021e-35 2.15819e-41 4.61393e-50 7.74343e-56 1.42661 0.0144999 0.513172 0.00498489
0.00058596 0.00099999 0.000469129 6.50342e-08 1.53369e-15 3.13786e-09 6.64222e-05 1.46719e-13 5.03989e-19 2.29991e-27 1.34258e-35 2.67414e-41 5.62192e-50 1.04455e-55 1.42656 0.0144797 0.513292 0.00498696
0.000615258 0.00099999 0.00046915 6.74929e-08 1.57996e-15 3.11744e-09 6.65412e-05 1.53773e-13 5.44902e-19 2.61855e-27 1.4972e-35 3.30904e-41 6.837e-50 1.40641e-55 1.42652 0.0144604 0.513417 0.00498904
0.000646021 0.00099999 0.000469167 7.00585e-08 1.62637e-15 3.09805e-09 6.66657e-05 1.61148e-13 5.88614e-19 2.97906e-27 1.66698e-35 4.08903e-41 8.29834e-50 1.88994e-55 1.42648 0.0144419 0.513547 0.00499112
0.000678322 0.00099999 0.000469181 7.27347e-08 1.67281e-15 3.07965e-09 6.67957e-05 1.68857e-13 6.35246e-19 3.38649e-27 1.853e-35 5.04565e-41 1.00517e-49 2.53459e-55 1.42645 0.0144242 0.513683 0.0049932
0.000712238 0.00099999 0.000469192 7.55253e-08 1.71916e-15 3.06218e-09 6.69316e-05 1.76912e-13 6.84916e-19 3.84645e-27 2.05633e-35 6.2168e-41 1.21503e-49 3.39203e-55 1.42643 0.0144074 0.513824 0.00499527
0.00074785 0.00099999 0.000469199 7.84341e-08 1.76532e-15 3.04557e-09 6.70733e-05 1.85326e-13 7.37735e-19 4.3651e-27 2.27804e-35 7.64799e-41 1.4656e-49 4.5297e-55 1.4264 0.0143913 0.513972 0.00499733
0.000785243 0.000999989 0.000469202 8.1465e-08 1.81115e-15 3.02975e-09 6.72213e-05 1.94111e-13 7.93806e-19 4.94923e-27 2.51918e-35 9.39362e-41 1.76403e-49 6.03539e-55 1.42639 0.014376 0.514126 0.00499939
0.000824505 0.000999989 0.000469202 8.46218e-08 1.85655e-15 3.01467e-09 6.73755e-05 2.03281e-13 8.53222e-19 5.60626e-27 2.78079e-35 1.15186e-40 2.11856e-49 8.02291e-55 1.42637 0.0143615 0.514287 0.00500143
0.00086573 0.000999989 0.000469199 8.79085e-08 1.90138e-15 3.00025e-09 6.75362e-05 2.12848e-13 9.16066e-19 6.34432e-27 3.06386e-35 1.41e-40 2.53866e-49 1.06394e-54 1.42637 0.0143476 0.514455 0.00500346
0.000909017 0.000999989 0.000469191 9.13288e-08 1.94553e-15 2.98642e-09 6.77036e-05 2.22825e-13 9.82406e-19 7.17229e-27 3.36933e-35 1.72294e-40 3.03518e-49 1.40742e-54 1.42636 0.0143343 0.514631 0.00500546
0.000954468 0.000999989 0.00046918 9.48867e-08 1.98885e-15 2.97313e-09 6.78778e-05 2.33226e-13 1.0523e-18 8.0998e-27 3.69807e-35 2.10147e-40 3.62053e-49 1.85702e-54 1.42637 0.0143217 0.514814 0.00500743
0.00100219 0.000999989 0.000469166 9.85859e-08 2.03124e-15 2.96031e-09 6.8059e-05 2.44062e-13 1.12577e-18 9.13728e-27 4.05088e-35 2.55831e-40 4.30886e-49 2.4438e-54 1.42637 0.0143096 0.515006 0.00500936
0.0010523 0.000999989 0.000469147 1.0243e-07 2.07256e-15 2.9479e-09 6.82474e-05 2.55346e-13 1.20284e-18 1.0296e-26 4.42845e-35 3.10838e-40 5.11627e-49 3.20724e-54 1.42638 0.0142979 0.515206 0.00501126
0.00110492 0.000999989 0.000469125 1.06423e-07 2.11271e-15 2.93584e-09 6.8443e-05 2.67091e-13 1.28351e-18 1.15881e-26 4.83137e-35 3.76913e-40 6.06102e-49 4.19741e-54 1.42639 0.0142868 0.515415 0.0050131
0.00116016 0.000999989 0.000469098 1.10568e-07 2.15157e-15 2.9241e-09 6.8646e-05 2.79307e-13 1.36773e-18 1.30265e-26 5.26012e-35 4.56086e-40 7.16388e-49 5.47748e-54 1.42641 0.014276 0.515634 0.00501489
0.00121817 0.000999989 0.000469067 1.14869e-07 2.18904e-15 2.91261e-09 6.88565e-05 2.92005e-13 1.45545e-18 1.46252e-26 5.71505e-35 5.50713e-40 8.44839e-49 7.12684e-54 1.42643 0.0142656 0.515862 0.00501661
0.00127908 0.000999989 0.000469033 1.19329e-07 2.22502e-15 2.90134e-09 6.90746e-05 3.05197e-13 1.54659e-18 1.63989e-26 6.19641e-35 6.63517e-40 9.94123e-49 9.24477e-54 1.42646 0.0142554 0.5161 0.00501825
0.00134303 0.000999989 0.000468993 1.23952e-07 2.25944e-15 2.89025e-09 6.93005e-05 3.18891e-13 1.64104e-18 1.83631e-26 6.70428e-35 7.97629e-40 1.16727e-48 1.19549e-53 1.42649 0.0142455 0.51635 0.0050198
0.00141018 0.000999988 0.00046895 1.28739e-07 2.29221e-15 2.87931e-09 6.95341e-05 3.33096e-13 1.73864e-18 2.05342e-26 7.23867e-35 9.56638e-40 1.36774e-48 1.54104e-53 1.42652 0.0142357 0.51661 0.00502125
0.00148069 0.000999988 0.000468902 1.33694e-07 2.32328e-15 2.86848e-09 6.97755e-05 3.47818e-13 1.83921e-18 2.29295e-26 7.79943e-35 1.14464e-39 1.59945e-48 1.98001e-53 1.42655 0.0142259 0.516882 0.00502259
0.00155473 0.000999988 0.000468848 1.38819e-07 2.35261e-15 2.85773e-09 7.00247e-05 3.63065e-13 1.94256e-18 2.55668e-26 8.38634e-35 1.36627e-39 1.8669e-48 2.53561e-53 1.42659 0.0142161 0.517167 0.00502379
0.00163247 0.000999988 0.00046879 1.44116e-07 2.38016e-15 2.84704e-09 7.02818e-05 3.7884e-13 2.04845e-18 2.84646e-26 8.99911e-35 1.6268e-39 2.17524e-48 3.23611e-53 1.42663 0.0142062 0.517464 0.00502485
0.00171409 0.000999988 0.000468727 1.49587e-07 2.40591e-15 2.83638e-09 7.05465e-05 3.95147e-13 2.15661e-18 3.1642e-26 9.63735e-35 1.93212e-39 2.53041e-48 4.11592e-53 1.42668 0.0141961 0.517774 0.00502574
0.00179979 0.000999987 0.000468658 1.55234e-07 2.42988e-15 2.82573e-09 7.08189e-05 4.11985e-13 2.26673e-18 3.51183e-26 1.03007e-34 2.28885e-39 2.93927e-48 5.21658e-53 1.42673 0.0141857 0.518099 0.00502644
0.00188978 0.000999987 0.000468583 1.61058e-07 2.45207e-15 2.81507e-09 7.10988e-05 4.29354e-13 2.37851e-18 3.89132e-26 1.09887e-34 2.70435e-39 3.40978e-48 6.58802e-53 1.42678 0.0141748 0.518437 0.00502694
0.00198427 0.000999987 0.000468503 1.67058e-07 2.47252e-15 2.80442e-09 7.13859e-05 4.47248e-13 2.49159e-18 4.30462e-26 1.1701e-34 3.18672e-39 3.95084e-48 8.28959e-53 1.42683 0.0141634 0.518791 0.00502722
0.00208349 0.000999987 0.000468416 1.73235e-07 2.49127e-15 2.79367e-09 7.16802e-05 4.65662e-13 2.60561e-18 4.75371e-26 1.24374e-34 3.74498e-39 4.57363e-48 1.03925e-52 1.42688 0.0141513 0.51916 0.00502723
0.00218766 0.000999987 0.000468322 1.79589e-07 2.5084e-15 2.78284e-09 7.19811e-05 4.84587e-13 2.72021e-18 5.24051e-26 1.31976e-34 4.38897e-39 5.29088e-48 1.29805e-52 1.42694 0.0141384 0.519545 0.00502697
0.00229704 0.000999986 0.000468221 1.86119e-07 2.52396e-15 2.77191e-09 7.22885e-05 5.04011e-13 2.83499e-18 5.76687e-26 1.39816e-34 5.12938e-39 6.11755e-48 1.61522e-52 1.427 0.0141246 0.519946 0.00502639
0.0024119 0.000999986 0.000468112 1.92823e-07 2.53805e-15 2.76086e-09 7.26019e-05 5.23917e-13 2.94957e-18 6.33458e-26 1.47895e-34 5.9778e-39 7.07124e-48 2.00226e-52 1.42706 0.0141096 0.520366 0.00502547
0.00253249 0.000999986 0.000467995 1.997e-07 2.55076e-15 2.74965e-09 7.29207e-05 5.44287e-13 3.06356e-18 6.9453e-26 1.56216e-34 6.94668e-39 8.17268e-48 2.47256e-52 1.42713 0.0140934 0.520803 0.00502417
0.00265911 0.000999985 0.00046787 2.06746e-07 2.5622e-15 2.73828e-09 7.32443e-05 5.65098e-13 3.17658e-18 7.60054e-26 1.64785e-34 8.04932e-39 9.44625e-48 3.04152e-52 1.4272 0.0140757 0.521258 0.00502246
0.00279207 0.000999985 0.000467735 2.13958e-07 2.57248e-15 2.7267e-09 7.35722e-05 5.86323e-13 3.28827e-18 8.30165e-26 1.73609e-34 9.29982e-39 1.09206e-47 3.72685e-52 1.42727 0.0140564 0.521733 0.00502029
0.00293167 0.000999984 0.00046759 2.21332e-07 2.58172e-15 2.7149e-09 7.39034e-05 6.07931e-13 3.39828e-18 9.04977e-26 1.82696e-34 1.0713e-38 1.26294e-47 4.54872e-52 1.42734 0.0140353 0.522227 0.00501763
0.00307826 0.000999983 0.000467434 2.28863e-07 2.59002e-15 2.70276e-09 7.42372e-05 6.29888e-13 3.5063e-18 9.8458e-26 1.92062e-34 1.23044e-38 1.46117e-47 5.52995e-52 1.42741 0.0140122 0.522742 0.00501443
0.00323217 0.000999983 0.000467267 2.36547e-07 2.59749e-15 2.69043e-09 7.45726e-05 6.52154e-13 3.61205e-18 1.06904e-25 2.01716e-34 1.409e-38 1.69138e-47 6.69624e-52 1.42749 0.0139869 0.523278 0.00501063
0.00339378 0.000999983 0.000467087 2.44376e-07 2.60427e-15 2.67778e-09 7.49084e-05 6.74686e-13 3.71526e-18 1.15838e-25 2.11676e-34 1.60863e-38 1.95886e-47 8.07626e-52 1.42757 0.0139593 0.523836 0.00500619
0.00356347 0.000999982 0.000466894 2.52345e-07 2.61044e-15 2.6648e-09 7.52435e-05 6.97438e-13 3.81574e-18 1.25261e-25 2.21958e-34 1.831e-38 2.26978e-47 9.70181e-52 1.42766 0.0139292 0.524415 0.00500105
0.00374164 0.000999982 0.000466686 2.60445e-07 2.61613e-15 2.65145e-09 7.55765e-05 7.20359e-13 3.91331e-18 1.3517e-25 2.32581e-34 2.07777e-38 2.63118e-47 1.16079e-51 1.42775 0.0138963 0.525018 0.00499516
0.00392872 0.000999982 0.000466462 2.68669e-07 2.62142e-15 2.6377e-09 7.59059e-05 7.43392e-13 4.00785e-18 1.45556e-25 2.43563e-34 2.35062e-38 3.05114e-47 1.38327e-51 1.42785 0.0138604 0.525643 0.00498845
0.00412516 0.000999981 0.000466221 2.77009e-07 2.62641e-15 2.62353e-09 7.62301e-05 7.6648e-13 4.09927e-18 1.5641e-25 2.54922e-34 2.65116e-38 3.53882e-47 1.64177e-51 1.42795 0.0138215 0.526292 0.00498086
0.00433142 0.000999981 0.000465961 2.85454e-07 2.63117e-15 2.6089e-09 7.65473e-05 7.89562e-13 4.18754e-18 1.67716e-25 2.66676e-34 2.98094e-38 4.10455e-47 1.94074e-51 1.42805 0.0137792 0.526966 0.00497231
0.00454799 0.00099998 0.000465681 2.93997e-07 2.63577e-15 2.59379e-09 7.68556e-05 8.12572e-13 4.27265e-18 1.79455e-25 2.78841e-34 3.34146e-38 4.75988e-47 2.28491e-51 1.42817 0.0137334 0.527664 0.00496275
0.00477539 0.000999979 0.000465379 3.02626e-07 2.64029e-15 2.57817e-09 7.7153e-05 8.35445e-13 4.35463e-18 1.91605e-25 2.91431e-34 3.73404e-38 5.51768e-47 2.67927e-51 1.42829 0.013684 0.528387 0.00495209
0.00501416 0.000999978 0.000465054 3.11333e-07 2.64477e-15 2.562e-09 7.74372e-05 8.58111e-13 4.43354e-18 2.04139e-25 3.04458e-34 4.15992e-38 6.39212e-47 3.12906e-51 1.42842 0.0136307 0.529136 0.00494026
0.00526487 0.000999977 0.000464703 3.20107e-07 2.64927e-15 2.54526e-09 7.77059e-05 8.80502e-13 4.50946e-18 2.17026e-25 3.17928e-34 4.62012e-38 7.39871e-47 3.63966e-51 1.42855 0.0135734 0.529911 0.00492718
0.00552811 0.000999975 0.000464325 3.28938e-07 2.65382e-15 2.52792e-09 7.79565e-05 9.02547e-13 4.58249e-18 2.30232e-25 3.31848e-34 5.11549e-38 8.55425e-47 4.21659e-51 1.4287 0.013512 0.530711 0.00491278
0.00580452 0.000999973 0.000463917 3.37816e-07 2.65845e-15 2.50996e-09 7.81865e-05 9.24175e-13 4.65273e-18 2.43722e-25 3.46217e-34 5.64667e-38 9.87683e-47 4.86543e-51 1.42887 0.0134462 0.531538 0.00489695
0.00609474 0.000999971 0.000463478 3.46731e-07 2.6632e-15 2.49136e-09 7.83928e-05 9.45318e-13 4.72029e-18 2.57455e-25 3.61032e-34 6.21405e-38 1.13857e-46 5.59175e-51 1.42904 0.0133761 0.532391 0.00487963
0.00639948 0.000999968 0.000463004 3.55676e-07 2.66808e-15 2.47208e-09 7.85726e-05 9.65908e-13 4.78527e-18 2.71392e-25 3.76283e-34 6.81778e-38 1.31012e-46 6.40102e-51 1.42923 0.0133013 0.533271 0.00486072
0.00671945 0.000999965 0.000462495 3.6464e-07 2.67312e-15 2.45211e-09 7.87228e-05 9.85879e-13 4.84775e-18 2.85488e-25 3.91957e-34 7.45777e-38 1.50445e-46 7.29854e-51 1.42943 0.0132218 0.534177 0.00484015
0.00705543 0.000999962 0.000461947 3.73617e-07 2.67832e-15 2.43143e-09 7.88402e-05 1.00517e-12 4.90779e-18 2.99702e-25 4.08036e-34 8.13365e-38 1.72376e-46 8.28941e-51 1.42965 0.0131376 0.53511 0.00481781
0.0074082 0.000999957 0.000461358 3.82599e-07 2.6837e-15 2.41004e-09 7.89213e-05 1.02371e-12 4.96542e-18 3.13989e-25 4.24499e-34 8.84482e-38 1.97029e-46 9.37837e-51 1.42989 0.0130485 0.536069 0.00479363
0.00777861 0.000999953 0.000460726 3.9158e-07 2.68927e-15 2.38791e-09 7.89629e-05 1.04146e-12 5.02066e-18 3.28306e-25 4.41318e-34 9.59044e-38 2.24631e-46 1.05698e-50 1.43014 0.0129543 0.537054 0.00476753
0.00816754 0.000999953 0.000460048 4.00556e-07 2.69501e-15 2.365e-09 7.89615e-05 1.05834e-12 5.07339e-18 3.42608e-25 4.58466e-34 1.03693e-37 2.55403e-46 1.18674e-50 1.43042 0.0128551 0.538064 0.00473942
0.00857592 0.000999952 0.000459321 4.09523e-07 2.70095e-15 2.34143e-09 7.89134e-05 1.07432e-12 5.12363e-18 3.56858e-25 4.75898e-34 1.11803e-37 2.89577e-46 1.32749e-50 1.43072 0.0127508 0.5391 0.00470921
0.00900471 0.000999952 0.000458544 4.18481e-07 2.70711e-15 2.31714e-09 7.8815e-05 1.08935e-12 5.17126e-18 3.71018e-25 4.93589e-34 1.20221e-37 3.27373e-46 1.47954e-50 1.43104 0.0126412 0.540161 0.00467684
0.00945495 0.000999951 0.000457712 4.27429e-07 2.71347e-15 2.29213e-09 7.86627e-05 1.1034e-12 5.21614e-18 3.85054e-25 5.11505e-34 1.28933e-37 3.6901e-46 1.64315e-50 1.43138 0.0125263 0.541246 0.00464222
0.00992769 0.000999951 0.000456824 4.36368e-07 2.72004e-15 2.26642e-09 7.84528e-05 1.11642e-12 5.25809e-18 3.98933e-25 5.29607e-34 1.37924e-37 4.14696e-46 1.81854e-50 1.43175 0.012406 0.542355 0.00460528
0.0104241 0.000999951 0.000455877 4.45303e-07 2.72682e-15 2.24002e-09 7.8182e-05 1.12838e-12 5.29687e-18 4.12628e-25 5.47859e-34 1.47178e-37 4.64633e-46 2.0059e-50 1.43214 0.0122804 0.543486 0.00456597
0.0109453 0.00099995 0.000454867 4.54238e-07 2.73381e-15 2.21297e-09 7.78465e-05 1.13925e-12 5.33222e-18 4.26112e-25 5.66222e-34 1.5668e-37 5.19012e-46 2.20538e-50 1.43256 0.0121493 0.544639 0.00452422
0.0114925 0.00099995 0.000453794 4.6318e-07 2.741e-15 2.18529e-09 7.74433e-05 1.149e-12 5.36384e-18 4.39363e-25 5.84661e-34 1.66418e-37 5.78019e-46 2.41714e-50 1.43301 0.0120127 0.545812 0.00447999
0.0120672 0.000999949 0.000452653 4.72137e-07 2.74839e-15 2.15702e-09 7.6969e-05 1.15759e-12 5.39142e-18 4.52359e-25 6.03138e-34 1.76378e-37 6.41832e-46 2.6413e-50 1.43348 0.0118706 0.547005 0.00443323
0.0126705 0.000999949 0.000451443 4.81118e-07 2.75598e-15 2.12819e-09 7.64206e-05 1.16501e-12 5.41459e-18 4.65081e-25 6.21618e-34 1.86548e-37 7.10625e-46 2.87802e-50 1.43398 0.011723 0.548216 0.00438392
0.0133041 0.000999948 0.000450161 4.90135e-07 2.76377e-15 2.09884e-09 7.57956e-05 1.17122e-12 5.43299e-18 4.77512e-25 6.40064e-34 1.96918e-37 7.84567e-46 3.12744e-50 1.4345 0.0115697 0.549445 0.00433202
0.0139693 0.000999948 0.000448806 4.992e-07 2.77175e-15 2.06902e-09 7.50913e-05 1.17618e-12 5.44624e-18 4.89633e-25 6.58442e-34 2.07479e-37 8.63828e-46 3.38977e-50 1.43505 0.0114109 0.550688 0.00427753
0.0146677 0.000999947 0.000447374 5.08327e-07 2.77991e-15 2.03879e-09 7.43057e-05 1.17988e-12 5.45395e-18 5.01426e-25 6.76715e-34 2.18223e-37 9.4858e-46 3.66521e-50 1.43564 0.0112466 0.551945 0.00422045
0.0154011 0.000999946 0.000445863 5.17529e-07 2.78826e-15 2.00818e-09 7.34371e-05 1.18228e-12 5.45573e-18 5.1287e-25 6.94844e-34 2.29142e-37 1.039e-45 3.95404e-50 1.43624 0.0110767 0.553214 0.0041608
0.0161712 0.000999945 0.000444273 5.26821e-07 2.79678e-15 1.97726e-09 7.24841e-05 1.18333e-12 5.45118e-18 5.23944e-25 7.1279e-34 2.40229e-37 1.13527e-45 4.25656e-50 1.43688 0.0109013 0.554494 0.0040986
0.0169797 0.000999944 0.0004426 5.3622e-07 2.80546e-15 1.94607e-09 7.14459e-05 1.18302e-12 5.43994e-18 5.34619e-25 7.30511e-34 2.51476e-37 1.23759e-45 4.57311e-50 1.43754 0.0107205 0.555781 0.0040339
0.0178287 0.000999944 0.000440844 5.45739e-07 2.81431e-15 1.91469e-09 7.0322e-05 1.18129e-12 5.42162e-18 5.44865e-25 7.47954e-34 2.62871e-37 1.34614e-45 4.90403e-50 1.43822 0.0105344 0.557075 0.00396675
0.0187202 0.000999944 0.000439002 5.55396e-07 2.82331e-15 1.88312e-09 6.91126e-05 1.17811e-12 5.39592e-18 5.54646e-25 7.65072e-34 2.74404e-37 1.46113e-45 5.24969e-50 1.43893 0.0103432 0.558374 0.00389722
0.0196562 0.000999944 0.000437074 5.65205e-07 2.83246e-15 1.85148e-09 6.78185e-05 1.17344e-12 5.36253e-18 5.63924e-25 7.81809e-34 2.8606e-37 1.58277e-45 5.61047e-50 1.43966 0.0101469 0.559674 0.00382541
0.020639 0.000999944 0.000435058 5.75183e-07 2.84176e-15 1.8198e-09 6.64408e-05 1.16725e-12 5.32119e-18 5.72653e-25 7.981e-34 2.97819e-37 1.71125e-45 5.98667e-50 1.44042 0.00994585 0.560974 0.0037514
0.0216709 0.000999944 0.000432953 5.85343e-07 2.85119e-15 1.78812e-09 6.49816e-05 1.15949e-12 5.27168e-18 5.80781e-25 8.13876e-34 3.09658e-37 1.84677e-45 6.37854e-50 1.44119 0.00974022 0.562271 0.00367533
0.0227545 0.000999944 0.000430758 5.957e-07 2.86075e-15 1.75651e-09 6.34433e-05 1.15013e-12 5.21383e-18 5.88252e-25 8.29058e-34 3.21544e-37 1.98949e-45 6.78621e-50 1.44198 0.00953032 0.563564 0.00359732
0.0238922 0.000999944 0.000428474 6.06266e-07 2.87044e-15 1.72502e-09 6.18292e-05 1.13915e-12 5.14754e-18 5.95005e-25 8.43562e-34 3.33441e-37 2.13954e-45 7.20963e-50 1.44279 0.00931646 0.56485 0.00351752
0.0250868 0.000999943 0.000426098 6.17053e-07 2.88024e-15 1.69369e-09 6.01429e-05 1.12651e-12 5.07273e-18 6.00975e-25 8.57296e-34 3.45303e-37 2.29701e-45 7.64858e-50 1.44361 0.00909902 0.566126 0.00343609
0.0263411 0.000999943 0.000423631 6.28072e-07 2.89016e-15 1.66258e-09 5.8389e-05 1.1122e-12 4.98944e-18 6.06093e-25 8.7016e-34 3.57077e-37 2.4619e-45 8.10255e-50 1.44444 0.0088784 0.56739 0.00335321
0.0276582 0.000999943 0.000421074 6.39332e-07 2.90018e-15 1.63172e-09 5.65724e-05 1.09621e-12 4.89775e-18 6.10289e-25 8.82049e-34 3.68701e-37 2.63416e-45 8.57078e-50 1.44529 0.00865506 0.568641 0.00326904
0.0290411 0.000999942 0.000418424 6.50841e-07 2.91031e-15 1.60117e-09 5.46989e-05 1.07854e-12 4.7978e-18 6.13491e-25 8.92849e-34 3.80105e-37 2.8136e-45 9.05213e-50 1.44614 0.00842947 0.569874 0.0031838
0.0304932 0.000999942 0.000415684 6.62606e-07 2.92053e-15 1.57097e-09 5.27745e-05 1.0592e-12 4.68983e-18 6.15629e-25 9.02447e-34 3.91211e-37 2.99996e-45 9.54509e-50 1.447 0.00820217 0.571089 0.00309768
0.0320178 0.000999942 0.000412853 6.74631e-07 2.93084e-15 1.54115e-09 5.08059e-05 1.03821e-12 4.57414e-18 6.16635e-25 9.10721e-34 4.01932e-37 3.19279e-45 1.00477e-49 1.44785 0.00797372 0.572283 0.0030109
0.0336187 0.000999941 0.000409931 6.8692e-07 2.94123e-15 1.51176e-09 4.88004e-05 1.01561e-12 4.4511e-18 6.16444e-25 9.17552e-34 4.12176e-37 3.39152e-45 1.05577e-49 1.44871 0.00774469 0.573454 0.00292367
0.0352996 0.00099994 0.000406918 6.99474e-07 2.95171e-15 1.48283e-09 4.67654e-05 9.91436e-13 4.32118e-18 6.14998e-25 9.22819e-34 4.21844e-37 3.59539e-45 1.10722e-49 1.44957 0.00751569 0.574599 0.00283622
0.0370646 0.00099994 0.000403816 7.12295e-07 2.96226e-15 1.4544e-09 4.47089e-05 9.6576e-13 4.18488e-18 6.12244e-25 9.26405e-34 4.30833e-37 3.80345e-45 1.15879e-49 1.45041 0.00728737 0.575718 0.00274877
0.0389179 0.000999939 0.000400624 7.25381e-07 2.97288e-15 1.42649e-09 4.26389e-05 9.38654e-13 4.0428e-18 6.08139e-25 9.28196e-34 4.39035e-37 4.01459e-45 1.2101e-49 1.45126 0.00706036 0.576807 0.00266154
0.0408637 0.000999938 0.000397343 7.38729e-07 2.98356e-15 1.39913e-09 4.0564e-05 9.1021e-13 3.89559e-18 6.02652e-25 9.28088e-34 4.46344e-37 4.22747e-45 1.26074e-49 1.45208 0.0068353 0.577865 0.00257477
0.0429069 0.000999938 0.000393974 7.52335e-07 2.9943e-15 1.37235e-09 3.84923e-05 8.80532e-13 3.74396e-18 5.95761e-25 9.25988e-34 4.52653e-37 4.44056e-45 1.31025e-49 1.4529 0.00661285 0.578891 0.00248867
0.0450523 0.000999937 0.000390516 7.66194e-07 3.0051e-15 1.34618e-09 3.64325e-05 8.4974e-13 3.58866e-18 5.87461e-25 9.21814e-34 4.57859e-37 4.65216e-45 1.35812e-49 1.4537 0.00639366 0.579883 0.00240348
0.0473049 0.000999936 0.000386969 7.80299e-07 3.01596e-15 1.32063e-09 3.4393e-05 8.17966e-13 3.4305e-18 5.7776e-25 9.15504e-34 4.61865e-37 4.86038e-45 1.40385e-49 1.45448 0.00617835 0.58084 0.0023194
0.0496701 0.000999936 0.000383335 7.94644e-07 3.02685e-15 1.29572e-09 3.23818e-05 7.85356e-13 3.27031e-18 5.66682e-25 9.07014e-34 4.64584e-37 5.06319e-45 1.44688e-49 1.45524 0.00596752 0.58176 0.00223665
0.0521536 0.000999935 0.000379612 8.09219e-07 3.0378e-15 1.27146e-09 3.0407e-05 7.52067e-13 3.10894e-18 5.54269e-25 8.96326e-34 4.65939e-37 5.25846e-45 1.48668e-49 1.45597 0.00576177 0.582642 0.00215541
0.0547613 0.000999934 0.0003758 8.24017e-07 3.04878e-15 1.24787e-09 2.84763e-05 7.18266e-13 2.94727e-18 5.40579e-25 8.83445e-34 4.65868e-37 5.44397e-45 1.5227e-49 1.45668 0.00556164 0.583487 0.0020759
0.0574994 0.000999934 0.000371899 8.39028e-07 3.05981e-15 1.22495e-09 2.65967e-05 6.84128e-13 2.78616e-18 5.25692e-25 8.68408e-34 4.64329e-37 5.61752e-45 1.55444e-49 1.45737 0.00536765 0.584292 0.00199827
0.0603744 0.000999933 0.000367908 8.54244e-07 3.07087e-15 1.20269e-09 2.4775e-05 6.49837e-13 2.6265e-18 5.097e-25 8.51282e-34 4.61297e-37 5.77693e-45 1.58141e-49 1.45802 0.00518026 0.585058 0.00192271
0.0633931 0.000999933 0.000363826 8.69657e-07 3.08198e-15 1.18111e-09 2.30173e-05 6.15579e-13 2.46911e-18 4.92717e-25 8.32167e-34 4.56773e-37 5.92018e-45 1.60319e-49 1.45864 0.00499988 0.585785 0.00184936
0.0665627 0.000999933 0.000359652 8.85261e-07 3.09313e-15 1.16019e-09 2.1329e-05 5.81542e-13 2.31482e-18 4.74872e-25 8.11198e-34 4.5078e-37 6.04542e-45 1.61946e-49 1.45923 0.00482688 0.586472 0.00177837
0.0698909 0.000999933 0.000355384 9.01051e-07 3.10432e-15 1.13992e-09 1.9715e-05 5.47914e-13 2.16441e-18 4.56307e-25 7.88542e-34 4.4337e-37 6.15112e-45 1.62996e-49 1.45979 0.00466156 0.58712 0.00170985
0.0733854 0.000999932 0.00035102 9.17025e-07 3.11556e-15 1.12028e-09 1.81793e-05 5.14879e-13 2.01858e-18 4.37179e-25 7.644e-34 4.34619e-37 6.23609e-45 1.63455e-49 1.46032 0.00450417 0.587728 0.00164392
0.0770547 0.000999932 0.000346558 9.33183e-07 3.12686e-15 1.10126e-09 1.67251e-05 4.82616e-13 1.87802e-18 4.17654e-25 7.39003e-34 4.24632e-37 6.29961e-45 1.63323e-49 1.4608 0.00435491 0.588299 0.00158066
0.0809074 0.000999931 0.000341997 9.49529e-07 3.13823e-15 1.08284e-09 1.53549e-05 4.51293e-13 1.7433e-18 3.97904e-25 7.12607e-34 4.13538e-37 6.34143e-45 1.62612e-49 1.46126 0.00421389 0.588832 0.00152016
0.0849528 0.000999931 0.000337333 9.6607e-07 3.14968e-15 1.06497e-09 1.40705e-05 4.21068e-13 1.61496e-18 3.78107e-25 6.85493e-34 4.01489e-37 6.3619e-45 1.61346e-49 1.46167 0.00408117 0.589328 0.00146247
0.0892004 0.000999931 0.000332564 9.8282e-07 3.16122e-15 1.04764e-09 1.28726e-05 3.92085e-13 1.49341e-18 3.58441e-25 6.57958e-34 3.88659e-37 6.36194e-45 1.59568e-49 1.46205 0.00395678 0.589789 0.00140763
0.0936605 0.000999932 0.000327687 9.99794e-07 3.17288e-15 1.03079e-09 1.17615e-05 3.64472e-13 1.37902e-18 3.39081e-25 6.30314e-34 3.75239e-37 6.3431e-45 1.5733e-49 1.4624 0.00384065 0.590215 0.00135568
0.0983435 0.000999933 0.0003227 1.01702e-06 3.18467e-15 1.01441e-09 1.07364e-05 3.38339e-13 1.27205e-18 3.20199e-25 6.02878e-34 3.61436e-37 6.30758e-45 1.54701e-49 1.4627 0.00373268 0.590609 0.00130662
0.103261 0.000999935 0.000317599 1.03452e-06 3.19663e-15 9.98439e-10 9.79619e-06 3.13779e-13 1.17268e-18 3.01955e-25 5.75972e-34 3.47466e-37 6.25821e-45 1.5176e-49 1.46297 0.00363272 0.590971 0.00126044
0.108424 0.000999938 0.000312382 1.05234e-06 3.20878e-15 9.82838e-10 8.93877e-06 2.90863e-13 1.081e-18 2.84502e-25 5.49913e-34 3.33549e-37 6.19841e-45 1.48601e-49 1.46321 0.00354057 0.591304 0.00121714
0.113845 0.000999941 0.000307046 1.07051e-06 3.22115e-15 9.6756e-10 8.16166e-06 2.69647e-13 9.97042e-19 2.67979e-25 5.25011e-34 3.19909e-37 6.13219e-45 1.45322e-49 1.4634 0.00345599 0.591608 0.00117668
0.119537 0.000999947 0.000301588 1.0891e-06 3.23379e-15 9.5256e-10 7.46185e-06 2.50166e-13 9.20738e-19 2.5251e-25 5.01565e-34 3.06767e-37 6.06407e-45 1.42035e-49 1.46357 0.00337871 0.591887 0.001139
0.125514 0.000999953 0.000296007 1.10815e-06 3.24674e-15 9.37787e-10 6.83591e-06 2.32435e-13 8.51969e-19 2.38204e-25 4.7986e-34 2.94339e-37 5.99909e-45 1.38853e-49 1.46369 0.00330841 0.592141 0.00110406
0.13179 0.000999961 0.000290299 1.12774e-06 3.26004e-15 9.23195e-10 6.28008e-06 2.16458e-13 7.90555e-19 2.25159e-25 4.60168e-34 2.82835e-37 5.9428e-45 1.35901e-49 1.46379 0.00324478 0.592372 0.00107179
0.138379 0.00099997 0.000284464 1.14793e-06 3.27376e-15 9.08734e-10 5.79036e-06 2.02222e-13 7.3627e-19 2.13456e-25 4.4275e-34 2.72459e-37 5.90124e-45 1.33304e-49 1.46385 0.00318747 0.592582 0.00104211
0.145298 0.000999981 0.0002785 1.16882e-06 3.28794e-15 8.94357e-10 5.36257e-06 1.89702e-13 6.88847e-19 2.03166e-25 4.27856e-34 2.63407e-37 5.88106e-45 1.31197e-49 1.46387 0.00313612 0.592773 0.00101493
0.152563 0.000999993 0.000272406 1.19048e-06 3.30265e-15 8.80017e-10 4.99248e-06 1.78865e-13 6.47997e-19 1.9435e-25 4.15734e-34 2.55874e-37 5.8896e-45 1.29721e-49 1.46386 0.00309037 0.592947 0.000990154
0.160191 0.00100001 0.000266184 1.21303e-06 3.31797e-15 8.65669e-10 4.67584e-06 1.69672e-13 6.13412e-19 1.87064e-25 4.06634e-34 2.50055e-37 5.9351e-45 1.29029e-49 1.46383 0.00304985 0.593104 0.000967689
0.168201 0.00100002 0.000259833 1.23656e-06 3.33398e-15 8.51269e-10 4.4085e-06 1.62081e-13 5.84779e-19 1.81359e-25 4.00819e-34 2.4615e-37 6.02697e-45 1.29289e-49 1.46375 0.00301421 0.593247 0.000947428
0.176611 0.00100003 0.000253356 1.26119e-06 3.35076e-15 8.36775e-10 4.18642e-06 1.56048e-13 5.61793e-19 1.7729e-25 3.98575e-34 2.44375e-37 6.17614e-45 1.30689e-49 1.46365 0.0029831 0.593377 0.000929261
0.185441 0.00100005 0.000246754 1.28706e-06 3.3684e-15 8.22148e-10 4.00575e-06 1.51534e-13 5.44161e-19 1.74917e-25 4.0023e-34 2.44969e-37 6.39562e-45 1.33447e-49 1.46352 0.00295618 0.593494 0.000913081
0.194713 0.00100006 0.000240031 1.3143e-06 3.38702e-15 8.07352e-10 3.86291e-06 1.48504e-13 5.31613e-19 1.74314e-25 4.06171e-34 2.48211e-37 6.7012e-45 1.37823e-49 1.46336 0.00293313 0.593602 0.000898776
0.204449 0.00100008 0.000233193 1.34306e-06 3.40673e-15 7.92353e-10 3.75453e-06 1.46933e-13 5.23912e-19 1.75574e-25 4.16867e-34 2.54431e-37 7.11246e-45 1.4413e-49 1.46317 0.00291363 0.593699 0.000886235
0.214671 0.0010001 0.000226244 1.37349e-06 3.42766e-15 7.77123e-10 3.67757e-06 1.46808e-13 5.20861e-19 1.78813e-25 4.32896e-34 2.64032e-37 7.65406e-45 1.5276e-49 1.46294 0.00289742 0.593788 0.000875351
0.225405 0.00100013 0.000219192 1.40578e-06 3.44995e-15 7.61633e-10 3.6293e-06 1.4813e-13 5.22308e-19 1.84185e-25 4.54979e-34 2.77514e-37 8.3576e-45 1.64205e-49 1.46269 0.00288422 0.593869 0.000866016
0.236675 0.00100016 0.000212044 1.44011e-06 3.47378e-15 7.45861e-10 3.60731e-06 1.50918e-13 5.28159e-19 1.91884e-25 4.84028e-34 2.95505e-37 9.26402e-45 1.79096e-49 1.46241 0.00287381 0.593943 0.000858128
0.248509 0.00100017 0.000204806 1.47675e-06 3.49936e-15 7.29796e-10 3.60945e-06 1.55218e-13 5.38381e-19 2.02196e-25 5.21314e-34 3.1887e-37 1.04281e-44 1.9826e-49 1.4621 0.002866 0.594009 0.000851585
0.260935 0.00100018 0.000197492 1.51587e-06 3.52686e-15 7.13396e-10 3.63407e-06 1.61094e-13 5.53018e-19 2.15405e-25 5.68178e-34 3.48565e-37 1.19223e-44 2.22801e-49 1.46176 0.00286058 0.59407 0.0008463
0.273981 0.00100019 0.000190112 1.55772e-06 3.55654e-15 6.96666e-10 3.67976e-06 1.68645e-13 5.72193e-19 2.31939e-25 6.26554e-34 3.85917e-37 1.38413e-44 2.54118e-49 1.46139 0.00285741 0.594124 0.000842187
0.28768 0.00100021 0.000182681 1.60259e-06 3.58867e-15 6.79598e-10 3.74546e-06 1.78007e-13 5.96126e-19 2.52338e-25 6.98897e-34 4.32661e-37 1.63155e-44 2.94121e-49 1.46099 0.00285637 0.594172 0.00083917
0.302064 0.00100023 0.000175211 1.65078e-06 3.62357e-15 6.62189e-10 3.8304e-06 1.89358e-13 6.25142e-19 2.77284e-25 7.88378e-34 4.91055e-37 1.95237e-44 3.45399e-49 1.46056 0.00285736 0.594214 0.000837179
0.317168 0.00100026 0.000167719 1.70261e-06 3.6616e-15 6.44439e-10 3.93414e-06 2.02925e-13 6.59693e-19 3.07649e-25 8.99125e-34 5.64065e-37 2.3713e-44 4.11482e-49 1.4601 0.00286034 0.594249 0.000836152
0.333026 0.00100029 0.00016022 1.75845e-06 3.70319e-15 6.26354e-10 4.05654e-06 2.18996e-13 7.00383e-19 3.44552e-25 1.03654e-33 6.55629e-37 2.92289e-44 4.97237e-49 1.4596 0.00286526 0.594279 0.00083604
0.349677 0.00100032 0.000152729 1.81876e-06 3.74884e-15 6.07944e-10 4.19762e-06 2.37932e-13 7.4799e-19 3.8943e-25 1.20759e-33 7.71107e-37 3.65639e-44 6.09547e-49 1.45907 0.00287214 0.594301 0.0008368
0.367161 0.00100034 0.000145266 1.88395e-06 3.79914e-15 5.89214e-10 4.35797e-06 2.60185e-13 8.03528e-19 4.44155e-25 1.42212e-33 9.17514e-37 4.64195e-44 7.57982e-49 1.4585 0.00288101 0.594317 0.000838401
0.385519 0.00100037 0.000137851 1.95453e-06 3.85475e-15 5.7019e-10 4.53829e-06 2.86314e-13 8.68276e-19 5.11135e-25 1.69268e-33 1.1046e-36 5.9813e-44 9.56312e-49 1.4579 0.00289197 0.594324 0.000840822
0.404795 0.00100036 0.000130499 2.03115e-06 3.9165e-15 5.50909e-10 4.73959e-06 3.1703e-13 9.43844e-19 5.93608e-25 2.03661e-33 1.34602e-36 7.82654e-44 1.22488e-48 1.45726 0.00290515 0.594322 0.000844053
0.425035 0.00100033 0.000123231 2.11441e-06 3.98541e-15 5.31336e-10 4.9632e-06 3.53193e-13 1.03241e-18 6.9573e-25 2.47781e-33 1.66046e-36 1.04023e-43 1.59338e-48 1.45658 0.00292068 0.594311 0.000848096
0.446287 0.00100029 0.000116071 2.20495e-06 4.0625e-15 5.11556e-10 5.21065e-06 3.9584e-13 1.13644e-18 8.2295e-25 3.04825e-33 2.07403e-36 1.40447e-43 2.10537e-48 1.45586 0.00293877 0.594288 0.000852962
0.468601 0.00100025 0.000109041 2.30358e-06 4.14911e-15 4.91598e-10 5.48376e-06 4.46291e-13 1.25927e-18 9.82638e-25 3.79298e-33 2.62423e-36 1.9273e-43 2.8278e-48 1.4551 0.00295967 0.594254 0.000858672
0.492031 0.00100022 0.000102161 2.41116e-06 4.24685e-15 4.71507e-10 5.78465e-06 5.06178e-13 1.40512e-18 1.18471e-24 4.7753e-33 3.36518e-36 2.68964e-43 3.86378e-48 1.45429 0.00298366 0.594207 0.00086526
0.516633 0.00100019 9.54523e-05 2.52867e-06 4.35758e-15 4.51328e-10 6.1157e-06 5.77531e-13 1.57941e-18 1.44264e-24 6.08495e-33 4.37606e-36 3.81961e-43 5.37505e-48 1.45344 0.00301112 0.594146 0.000872768
0.542464 0.00100015 8.89356e-05 2.65718e-06 4.48358e-15 4.31115e-10 6.47959e-06 6.6288e-13 1.78912e-18 1.77487e-24 7.85071e-33 5.77424e-36 5.52348e-43 7.62009e-48 1.45253 0.00304246 0.594068 0.00088125
0.569587 0.00100013 8.26305e-05 2.7979e-06 4.62754e-15 4.10922e-10 6.87931e-06 7.65385e-13 2.04332e-18 2.20689e-24 1.02593e-32 7.73632e-36 8.13914e-43 1.10199e-47 1.45158 0.00307815 0.593973 0.000890771
0.598067 0.0010001 7.65558e-05 2.95217e-06 4.79269e-15 3.90811e-10 7.31814e-06 8.89006e-13 2.35383e-18 2.77431e-24 1.35847e-32 1.05319e-35 1.22301e-42 1.62737e-47 1.45057 0.00311877 0.593859 0.000901403
0.62797 0.00100008 7.07289e-05 3.12145e-06 4.98289e-15 3.70846e-10 7.79963e-06 1.03871e-12 2.73615e-18 3.52723e-24 1.82328e-32 1.45787e-35 1.87532e-42 2.45674e-47 1.44951 0.00316495 0.593723 0.00091323
0.659369 0.00100006 6.51656e-05 3.30735e-06 5.20277e-15 3.51096e-10 8.32764e-06 1.22071e-12 3.21069e-18 4.53687e-24 2.48124e-32 2.05344e-35 2.93637e-42 3.79551e-47 1.44839 0.00321742 0.593564 0.000926341
0.692337 0.00100004 5.98801e-05 3.51164e-06 5.45784e-15 3.31632e-10 8.9063e-06 1.44284e-12 3.80443e-18 5.90525e-24 3.42454e-32 2.94496e-35 4.69792e-42 6.0072e-47 1.4472 0.00327698 0.593379 0.000940833
0.726954 0.00100003 5.48844e-05 3.7362e-06 5.75467e-15 3.12529e-10 9.53996e-06 1.71491e-12 4.55313e-18 7.7797e-24 4.79427e-32 4.30294e-35 7.6838e-42 9.74949e-47 1.44596 0.00334454 0.593166 0.000956805
0.763302 0.00100001 5.0188e-05 3.98305e-06 6.10104e-15 2.93863e-10 1.02332e-05 2.04919e-12 5.50432e-18 1.03746e-23 6.80832e-32 6.40818e-35 1.2852e-41 1.62386e-46 1.44465 0.00342108 0.592924 0.000974358
0.801467 0.001 4.57981e-05 4.25432e-06 6.5061e-15 2.75711e-10 1.09907e-05 2.46102e-12 6.72116e-18 1.40036e-23 9.80599e-32 9.72978e-35 2.19859e-41 2.77726e-46 1.44328 0.00350767 0.592648 0.000993591
0.84154 0.000999994 4.17188e-05 4.55216e-06 6.98054e-15 2.58149e-10 1.18174e-05 2.96949e-12 8.28749e-18 1.91283e-23 1.43195e-31 1.50618e-34 3.84608e-41 4.87864e-46 1.44184 0.00360543 0.592338 0.0010146
0.883617 0.000999989 3.79514e-05 4.87875e-06 7.53671e-15 2.41251e-10 1.27181e-05 3.59819e-12 1.03144e-17 2.64295e-23 2.1188e-31 2.37643e-34 6.87646e-41 8.80069e-46 1.44034 0.00371554 0.591991 0.00103746
0.927798 0.000999988 3.44939e-05 5.23621e-06 8.18871e-15 2.25086e-10 1.36976e-05 4.3761e-12 1.29487e-17 3.69137e-23 3.17382e-31 3.81896e-34 1.25534e-40 1.62919e-45 1.43877 0.00383918 0.591605 0.00106224
0.974188 0.000999989 3.13408e-05 5.62649e-06 8.95253e-15 2.09712e-10 1.47607e-05 5.33855e-12 1.6383e-17 5.20669e-23 4.80683e-31 6.24383e-34 2.33677e-40 3.09136e-45 1.43714 0.00397752 0.591178 0.00108901
1.0229 0.000999993 2.84838e-05 6.05131e-06 9.84615e-15 1.95182e-10 1.59118e-05 6.52811e-12 2.08721e-17 7.40766e-23 7.34152e-31 1.03685e-33 4.42748e-40 6.00225e-45 1.43544 0.00413166 0.590707 0.00111777
1.07404 0.000999996 2.59111e-05 6.51203e-06 1.08881e-14 1.81533e-10 1.71551e-05 7.99544e-12 2.67285e-17 1.06121e-22 1.13134e-30 1.7469e-33 8.53267e-40 1.19143e-44 1.43369 0.00430261 0.590192 0.00114855
1.12774 0.000999996 2.36083e-05 7.00956e-06 1.20988e-14 1.68794e-10 1.84943e-05 9.80014e-12 3.43715e-17 1.52894e-22 1.75395e-30 2.97506e-33 1.66279e-39 2.40318e-44 1.43188 0.00449119 0.58963 0.00118131
1.18413 0.00099999 2.15588e-05 7.54425e-06 1.34991e-14 1.56973e-10 1.9933e-05 1.20113e-11 4.43181e-17 2.21096e-22 2.72892e-30 5.11055e-33 3.26973e-39 4.91346e-44 1.43001 0.00469809 0.589022 0.001216
1.24334 0.000999979 1.97437e-05 8.11587e-06 1.511e-14 1.46066e-10 2.14738e-05 1.47078e-11 5.72132e-17 3.20244e-22 4.25031e-30 8.82832e-33 6.46778e-39 1.01463e-43 1.4281 0.00492372 0.588365 0.00125255
1.3055 0.000999963 1.81432e-05 8.72352e-06 1.69518e-14 1.36052e-10 2.31193e-05 1.79783e-11 7.3843e-17 4.63662e-22 6.61126e-30 1.52886e-32 1.28238e-38 2.10743e-43 1.42615 0.00516831 0.587659 0.00129084
1.37078 0.000999947 1.67366e-05 9.36569e-06 1.90432e-14 1.26897e-10 2.4871e-05 2.19205e-11 9.51498e-17 6.69709e-22 1.02481e-29 2.64598e-32 2.53926e-38 4.38379e-43 1.42416 0.00543179 0.586904 0.00133074
1.43932 0.000999931 1.5503e-05 1.00404e-05 2.1401e-14 1.18557e-10 2.67301e-05 2.66415e-11 1.2225e-16 9.63252e-22 1.57976e-29 4.56306e-32 5.00384e-38 9.09489e-43 1.42213 0.0057139 0.5861 0.00137209
1.51128 0.000999916 1.44222e-05 1.07452e-05 2.404e-14 1.10976e-10 2.86969e-05 3.22567e-11 1.5645e-16 1.3774e-21 2.41721e-29 7.82012e-32 9.78263e-38 1.87491e-42 1.42008 0.00601419 0.585248 0.00141472
1.58685 0.000999903 1.34745e-05 1.14777e-05 2.69731e-14 1.04094e-10 3.07713e-05 3.88903e-11 1.99263e-16 1.95552e-21 3.66546e-29 1.32883e-31 1.89246e-37 3.82841e-42 1.418 0.00633203 0.584347 0.00145843
1.66619 0.000999892 1.2642e-05 1.22355e-05 3.02115e-14 9.78456e-11 3.29526e-05 4.66747e-11 2.52423e-16 2.75353e-21 5.50199e-29 2.23477e-31 3.61498e-37 7.72299e-42 1.41589 0.0066667 0.583398 0.00150301
1.7495 0.000999881 1.19083e-05 1.30163e-05 3.37654e-14 9.21673e-11 3.52398e-05 5.57518e-11 3.17908e-16 3.84264e-21 8.16863e-29 3.71471e-31 6.80792e-37 1.53613e-41 1.41375 0.00701734 0.582403 0.00154823
1.83698 0.00099987 1.1259e-05 1.38181e-05 3.76445e-14 8.69969e-11 3.76315e-05 6.62731e-11 3.97956e-16 5.31245e-21 1.19904e-28 6.09789e-31 1.26273e-36 3.00861e-41 1.41159 0.00738306 0.581363 0.00159387
1.92882 0.00099986 1.06814e-05 1.46395e-05 4.18593e-14 8.22765e-11 4.01259e-05 7.84017e-11 4.95115e-16 7.27464e-21 1.73982e-28 9.88108e-31 2.30555e-36 5.79803e-41 1.40941 0.00776287 0.580279 0.00163968
2.02527 0.00099985 1.01648e-05 1.54796e-05 4.6422e-14 7.79529e-11 4.27212e-05 9.2314e-11 6.12296e-16 9.86709e-21 2.49563e-28 1.58031e-30 4.14351e-36 1.09917e-40 1.40719 0.00815577 0.579152 0.00168542
2.12653 0.00099984 9.69972e-06 1.63378e-05 5.13469e-14 7.39781e-11 4.54155e-05 1.08202e-10 7.52819e-16 1.32588e-20 3.53979e-28 2.49491e-30 7.33167e-36 2.05013e-40 1.40495 0.00856067 0.577986 0.00173081
2.23286 0.000999831 9.27854e-06 1.72143e-05 5.66514e-14 7.03097e-11 4.82068e-05 1.26276e-10 9.20474e-16 1.76565e-20 4.96709e-28 3.88962e-30 1.2779e-35 3.76382e-40 1.40268 0.00897645 0.576781 0.00177561
2.3445 0.000999822 8.89471e-06 1.81097e-05 6.23566e-14 6.69105e-11 5.10933e-05 1.46768e-10 1.11961e-15 2.33122e-20 6.89946e-28 5.99181e-30 2.19562e-35 6.80631e-40 1.40038 0.00940195 0.57554 0.00181956
2.46172 0.000999813 8.54281e-06 1.90248e-05 6.84873e-14 6.37485e-11 5.40732e-05 1.69934e-10 1.35521e-15 3.05328e-20 9.49319e-28 9.12699e-30 3.72183e-35 1.21344e-39 1.39805 0.00983594 0.574265 0.00186241
2.58481 0.000999804 8.21831e-06 1.99611e-05 7.50728e-14 6.0796e-11 5.71451e-05 1.96058e-10 1.63304e-15 3.96918e-20 1.2948e-27 1.37585e-29 6.23043e-35 2.13495e-39 1.39569 0.0102772 0.572959 0.0019039
2.71405 0.000999794 7.91747e-06 2.09203e-05 8.21471e-14 5.80291e-11 6.03075e-05 2.25457e-10 1.95976e-15 5.12429e-20 1.75187e-27 2.0543e-29 1.03107e-34 3.71111e-39 1.3933 0.0107244 0.571624 0.0019438
2.84975 0.000999785 7.63715e-06 2.19041e-05 8.9749e-14 5.54275e-11 6.35594e-05 2.58484e-10 2.34306e-15 6.57373e-20 2.35293e-27 3.04073e-29 1.68855e-34 6.38043e-39 1.39089 0.0111763 0.570263 0.00198188
2.99224 0.000999775 7.37476e-06 2.29149e-05 9.79229e-14 5.29739e-11 6.69e-05 2.95533e-10 2.79187e-15 8.38441e-20 3.13922e-27 4.46561e-29 2.73935e-34 1.0862e-38 1.38844 0.0116315 0.568878 0.00201795
3.14185 0.000999765 7.1281e-06 2.3955e-05 1.06718e-13 5.06532e-11 7.03285e-05 3.37044e-10 3.31655e-15 1.06376e-19 4.16308e-27 6.51217e-29 4.40676e-34 1.83297e-38 1.38597 0.0120888 0.567473 0.00205182
3.29895 0.000999755 6.89534e-06 2.50268e-05 1.16191e-13 4.84527e-11 7.38447e-05 3.83512e-10 3.92915e-15 1.34318e-19 5.49099e-27 9.43726e-29 7.03617e-34 3.06926e-38 1.38347 0.0125468 0.566049 0.00208331
3.46389 0.000999745 6.67493e-06 2.6133e-05 1.26403e-13 4.63614e-11 7.74483e-05 4.3549e-10 4.64367e-15 1.68867e-19 7.20724e-27 1.36005e-28 1.11605e-33 5.1046e-38 1.38095 0.0130043 0.56461 0.00211229
3.63709 0.000999735 6.46558e-06 2.72765e-05 1.37423e-13 4.437e-11 8.11392e-05 4.93597e-10 5.47642e-15 2.11475e-19 9.41876e-27 1.95048e-28 1.76003e-33 8.43983e-38 1.37841 0.0134601 0.563158 0.00213863
3.81894 0.000999724 6.26616e-06 2.84601e-05 1.49327e-13 4.24704e-11 8.49176e-05 5.58528e-10 6.44638e-15 2.63903e-19 1.22611e-26 2.78529e-28 2.76167e-33 1.38838e-37 1.37585 0.0139131 0.561697 0.00216225
4.00989 0.000999714 6.07574e-06 2.96868e-05 1.62198e-13 4.06557e-11 8.87839e-05 6.31059e-10 7.57566e-15 3.28288e-19 1.59059e-26 3.96263e-28 4.31455e-33 2.27412e-37 1.37328 0.0143621 0.560228 0.00218309
4.21038 0.000999704 5.89352e-06 3.09597e-05 1.76129e-13 3.89198e-11 9.27384e-05 7.12061e-10 8.89003e-15 4.07216e-19 2.05708e-26 5.61949e-28 6.71555e-33 3.71147e-37 1.37069 0.0148061 0.558754 0.00220109
4.4209 0.000999694 5.7188e-06 3.22819e-05 1.91221e-13 3.72577e-11 9.67816e-05 8.02508e-10 1.04195e-14 5.03826e-19 2.65312e-26 7.94703e-28 1.04196e-32 6.03905e-37 1.36809 0.0152443 0.557279 0.00221626
4.64195 0.000999684 5.55098e-06 3.36567e-05 2.07583e-13 3.56649e-11 0.000100914 9.03487e-10 1.21989e-14 6.21914e-19 3.41351e-26 1.12119e-27 1.61233e-32 9.802e-37 1.36549 0.0156757 0.555804 0.0022286
4.87404 0.000999674 5.38956e-06 3.50874e-05 2.25334e-13 3.41375e-11 0.000105137 1.01621e-09 1.4269e-14 7.66073e-19 4.38228e-26 1.57859e-27 2.4893e-32 1.58778e-36 1.36289 0.0160998 0.554333 0.00223816
5.11775 0.000999665 5.23409e-06 3.65771e-05 2.44605e-13 3.26724e-11 0.00010945 1.14204e-09 1.66769e-14 9.41858e-19 5.61499e-26 2.21874e-27 3.83606e-32 2.56785e-36 1.36028 0.0165158 0.552867 0.002245
5.37363 0.000999656 5.08418e-06 3.81293e-05 2.65537e-13 3.12665e-11 0.000113855 1.28248e-09 1.94776e-14 1.15597e-18 7.18174e-26 3.11388e-27 5.90219e-32 4.14765e-36 1.35768 0.0169234 0.551409 0.00224921
5.64232 0.000999655 4.93966e-06 3.9746e-05 2.88265e-13 2.99191e-11 0.000118351 1.43922e-09 2.27348e-14 1.41742e-18 9.1767e-26 4.35429e-27 9.03508e-32 6.66777e-36 1.35508 0.0173223 0.549961 0.00225091
5.92443 0.000999653 4.79989e-06 4.1432e-05 3.12881e-13 2.86246e-11 0.000122941 1.614e-09 2.65006e-14 1.73314e-18 1.17552e-25 6.10303e-27 1.38657e-31 1.07481e-35 1.3525 0.0177122 0.548525 0.00225025
6.22065 0.000999652 4.66477e-06 4.31906e-05 3.3973e-13 2.73831e-11 0.000127625 1.80905e-09 3.08983e-14 2.11749e-18 1.49691e-25 8.53832e-27 2.12689e-31 1.73247e-35 1.34992 0.0180931 0.547104 0.00224737
6.53169 0.000999652 4.53404e-06 4.50251e-05 3.68925e-13 2.61922e-11 0.000132403 2.02663e-09 3.60097e-14 2.5838e-18 1.90384e-25 1.19338e-26 3.25891e-31 2.7906e-35 1.34736 0.0184651 0.545699 0.00224245
6.85827 0.000999653 4.40748e-06 4.69385e-05 4.00668e-13 2.50506e-11 0.000137278 2.26926e-09 4.19495e-14 3.14888e-18 2.41851e-25 1.6667e-26 4.98925e-31 4.49277e-35 1.34481 0.0188284 0.544312 0.0022357
7.20118 0.000999655 4.28489e-06 4.89338e-05 4.35174e-13 2.39567e-11 0.000142251 2.53972e-09 4.88488e-14 3.83287e-18 3.06873e-25 2.32607e-26 7.63276e-31 7.23035e-35 1.34228 0.0191835 0.542945 0.00222735
7.56124 0.000999657 4.16601e-06 5.10149e-05 4.72691e-13 2.29086e-11 0.000147322 2.84136e-09 5.68667e-14 4.66372e-18 3.89267e-25 3.23949e-26 1.16364e-30 1.1602e-34 1.33977 0.0195308 0.541599 0.0022176
7.9393 0.000999659 4.05079e-06 5.31838e-05 5.13445e-13 2.19059e-11 0.000152494 3.17719e-09 6.61672e-14 5.66404e-18 4.929e-25 4.51434e-26 1.77569e-30 1.86364e-34 1.33727 0.0198711 0.540275 0.00220673
8.33627 0.000999661 3.93903e-06 5.54428e-05 5.57688e-13 2.09474e-11 0.000157768 3.55096e-09 7.69507e-14 6.87027e-18 6.23387e-25 6.28705e-26 2.70937e-30 2.99405e-34 1.3348 0.0202051 0.538975 0.00219499
8.75308 0.000999662 3.83061e-06 5.77942e-05 6.05685e-13 2.00319e-11 0.000163146 3.96668e-09 8.94436e-14 8.32259e-18 7.87442e-25 8.74832e-26 4.13037e-30 4.8072e-34 1.33233 0.0205338 0.537699 0.00218264
9.19074 0.000999662 3.72537e-06 6.02399e-05 6.57712e-13 1.91583e-11 0.000168631 4.42869e-09 1.03903e-13 1.00684e-17 9.9334e-25 1.21615e-25 6.28927e-30 7.71098e-34 1.32989 0.0208583 0.536448 0.00216997
9.65027 0.000999659 3.6232e-06 6.27817e-05 7.14058e-13 1.83255e-11 0.000174226 4.94172e-09 1.20621e-13 1.21631e-17 1.25122e-24 1.68885e-25 9.56377e-30 1.23542e-33 1.32745 0.0211797 0.535222 0.00215725
10.1328 0.000999651 3.52396e-06 6.54209e-05 7.75019e-13 1.75324e-11 0.000179934 5.51083e-09 1.39929e-13 1.46716e-17 1.57351e-24 2.34257e-25 1.45212e-29 1.97661e-33 1.32503 0.0214993 0.534021 0.00214475
10.6394 0.000999638 3.42755e-06 6.81586e-05 8.409e-13 1.67777e-11 0.000185758 6.14152e-09 1.62198e-13 1.76694e-17 1.97533e-24 3.24507e-25 2.20105e-29 3.15732e-33 1.3226 0.0218183 0.532844 0.00213274
11.1714 0.000999616 3.33384e-06 7.09957e-05 9.12017e-13 1.60602e-11 0.000191704 6.83968e-09 1.87852e-13 2.12443e-17 2.47508e-24 4.48861e-25 3.32978e-29 5.03381e-33 1.32018 0.022138 0.531691 0.00212147
11.73 0.000999585 3.24276e-06 7.39322e-05 9.88695e-13 1.53787e-11 0.000197777 7.61161e-09 2.17368e-13 2.54981e-17 3.09457e-24 6.19825e-25 5.02657e-29 8.00846e-33 1.31775 0.0224598 0.530561 0.0021112
12.3165 0.000999545 3.1542e-06 7.69669e-05 1.07126e-12 1.47318e-11 0.000203983 8.46368e-09 2.51293e-13 3.05467e-17 3.85851e-24 8.54239e-25 7.57121e-29 1.27112e-32 1.3153 0.0227851 0.529452 0.00210215
12.9323 0.000999509 3.06816e-06 8.00941e-05 1.15992e-12 1.4119e-11 0.000210329 9.4017e-09 2.90205e-13 3.65109e-17 4.79328e-24 1.1745e-24 1.13806e-28 2.01246e-32 1.31284 0.0231154 0.528362 0.00209459
13.5789 0.000999497 2.9847e-06 8.33035e-05 1.25465e-12 1.3541e-11 0.000216824 1.04304e-08 3.34612e-13 4.35e-17 5.92872e-24 1.60977e-24 1.70721e-28 3.17697e-32 1.31034 0.0234529 0.52729 0.00208877
14.2579 0.000999515 2.90374e-06 8.65952e-05 1.3553e-12 1.29971e-11 0.000223475 1.15582e-08 3.84841e-13 5.16501e-17 7.32301e-24 2.19755e-24 2.54162e-28 4.98071e-32 1.3078 0.0237985 0.526234 0.00208489
14.9707 0.000999538 2.82494e-06 8.99735e-05 1.46284e-12 1.24821e-11 0.000230287 1.27943e-08 4.42161e-13 6.12222e-17 9.01389e-24 2.99123e-24 3.77216e-28 7.77325e-32 1.30522 0.0241528 0.52519 0.00208299
15.7193 0.000999567 2.74833e-06 9.34377e-05 1.57736e-12 1.19954e-11 0.000237267 1.41471e-08 5.07226e-13 7.23776e-17 1.10612e-23 4.05926e-24 5.57708e-28 1.20791e-31 1.30257 0.0245164 0.524156 0.00208314
16.5052 0.000999597 2.67384e-06 9.69866e-05 1.69915e-12 1.15353e-11 0.000244425 1.56257e-08 5.80941e-13 8.53457e-17 1.3533e-23 5.49168e-24 8.21185e-28 1.86828e-31 1.29987 0.0248898 0.52313 0.00208539
17.3305 0.000999629 2.60142e-06 0.000100619 1.82848e-12 1.11002e-11 0.00025177 1.72397e-08 6.64308e-13 1.00377e-16 1.65083e-23 7.40654e-24 1.20408e-27 2.8759e-31 1.29708 0.0252732 0.522108 0.00208972
18.197 0.00099966 2.531e-06 0.000104335 1.96567e-12 1.06885e-11 0.00025931 1.89995e-08 7.58434e-13 1.17753e-16 2.00788e-23 9.95828e-24 1.75811e-27 4.4057e-31 1.29422 0.0256668 0.521086 0.00209612
19.1069 0.000999687 2.46255e-06 0.000108135 2.11105e-12 1.02987e-11 0.000267055 2.09163e-08 8.64546e-13 1.37789e-16 2.43516e-23 1.33485e-23 2.55644e-27 6.71711e-31 1.29127 0.0260702 0.520063 0.0021045
20.0622 0.000999679 2.39586e-06 0.000112032 2.26553e-12 9.92727e-12 0.000275009 2.30089e-08 9.84425e-13 1.61022e-16 2.94881e-23 1.78284e-23 3.70258e-27 1.02038e-30 1.28822 0.0264823 0.519033 0.00211468
21.0653 0.000999688 2.33136e-06 0.000116003 2.42775e-12 9.57912e-12 0.000283189 2.52765e-08 1.11758e-12 1.87135e-16 3.57679e-23 2.37873e-23 5.33834e-27 1.54101e-30 1.28506 0.0269034 0.517996 0.00212666
22.1186 0.000999622 2.26818e-06 0.000120094 2.60164e-12 9.24142e-12 0.00029159 2.77595e-08 1.26974e-12 2.1795e-16 4.31047e-23 3.163e-23 7.69424e-27 2.32686e-30 1.2818 0.0273304 0.516946 0.00214002
23.2245 0.000999559 2.20695e-06 0.000124268 2.78524e-12 8.92177e-12 0.000300229 3.04493e-08 1.44019e-12 2.52881e-16 5.17302e-23 4.20081e-23 1.10457e-26 3.49387e-30 1.27842 0.027764 0.515882 0.00215479
24.3858 0.000999499 2.14751e-06 0.000128528 2.97904e-12 8.61762e-12 0.00030911 3.33647e-08 1.6311e-12 2.92749e-16 6.19233e-23 5.56655e-23 1.58102e-26 5.22544e-30 1.27492 0.0282025 0.514799 0.00217077
25.6051 0.000999438 2.08983e-06 0.000132878 3.18362e-12 8.32781e-12 0.000318235 3.65233e-08 1.84473e-12 3.38161e-16 7.39473e-23 7.35809e-23 2.25529e-26 7.78328e-30 1.27129 0.0286442 0.513696 0.00218772
26.8853 0.000999375 2.03385e-06 0.000137323 3.39964e-12 8.05109e-12 0.000327605 3.9944e-08 2.08365e-12 3.8983e-16 8.81135e-23 9.70468e-23 3.20674e-26 1.15477e-29 1.26752 0.0290867 0.512569 0.00220537
28.2296 0.000999308 1.97953e-06 0.000141868 3.62784e-12 7.78634e-12 0.000337223 4.3647e-08 2.35069e-12 4.48561e-16 1.04783e-22 1.27753e-22 4.54657e-26 1.70719e-29 1.26362 0.0295274 0.511418 0.00222344
29.641 0.000999238 1.92682e-06 0.000146521 3.86902e-12 7.53255e-12 0.000347089 4.76541e-08 2.64902e-12 5.15265e-16 1.24374e-22 1.67907e-22 6.43022e-26 2.51591e-29 1.25958 0.0299637 0.510239 0.00224163
31.1231 0.000999163 1.87569e-06 0.000151286 4.12406e-12 7.2888e-12 0.000357203 5.19886e-08 2.98219e-12 5.9097e-16 1.47369e-22 2.20397e-22 9.07489e-26 3.69727e-29 1.2554 0.0303924 0.50903 0.00225963
32.6793 0.000999085 1.82609e-06 0.00015617 4.39392e-12 7.05431e-12 0.000367563 5.66749e-08 3.3541e-12 6.76838e-16 1.74323e-22 2.89007e-22 1.27839e-25 5.41968e-29 1.25108 0.0308105 0.507791 0.00227712
34.3132 0.000999005 1.77799e-06 0.00016118 4.67959e-12 6.82838e-12 0.000378169 6.17395e-08 3.76911e-12 7.74176e-16 2.05874e-22 3.78692e-22 1.79805e-25 7.92666e-29 1.24661 0.0312143 0.50652 0.00229377
36.0289 0.000998927 1.73134e-06 0.000166322 4.98218e-12 6.61038e-12 0.000389016 6.72104e-08 4.232e-12 8.84463e-16 2.42768e-22 4.95953e-22 2.52556e-25 1.15704e-28 1.24199 0.0316004 0.505216 0.00230926
37.8303 0.000998851 1.68612e-06 0.000171605 5.30292e-12 6.39974e-12 0.0004001 7.31181e-08 4.74815e-12 1.00938e-15 2.85879e-22 6.49326e-22 3.54349e-25 1.68608e-28 1.23722 0.0319649 0.503878 0.00232323
39.7218 0.000998779 1.64229e-06 0.000177038 5.64316e-12 6.1959e-12 0.000411416 7.9496e-08 5.32354e-12 1.15086e-15 3.36253e-22 8.50047e-22 4.96747e-25 2.45368e-28 1.23231 0.0323037 0.502504 0.00233534
41.7079 0.00099871 1.59979e-06 0.000182632 6.00447e-12 5.99835e-12 0.000422957 8.63806e-08 5.96495e-12 1.31113e-15 3.95132e-22 1.11295e-21 6.95982e-25 3.56715e-28 1.22724 0.0326125 0.501096 0.00234524
43.7933 0.000998646 1.55859e-06 0.000188397 6.38859e-12 5.80659e-12 0.000434715 9.38118e-08 6.67999e-12 1.49274e-15 4.63997e-22 1.45767e-21 9.74894e-25 5.18263e-28 1.22203 0.032887 0.499652 0.00235256
45.983 0.000998585 1.51865e-06 0.000194346 6.79743e-12 5.62017e-12 0.000446682 1.01833e-07 7.47724e-12 1.69866e-15 5.44604e-22 1.91031e-21 1.36571e-24 7.5277e-28 1.21667 0.0331227 0.498173 0.00235695
48.2821 0.000998526 1.47994e-06 0.000200494 7.23314e-12 5.4387e-12 0.000458847 1.1049e-07 8.36636e-12 1.93231e-15 6.39037e-22 2.50561e-21 1.914e-24 1.0935e-27 1.21116 0.033315 0.496658 0.00235806
50.6963 0.000998468 1.4424e-06 0.000206853 7.69805e-12 5.26183e-12 0.0004712 1.19834e-07 9.35819e-12 2.19762e-15 7.49769e-22 3.28998e-21 2.6844e-24 1.58916e-27 1.20551 0.0334593 0.495109 0.00235553
53.2311 0.000998412 1.40601e-06 0.000213439 8.19474e-12 5.08925e-12 0.000483729 1.29919e-07 1.04649e-11 2.49913e-15 8.79746e-22 4.32557e-21 3.7688e-24 2.31131e-27 1.19972 0.033551 0.493527 0.00234904
55.8926 0.000998357 1.37073e-06 0.000220267 8.72601e-12 4.9207e-12 0.00049642 1.40803e-07 1.17002e-11 2.84209e-15 1.03247e-21 5.69584e-21 5.29824e-24 3.36531e-27 1.19379 0.0335857 0.491912 0.00233826
58.6872 0.000998302 1.33653e-06 0.000227353 9.29497e-12 4.75596e-12 0.000509258 1.52549e-07 1.30794e-11 3.23257e-15 1.21212e-21 7.51315e-21 7.4601e-24 4.90675e-27 1.18773 0.0335587 0.490264 0.00232287
61.6216 0.000998247 1.30338e-06 0.000234713 9.90497e-12 4.59482e-12 0.000522227 1.65224e-07 1.46196e-11 3.67759e-15 1.42367e-21 9.92928e-21 1.05231e-23 7.16608e-27 1.18154 0.0334659 0.488587 0.00230259
64.7027 0.000998192 1.27125e-06 0.000242366 1.05597e-11 4.43715e-12 0.000535309 1.789e-07 1.63402e-11 4.18527e-15 1.67307e-21 1.31497e-20 1.48739e-23 1.04856e-26 1.17522 0.033303 0.486882 0.00227715
67.9378 0.000998139 1.24011e-06 0.00025033 1.12632e-11 4.28279e-12 0.000548484 1.93652e-07 1.82626e-11 4.76501e-15 1.9674e-21 1.74535e-20 2.107e-23 1.53752e-26 1.16879 0.0330663 0.48515 0.00224632
71.3347 0.000998087 1.20993e-06 0.000258622 1.20199e-11 4.13166e-12 0.00056173 2.09561e-07 2.04109e-11 5.42768e-15 2.31515e-21 2.32206e-20 2.99179e-23 2.25969e-26 1.16225 0.0327523 0.483394 0.00220988
74.9015 0.000998039 1.18069e-06 0.000267263 1.28345e-11 3.98367e-12 0.000575024 2.26712e-07 2.2812e-11 6.18589e-15 2.72639e-21 3.09696e-20 4.25878e-23 3.32924e-26 1.15561 0.032358 0.481617 0.00216768
78.6465 0.000997996 1.15236e-06 0.000276272 1.37123e-11 3.83876e-12 0.00058834 2.45196e-07 2.54956e-11 7.05421e-15 3.21324e-21 4.14101e-20 6.07815e-23 4.91775e-26 1.14887 0.0318808 0.479823 0.00211961
82.5788 0.000997889 1.12481e-06 0.000285708 1.46682e-11 3.69507e-12 0.000601639 2.65179e-07 2.85252e-11 8.05993e-15 3.73118e-21 5.5662e-20 8.81074e-23 7.34187e-26 1.14206 0.0313177 0.478013 0.00206553
86.7078 0.000997796 1.09821e-06 0.000295554 1.56942e-11 3.55579e-12 0.000614906 2.8668e-07 3.189e-11 9.20732e-15 4.41128e-21 7.47819e-20 1.26333e-22 1.08946e-25 1.13518 0.0306698 0.476193 0.00200551
91.0432 0.000997712 1.07247e-06 0.000305833 1.68026e-11 3.41951e-12 0.000628103 3.09821e-07 3.5652e-11 1.0526e-14 5.21883e-21 1.00883e-19 1.81972e-22 1.62442e-25 1.12825 0.0299363 0.474368 0.00193965
95.5953 0.000997635 1.04754e-06 0.00031657 1.80007e-11 3.28627e-12 0.000641196 3.3471e-07 3.98565e-11 1.20421e-14 6.18131e-21 1.36446e-19 2.62908e-22 2.42968e-25 1.12128 0.0291184 0.472543 0.00186812
100.375 0.00099767 1.02349e-06 0.000327712 1.92875e-11 3.1571e-12 0.000654186 3.6122e-07 4.4515e-11 1.37661e-14 7.32157e-21 1.8299e-19 3.71333e-22 3.55606e-25 1.11431 0.0282176 0.470721 0.00179106
105.394 0.000997704 1.0002e-06 0.000339367 2.06813e-11 3.03071e-12 0.000666991 3.8982e-07 4.97345e-11 1.57603e-14 8.68229e-21 2.48196e-19 5.37681e-22 5.32773e-25 1.10734 0.0272391 0.468913 0.00170896
110.664 0.000997736 9.77652e-07 0.000351561 2.21918e-11 2.9072e-12 0.000679577 4.20521e-07 5.55643e-11 1.80588e-14 1.03096e-20 3.37817e-19 7.82449e-22 8.02988e-25 1.1004 0.0261881 0.467125 0.00162231
116.197 0.00099774 9.5585e-07 0.000364336 2.38224e-11 2.78702e-12 0.000691898 4.53479e-07 6.20472e-11 2.0697e-14 1.24165e-20 4.60116e-19 1.1376e-21 1.21393e-24 1.09353 0.0250727 0.465365 0.00153173
122.007 0.000997744 9.34727e-07 0.000377699 2.55989e-11 2.66916e-12 0.000703922 4.88803e-07 6.93155e-11 2.37577e-14 1.47797e-20 6.3034e-19 1.66656e-21 1.84155e-24 1.08675 0.0239013 0.463642 0.00143794
128.107 0.000997749 9.1429e-07 0.000391673 2.75253e-11 2.55436e-12 0.00071561 5.26608e-07 7.742e-11 2.72897e-14 1.761e-20 8.65141e-19 2.44624e-21 2.80001e-24 1.08009 0.0226853 0.461965 0.00134178
134.512 0.000997754 8.94517e-07 0.000406285 2.96144e-11 2.44265e-12 0.00072692 5.67021e-07 8.64503e-11 3.13676e-14 2.10012e-20 1.1906e-18 3.60302e-21 4.27345e-24 1.07358 0.0214383 0.460344 0.00124426
141.238 0.000997758 8.75386e-07 0.000421557 3.18801e-11 2.33411e-12 0.000737813 6.10166e-07 9.65028e-11 3.6076e-14 2.50639e-20 1.64212e-18 5.31993e-21 6.53915e-24 1.06727 0.0201755 0.458789 0.00114647
148.3 0.00099776 8.56871e-07 0.000437511 3.43369e-11 2.22878e-12 0.000748255 6.56161e-07 1.07681e-10 4.15115e-14 2.99301e-20 2.26934e-18 7.87216e-21 1.00294e-23 1.06118 0.0189132 0.457309 0.00104957
155.715 0.000997761 8.38948e-07 0.000454168 3.69997e-11 2.12671e-12 0.000758216 7.0512e-07 1.20096e-10 4.77843e-14 3.57609e-20 3.14145e-18 1.16706e-20 1.54137e-23 1.05535 0.0176692 0.455915 0.000954784
163.5 0.000997761 8.2159e-07 0.000471546 3.98838e-11 2.02797e-12 0.000767668 7.5715e-07 1.33864e-10 5.50193e-14 4.27499e-20 4.35479e-18 1.73278e-20 2.37283e-23 1.04981 0.0164619 0.454616 0.000863337
171.675 0.00099776 8.04771e-07 0.000489662 4.30055e-11 1.93258e-12 0.000776593 8.12351e-07 1.49111e-10 6.33581e-14 5.11251e-20 6.04348e-18 2.57567e-20 3.65759e-23 1.04459 0.0153096 0.45342 0.000776413
180.259 0.000997759 7.88462e-07 0.000508529 4.63819e-11 1.8406e-12 0.000784975 8.70818e-07 1.65968e-10 7.29602e-14 6.11532e-20 8.39385e-18 3.83164e-20 5.64316e-23 1.03971 0.0142298 0.452334 0.00069511
189.272 0.000997756 7.72636e-07 0.000528162 5.00307e-11 1.75204e-12 0.000792807 9.32638e-07 1.84577e-10 8.40052e-14 7.31469e-20 1.16642e-17 5.7025e-20 8.7111e-23 1.0352 0.0132388 0.451364 0.000620379
198.736 0.000997751 7.57263e-07 0.000548571 5.39704e-11 1.66692e-12 0.000800091 9.97891e-07 2.05084e-10 9.66943e-14 8.74729e-20 1.62118e-17 8.48724e-20 1.34482e-22 1.03105 0.0123503 0.450513 0.00055298
208.673 0.000998074 7.42398e-07 0.000569461 5.81581e-11 1.58656e-12 0.000806997 1.06584e-06 2.27354e-10 1.11026e-13 1.043e-19 2.24411e-17 1.25335e-19 2.05702e-22 1.0273 0.0115802 0.449787 0.000493815
219.106 0.000998139 7.27776e-07 0.000591379 6.27066e-11 1.50754e-12 0.000813244 1.13797e-06 2.51983e-10 1.2763e-13 1.24532e-19 3.11378e-17 1.86686e-19 3.18426e-22 1.02389 0.0109249 0.449177 0.000442423
230.062 0.000998249 7.13661e-07 0.000614066 6.75928e-11 1.43335e-12 0.000819036 1.21365e-06 2.78983e-10 1.46621e-13 1.48723e-19 4.31893e-17 2.76952e-19 4.9019e-22 1.02083 0.0103954 0.448682 0.000399069
241.565 0.000998209 6.99819e-07 0.000637671 7.28907e-11 1.36163e-12 0.000824247 1.29337e-06 3.08687e-10 1.68337e-13 1.77524e-19 5.98574e-17 4.10502e-19 7.54769e-22 1.01809 0.00999402 0.448301 0.000363784
253.643 0.000998172 6.86304e-07 0.000662085 7.85832e-11 1.29332e-12 0.000829017 1.37683e-06 3.41147e-10 1.93091e-13 2.11641e-19 8.29141e-17 6.08027e-19 1.16049e-21 1.01564 0.00971567 0.448024 0.00033593
266.325 0.000998137 6.73077e-07 0.000687315 8.46935e-11 1.22816e-12 0.00083337 1.46413e-06 3.76564e-10 2.21258e-13 2.51992e-19 1.14687e-16 8.98819e-19 1.78078e-21 1.01345 0.00955506 0.447842 0.000314889
279.641 0.000998114 6.60123e-07 0.000713363 9.12445e-11 1.16613e-12 0.000837344 1.55531e-06 4.15139e-10 2.53254e-13 2.99583e-19 1.58383e-16 1.32569e-18 2.72535e-21 1.01146 0.00950529 0.447746 0.00029995
293.623 0.000998116 6.47427e-07 0.000740226 9.82566e-11 1.10716e-12 0.000840981 1.65041e-06 4.57079e-10 2.89581e-13 3.55408e-19 2.18409e-16 1.95115e-18 4.15754e-21 1.00964 0.00955831 0.447728 0.000290349
308.305 0.000998137 6.34986e-07 0.00076792 1.05746e-10 1.05119e-12 0.000844306 1.74949e-06 5.02581e-10 3.30826e-13 4.2063e-19 3.00784e-16 2.86598e-18 6.32253e-21 1.00795 0.00970545 0.447777 0.000285302
323.72 0.000998138 6.22777e-07 0.000796468 1.13749e-10 9.97974e-13 0.000847319 1.85265e-06 5.51915e-10 3.77419e-13 4.97532e-19 4.13267e-16 4.19604e-18 9.59619e-21 1.00634 0.00993787 0.447886 0.000284038
339.906 0.000998109 6.10782e-07 0.000825905 1.22308e-10 9.47374e-13 0.000850038 1.96003e-06 6.05393e-10 4.30012e-13 5.88052e-19 5.66507e-16 6.126e-18 1.45358e-20 1.00476 0.0102482 0.448046 0.000285908
356.901 0.000998068 5.99007e-07 0.000856248 1.31442e-10 8.99424e-13 0.000852496 2.07167e-06 6.63256e-10 4.89363e-13 6.94111e-19 7.74884e-16 8.91359e-18 2.19687e-20 1.00319 0.0106297 0.448252 0.000290339
374.746 0.000997686 5.87329e-07 0.00088778 1.41325e-10 8.52601e-13 0.000854458 2.18862e-06 7.26465e-10 5.57061e-13 8.19148e-19 1.06426e-15 1.3121e-17 3.33715e-20 1.00159 0.0110831 0.448503 0.000297066
393.483 0.000997865 5.75968e-07 0.000919706 1.51659e-10 8.09862e-13 0.00085662 2.30818e-06 7.93585e-10 6.31661e-13 9.6299e-19 1.44352e-15 1.87254e-17 4.95081e-20 0.999947 0.0115819 0.448779 0.000305027
413.158 0.000997865 5.64696e-07 0.000952723 1.62784e-10 7.6833e-13 0.000858411 2.43285e-06 8.6648e-10 7.16155e-13 1.13137e-18 1.96796e-15 2.72768e-17 7.43659e-20 0.998237 0.0121444 0.449094 0.000314669
433.815 0.000997821 5.53657e-07 0.000986705 1.74606e-10 7.29151e-13 0.000859962 2.56187e-06 9.4488e-10 8.11036e-13 1.32725e-18 2.67363e-15 3.93541e-17 1.10765e-19 0.996441 0.0127601 0.449438 0.000325479
455.506 0.000997965 5.42854e-07 0.00102145 1.87103e-10 6.92576e-13 0.000861457 2.69472e-06 1.02875e-09 9.16269e-13 1.5537e-18 3.60495e-15 5.59637e-17 1.63896e-19 0.994539 0.0134177 0.449805 0.000337009
478.282 0.000997971 5.32128e-07 0.00105736 2.00533e-10 6.57143e-13 0.000862628 2.83284e-06 1.11949e-09 1.03526e-12 1.8182e-18 4.88628e-15 8.08211e-17 2.43826e-19 0.992527 0.0141305 0.450205 0.000349641
502.196 0.000998166 5.21693e-07 0.00109403 2.14636e-10 6.24266e-13 0.000863759 2.97452e-06 1.21602e-09 1.16661e-12 2.12097e-18 6.55747e-15 1.14179e-16 3.58357e-19 0.990392 0.0148773 0.450624 0.000362689
527.305 0.000998406 5.11361e-07 0.00113173 2.29697e-10 5.92797e-13 0.00086471 3.12103e-06 1.3198e-09 1.31358e-12 2.4723e-18 8.81203e-15 1.62596e-16 5.28604e-19 0.988134 0.0156679 0.451069 0.000376464
553.671 0.000998646 5.01247e-07 0.00117045 2.45726e-10 5.6313e-13 0.000865461 3.27211e-06 1.43127e-09 1.47835e-12 2.88173e-18 1.1855e-14 2.31478e-16 7.77175e-19 0.985724 0.0164939 0.451536 0.000390634
581.354 0.000998601 4.91239e-07 0.00121056 2.62859e-10 5.34443e-13 0.000865777 3.42878e-06 1.55107e-09 1.66279e-12 3.35439e-18 1.59402e-14 3.29924e-16 1.14545e-18 0.983179 0.0173678 0.452034 0.000405653
610.422 0.00099856 4.81393e-07 0.00125177 2.81061e-10 5.07211e-13 0.000865891 3.59013e-06 1.6792e-09 1.86823e-12 3.89959e-18 2.13366e-14 4.66423e-16 1.67568e-18 0.980489 0.0182726 0.452554 0.000421049
640.943 0.00099852 4.71709e-07 0.00129411 3.00396e-10 4.81354e-13 0.000865793 3.7562e-06 1.81616e-09 2.09688e-12 4.52788e-18 2.85084e-14 6.57865e-16 2.44564e-18 0.977656 0.0192056 0.453096 0.000436804
672.99 0.00099848 4.62184e-07 0.0013376 3.20929e-10 4.56799e-13 0.000865475 3.92703e-06 1.96241e-09 2.35117e-12 5.25119e-18 3.8018e-14 9.25493e-16 3.55998e-18 0.974684 0.0201631 0.453659 0.000452883
706.64 0.000998437 4.52818e-07 0.00138228 3.42727e-10 4.33478e-13 0.00086493 4.10261e-06 2.11847e-09 2.63375e-12 6.08306e-18 5.06041e-14 1.2987e-15 5.1688e-18 0.971576 0.021141 0.454243 0.000469251
741.972 0.00099839 4.43608e-07 0.00142817 3.65863e-10 4.11325e-13 0.000864154 4.28295e-06 2.28485e-09 2.94751e-12 7.0389e-18 6.72311e-14 1.81782e-15 7.48581e-18 0.968339 0.0221348 0.454846 0.000485869
779.07 0.000998342 4.34551e-07 0.0014753 3.90412e-10 3.90281e-13 0.000863142 4.46805e-06 2.46209e-09 3.29562e-12 8.13608e-18 8.91556e-14 2.53811e-15 1.08145e-17 0.964978 0.0231398 0.455468 0.000502708
818.024 0.000998299 4.25647e-07 0.0015237 4.16451e-10 3.70292e-13 0.000861894 4.65788e-06 2.65072e-09 3.68152e-12 9.39425e-18 1.18011e-13 3.53503e-15 1.55851e-17 0.961502 0.0241514 0.456108 0.000519743
858.925 0.000998276 4.16891e-07 0.0015734 4.44062e-10 3.51306e-13 0.000860414 4.85243e-06 2.85132e-09 4.1089e-12 1.08355e-17 1.55927e-13 4.91147e-15 2.23985e-17 0.957922 0.0251649 0.456764 0.000536957
901.871 0.000998289 4.08282e-07 0.00162441 4.73327e-10 3.33279e-13 0.000858708 5.05166e-06 3.06443e-09 4.58179e-12 1.24848e-17 2.05647e-13 6.80804e-15 3.21156e-17 0.954247 0.0261758 0.457436 0.000554342
946.965 0.000998353 3.99816e-07 0.00167678 5.04338e-10 3.16159e-13 0.000856781 5.25555e-06 3.29069e-09 5.10458e-12 1.43701e-17 2.70679e-13 9.41122e-15 4.59514e-17 0.95049 0.02718 0.458122 0.000571906
994.313 0.000998497 3.91489e-07 0.00173053 5.37193e-10 2.99906e-13 0.000854645 5.46409e-06 3.53072e-09 5.68204e-12 1.65232e-17 3.55673e-13 1.29824e-14 6.55897e-17 0.946664 0.0281737 0.458822 0.000589664
1044.03 0.000998746 3.83294e-07 0.00178572 5.72002e-10 2.84475e-13 0.000852309 5.67729e-06 3.78525e-09 6.3195e-12 1.89806e-17 4.66588e-13 1.78741e-14 9.34587e-17 0.942781 0.0291542 0.459536 0.000607655
1096.23 0.000998763 3.75307e-07 0.00184213 6.08712e-10 2.69826e-13 0.000849498 5.89364e-06 4.05339e-09 7.0212e-12 2.17746e-17 6.10896e-13 2.4476e-14 1.32512e-16 0.938883 0.0301211 0.460263 0.000626012
1151.04 0.00099879 3.6747e-07 0.00189994 6.47524e-10 2.5592e-13 0.000846426 6.11413e-06 4.33676e-09 7.79347e-12 2.4952e-17 7.9691e-13 3.34337e-14 1.87411e-16 0.934929 0.0310616 0.460996 0.00064442
1208.59 0.000998775 3.59777e-07 0.00195927 6.88596e-10 2.4269e-13 0.000843021 6.33875e-06 4.63621e-09 8.6446e-12 2.85693e-17 1.03834e-12 4.55945e-14 2.64513e-16 0.93094 0.0319802 0.46174 0.000663115
1269.02 0.000998756 3.52231e-07 0.00202007 7.32001e-10 2.30124e-13 0.000839308 6.56717e-06 4.95206e-09 9.58068e-12 3.26785e-17 1.34965e-12 6.19759e-14 3.72111e-16 0.926937 0.0328751 0.462493 0.000682163
1332.47 0.000998736 3.44832e-07 0.00208237 7.77853e-10 2.18187e-13 0.000835277 6.79921e-06 5.28487e-09 1.06093e-11 3.73413e-17 1.75047e-12 8.39976e-14 5.22151e-16 0.922933 0.0337459 0.463257 0.000701647
1399.1 0.000998731 3.37576e-07 0.00214618 8.26264e-10 2.06852e-13 0.000830932 7.03466e-06 5.63514e-09 1.17383e-11 4.26261e-17 2.26492e-12 1.13463e-13 7.30424e-16 0.918939 0.0345924 0.46403 0.000721641
1469.05 0.000998742 3.30467e-07 0.00221151 8.77341e-10 1.9609e-13 0.000826263 7.27323e-06 6.00329e-09 1.29764e-11 4.86083e-17 2.92526e-12 1.52981e-13 1.01987e-15 0.914965 0.035415 0.464814 0.000742237
1542.51 0.000998758 3.23499e-07 0.00227841 9.31233e-10 1.85866e-13 0.000821252 7.51478e-06 6.38997e-09 1.43333e-11 5.53757e-17 3.76891e-12 2.05557e-13 1.41944e-15 0.911018 0.0362149 0.465609 0.000763532
1619.63 0.000998775 3.16673e-07 0.00234691 9.88077e-10 1.76152e-13 0.000815885 7.75905e-06 6.79568e-09 1.58193e-11 6.30243e-17 4.84512e-12 2.75427e-13 1.97035e-15 0.907104 0.0369933 0.466417 0.000785624
1700.61 0.000998792 3.09986e-07 0.00241703 1.04801e-09 1.66921e-13 0.000810151 8.00577e-06 7.22088e-09 1.74456e-11 7.16602e-17 6.21451e-12 3.67969e-13 2.72752e-15 0.903227 0.0377519 0.467237 0.00080862
1785.64 0.000998817 3.03438e-07 0.00248879 1.11117e-09 1.5815e-13 0.000804046 8.2546e-06 7.66594e-09 1.92235e-11 8.13994e-17 7.95267e-12 4.90251e-13 3.76524e-15 0.899393 0.0384924 0.468072 0.000832631
1874.93 0.000998802 2.97026e-07 0.00256226 1.17776e-09 1.49804e-13 0.000797519 8.50535e-06 8.13158e-09 2.11677e-11 9.23836e-17 1.01535e-11 6.5102e-13 5.18329e-15 0.895602 0.0392179 0.468924 0.000857794
1968.67 0.000998787 2.90751e-07 0.00263743 1.24789e-09 1.41872e-13 0.000790594 8.75756e-06 8.61787e-09 2.329e-11 1.04749e-16 1.2933e-11 8.62124e-13 7.11626e-15 0.891858 0.0399298 0.469793 0.000884214
2067.11 0.000998772 2.8461e-07 0.0027143 1.32171e-09 1.34332e-13 0.000783259 9.0108e-06 9.12504e-09 2.56047e-11 1.18653e-16 1.64327e-11 1.13813e-12 9.74177e-15 0.888164 0.040631 0.470682 0.000912026
2170.46 0.000998757 2.78603e-07 0.00279291 1.39939e-09 1.27165e-13 0.000775504 9.26467e-06 9.65332e-09 2.81271e-11 1.34273e-16 2.08272e-11 1.49781e-12 1.32972e-14 0.884521 0.0413242 0.471593 0.00094137
2278.98 0.000998742 2.72728e-07 0.00287326 1.4811e-09 1.20351e-13 0.000767319 9.51871e-06 1.02028e-08 3.08733e-11 1.51799e-16 2.6329e-11 1.96487e-12 1.80968e-14 0.880927 0.042012 0.472529 0.000972389
2392.93 0.000998725 2.66985e-07 0.00295539 1.567e-09 1.13872e-13 0.000758693 9.77244e-06 1.07736e-08 3.38606e-11 1.71445e-16 3.31963e-11 2.56917e-12 2.45604e-14 0.877382 0.0426972 0.473492 0.00100524
2512.58 0.000998708 2.61371e-07 0.00303929 1.65728e-09 1.0771e-13 0.000749616 1.00253e-05 1.13656e-08 3.7107e-11 1.93438e-16 4.1743e-11 3.34838e-12 3.3223e-14 0.873884 0.0433827 0.474486 0.00104007
2638.21 0.000998688 2.55885e-07 0.00312501 1.75212e-09 1.0185e-13 0.000740077 1.02768e-05 1.19786e-08 4.06319e-11 2.18034e-16 5.23458e-11 4.34935e-12 4.48024e-14 0.87043 0.0440709 0.475512 0.00107706
2770.12 0.000998667 2.50527e-07 0.00321255 1.8517e-09 9.62754e-14 0.00073007 1.05264e-05 1.26124e-08 4.44552e-11 2.45505e-16 6.54567e-11 5.63035e-12 6.02191e-14 0.867017 0.0447647 0.476575 0.00111639
2908.62 0.000998632 2.45294e-07 0.00330193 1.95623e-09 9.097e-14 0.000719575 1.07733e-05 1.32667e-08 4.85996e-11 2.76162e-16 8.16164e-11 7.2633e-12 8.07004e-14 0.863639 0.0454663 0.477678 0.00115824
3054.06 0.000998612 2.40186e-07 0.00339314 2.06586e-09 8.59244e-14 0.000708609 1.1017e-05 1.39407e-08 5.30846e-11 3.10308e-16 1.01457e-10 9.33608e-12 1.07803e-13 0.860297 0.0461783 0.478824 0.00120281
3206.76 0.00099862 2.35201e-07 0.00348617 2.18076e-09 8.11265e-14 0.000697174 1.12566e-05 1.46335e-08 5.79313e-11 3.48282e-16 1.25729e-10 1.19556e-11 1.43486e-13 0.856985 0.0469026 0.480018 0.0012503
3367.1 0.000998632 2.30338e-07 0.00358105 2.30117e-09 7.65605e-14 0.000685247 1.14915e-05 1.53445e-08 6.31663e-11 3.90476e-16 1.55316e-10 1.52538e-11 1.90347e-13 0.853698 0.0476416 0.481264 0.00130096
3535.45 0.000998643 2.25594e-07 0.00367781 2.42731e-09 7.22136e-14 0.00067282 1.17209e-05 1.60728e-08 6.88149e-11 4.37299e-16 1.91248e-10 1.93877e-11 2.51674e-13 0.850429 0.0483972 0.482566 0.00135502
3712.22 0.000998657 2.2097e-07 0.00377643 2.55935e-09 6.80756e-14 0.000659894 1.1944e-05 1.68168e-08 7.49023e-11 4.8918e-16 2.34706e-10 2.45459e-11 3.31547e-13 0.847174 0.0491709 0.483929 0.00141275
3897.84 0.000998674 2.16463e-07 0.00387693 2.69751e-09 6.41361e-14 0.000646471 1.216e-05 1.75753e-08 8.14542e-11 5.46577e-16 2.87046e-10 3.09522e-11 4.35176e-13 0.843926 0.0499642 0.485357 0.00147441
4092.73 0.000998666 2.12071e-07 0.00397934 2.84207e-09 6.03821e-14 0.000632529 1.23679e-05 1.83468e-08 8.85027e-11 6.10021e-16 3.49831e-10 3.88734e-11 5.69113e-13 0.840675 0.0507783 0.486857 0.00154031
4297.36 0.000998673 2.07793e-07 0.00408361 2.99314e-09 5.68084e-14 0.000618104 1.25669e-05 1.91291e-08 9.60693e-11 6.79987e-16 4.24802e-10 4.86181e-11 7.4146e-13 0.837421 0.0516146 0.488434 0.00161079
4512.23 0.000998699 2.03629e-07 0.00418971 3.15092e-09 5.34063e-14 0.000603203 1.27559e-05 1.99198e-08 1.04181e-10 7.5701e-16 5.13893e-10 6.05417e-11 9.62371e-13 0.834159 0.0524736 0.490092 0.00168617
4737.84 0.000998716 1.99577e-07 0.00429769 3.31567e-09 5.01654e-14 0.000587819 1.2934e-05 2.07169e-08 1.12868e-10 8.41698e-16 6.19263e-10 7.50589e-11 1.24407e-12 0.830877 0.0533557 0.491839 0.00176682
4974.74 0.000998742 1.95633e-07 0.00440751 3.48758e-09 4.70789e-14 0.000571973 1.31002e-05 2.15177e-08 1.22159e-10 9.34642e-16 7.43275e-10 9.2639e-11 1.6018e-12 0.827569 0.0542611 0.493682 0.00185314
5223.47 0.000998772 1.91798e-07 0.00451916 3.66683e-09 4.41397e-14 0.00055568 1.32535e-05 2.23191e-08 1.3208e-10 1.03645e-15 8.88464e-10 1.13807e-10 2.0539e-12 0.82423 0.0551898 0.495626 0.00194558
5484.65 0.000998794 1.8807e-07 0.00463264 3.85367e-09 4.13399e-14 0.000538951 1.33928e-05 2.31181e-08 1.4266e-10 1.1478e-15 1.05755e-09 1.39154e-10 2.62261e-12 0.820849 0.0561414 0.497679 0.00204459
5758.88 0.000998813 1.84446e-07 0.00474793 4.04829e-09 3.86736e-14 0.000521812 1.3517e-05 2.39112e-08 1.53926e-10 1.26935e-15 1.25336e-09 1.69322e-10 3.33448e-12 0.81742 0.0571152 0.49985 0.0021507
6046.82 0.000998828 1.80925e-07 0.00486501 4.2509e-09 3.61347e-14 0.000504288 1.36252e-05 2.46947e-08 1.65905e-10 1.40178e-15 1.47881e-09 2.05008e-10 4.22111e-12 0.813934 0.0581101 0.502147 0.00226446
6349.16 0.00099884 1.77505e-07 0.00498385 4.46167e-09 3.37183e-14 0.000486412 1.37161e-05 2.54645e-08 1.78618e-10 1.54577e-15 1.7368e-09 2.46954e-10 5.31954e-12 0.810383 0.0591249 0.504579 0.00238647
6666.62 0.000998851 1.74185e-07 0.0051044 4.68075e-09 3.14193e-14 0.000468221 1.37888e-05 2.62162e-08 1.92086e-10 1.70197e-15 2.03013e-09 2.95924e-10 6.67301e-12 0.806758 0.0601576 0.507155 0.00251736
6999.95 0.000998864 1.70963e-07 0.00522663 4.90833e-09 2.92332e-14 0.000449755 1.38422e-05 2.69453e-08 2.06329e-10 1.87107e-15 2.36143e-09 3.52704e-10 8.33145e-12 0.803051 0.0612061 0.509886 0.00265785
7349.95 0.000998874 1.67836e-07 0.0053505 5.14455e-09 2.71555e-14 0.000431056 1.38752e-05 2.7647e-08 2.21363e-10 2.05373e-15 2.73301e-09 4.18066e-10 1.03521e-11 0.799251 0.062268 0.512782 0.00280868
7717.45 0.000998884 1.64804e-07 0.00547595 5.38954e-09 2.51822e-14 0.000412171 1.38869e-05 2.83162e-08 2.372e-10 2.25056e-15 3.14673e-09 4.92744e-10 1.27994e-11 0.795349 0.0633405 0.515855 0.00297069
8103.32 0.000998891 1.61864e-07 0.00560295 5.64344e-09 2.33096e-14 0.000393152 1.38762e-05 2.89477e-08 2.53851e-10 2.46218e-15 3.60385e-09 5.77403e-10 1.57456e-11 0.791335 0.0644203 0.519118 0.00314476
8508.49 0.000998897 1.59015e-07 0.00573141 5.90633e-09 2.15344e-14 0.000374052 1.38424e-05 2.95361e-08 2.71316e-10 2.6891e-15 4.10481e-09 6.72595e-10 1.927e-11 0.787198 0.065504 0.522585 0.00333189
8933.91 0.000998901 1.56254e-07 0.00586127 6.17829e-09 1.98533e-14 0.000354931 1.37846e-05 3.00759e-08 2.89596e-10 2.93183e-15 4.64909e-09 7.78705e-10 2.34583e-11 0.782928 0.0665878 0.526269 0.00353308
9380.6 0.000998904 1.5358e-07 0.00599247 6.45937e-09 1.82631e-14 0.000335846 1.37019e-05 3.05613e-08 3.08681e-10 3.19076e-15 5.23512e-09 8.95934e-10 2.84021e-11 0.778514 0.0676676 0.530188 0.00374949
9849.64 0.000998906 1.50991e-07 0.0061249 6.74959e-09 1.67612e-14 0.00031686 1.35938e-05 3.09867e-08 3.28556e-10 3.46621e-15 5.85994e-09 1.02421e-09 3.41966e-11 0.773946 0.0687392 0.534359 0.00398235
10342.1 0.000998906 1.48485e-07 0.00625848 7.04894e-09 1.53448e-14 0.000298037 1.34596e-05 3.13463e-08 3.492e-10 3.75838e-15 6.51918e-09 1.16316e-09 4.0938e-11 0.769212 0.0697981 0.5388 0.00423292
10859.2 0.000998904 1.4606e-07 0.00639312 7.35736e-09 1.40113e-14 0.000279439 1.32989e-05 3.16346e-08 3.70579e-10 4.06735e-15 7.20691e-09 1.31205e-09 4.87208e-11 0.764302 0.0708396 0.543531 0.00450263
11402.2 0.000998903 1.43715e-07 0.00652869 7.67478e-09 1.27582e-14 0.00026113 1.31112e-05 3.18459e-08 3.92651e-10 4.39304e-15 7.91557e-09 1.46977e-09 5.76346e-11 0.759205 0.0718589 0.548574 0.00479297
11972.3 0.000998902 1.41448e-07 0.00666508 8.00106e-09 1.15829e-14 0.000243171 1.28965e-05 3.19748e-08 4.15366e-10 4.73522e-15 8.63585e-09 1.63474e-09 6.77565e-11 0.753911 0.0728513 0.553954 0.00510546
12570.9 0.0009989 1.39256e-07 0.00680217 8.33603e-09 1.04831e-14 0.000225624 1.26545e-05 3.20163e-08 4.38656e-10 5.09342e-15 9.35693e-09 1.80496e-09 7.91484e-11 0.748409 0.0738117 0.559697 0.00544172
13199.5 0.000998898 1.37139e-07 0.00693981 8.67945e-09 9.4563e-15 0.000208546 1.23853e-05 3.19655e-08 4.62444e-10 5.46698e-15 1.00663e-08 1.97794e-09 9.1848e-11 0.74269 0.0747354 0.56583 0.00580338
13859.4 0.000998897 1.35095e-07 0.00707786 9.03103e-09 8.50019e-15 0.000191992 1.20892e-05 3.1818e-08 4.86633e-10 5.85493e-15 1.07502e-08 2.15073e-09 1.05861e-10 0.736744 0.0756171 0.572385 0.00619208
14552.4 0.000998896 1.33122e-07 0.00721615 9.39045e-09 7.6123e-15 0.000176014 1.17665e-05 3.15699e-08 5.11111e-10 6.25603e-15 1.13938e-08 2.32e-09 1.21157e-10 0.730562 0.076452 0.579394 0.00660936
15280 0.000998896 1.31218e-07 0.00735451 9.75726e-09 6.79025e-15 0.00016066 1.14177e-05 3.12177e-08 5.35744e-10 6.66862e-15 1.19815e-08 2.48201e-09 1.37653e-10 0.724134 0.0772346 0.586893 0.0070567
16044 0.000998895 1.29383e-07 0.00749275 1.0131e-08 6.03154e-15 0.00014597 1.10436e-05 3.07588e-08 5.60373e-10 7.09065e-15 1.24973e-08 2.63277e-09 1.55212e-10 0.71745 0.0779595 0.59492 0.00753542
16846.2 0.000998895 1.27614e-07 0.00763067 1.05111e-08 5.33375e-15 0.000131983 1.06452e-05 3.01911e-08 5.84804e-10 7.51945e-15 1.29256e-08 2.76811e-09 1.7363e-10 0.7105 0.078621 0.603514 0.0080463
17688.5 0.000998895 1.25912e-07 0.00776806 1.08969e-08 4.69439e-15 0.000118731 1.02234e-05 2.95135e-08 6.08816e-10 7.95179e-15 1.32517e-08 2.88387e-09 1.92632e-10 0.703272 0.0792124 0.612719 0.0085899
18573 0.00099889 1.24273e-07 0.00790466 1.12876e-08 4.11097e-15 0.000106241 9.77984e-06 2.8726e-08 6.32139e-10 8.38363e-15 1.3462e-08 2.97594e-09 2.1186e-10 0.69575 0.0797261 0.622578 0.00916601
19501.6 0.000998888 1.22698e-07 0.00804022 1.16823e-08 3.58096e-15 9.45346e-05 9.31598e-06 2.78295e-08 6.5445e-10 8.80998e-15 1.35455e-08 3.04062e-09 2.30877e-10 0.687919 0.0801535 0.633136 0.00977341
20476.7 0.000998885 1.21184e-07 0.00817447 1.20801e-08 3.10182e-15 8.3626e-05 8.8338e-06 2.68267e-08 6.75369e-10 9.22471e-15 1.34937e-08 3.07465e-09 2.49164e-10 0.679755 0.0804841 0.644437 0.01041
21500.5 0.000998882 1.19733e-07 0.00830706 1.24797e-08 2.67102e-15 7.35249e-05 8.33556e-06 2.57213e-08 6.94444e-10 9.62044e-15 1.33016e-08 3.07544e-09 2.66121e-10 0.671232 0.0807054 0.656524 0.0110722
22575.5 0.000998886 1.18342e-07 0.00843764 1.28798e-08 2.28593e-15 6.4234e-05 7.82391e-06 2.45193e-08 7.11147e-10 9.98827e-15 1.29682e-08 3.04136e-09 2.81092e-10 0.662317 0.0808025 0.669435 0.0117552
23704.3 0.000998894 1.17011e-07 0.00856582 1.32788e-08 1.94395e-15 5.57504e-05 7.30191e-06 2.32286e-08 7.24872e-10 1.03177e-14 1.24971e-08 2.97179e-09 2.93377e-10 0.652968 0.0807583 0.683202 0.0124519
24889.5 0.000998908 1.15742e-07 0.00869114 1.36749e-08 1.64238e-15 4.80634e-05 6.77313e-06 2.18595e-08 7.34941e-10 1.05969e-14 1.18965e-08 2.86738e-09 3.02275e-10 0.643136 0.0805527 0.697846 0.0131541
26134 0.000998932 1.14534e-07 0.00881314 1.40663e-08 1.37846e-15 4.11548e-05 6.24146e-06 2.04244e-08 7.40609e-10 1.08122e-14 1.11794e-08 2.73004e-09 3.07133e-10 0.632762 0.0801635 0.71338 0.0138514
27440.7 0.000998961 1.13387e-07 0.00893131 1.44507e-08 1.14937e-15 3.49998e-05 5.71139e-06 1.89387e-08 7.41119e-10 1.09496e-14 1.03638e-08 2.56311e-09 3.07404e-10 0.62178 0.0795669 0.729795 0.0145324
28812.8 0.000998994 1.12303e-07 0.00904508 1.48258e-08 9.52244e-16 2.95669e-05 5.18784e-06 1.74203e-08 7.35747e-10 1.0995e-14 9.47161e-09 2.3712e-09 3.02717e-10 0.610125 0.0787405 0.747062 0.0151843
30253.4 0.000999025 1.11283e-07 0.0091539 1.51891e-08 7.84178e-16 2.48173e-05 4.67601e-06 1.58892e-08 7.23882e-10 1.09355e-14 8.52823e-09 2.16013e-09 2.92954e-10 0.597731 0.0776634 0.76513 0.0157934
31766.1 0.000999051 1.10328e-07 0.00925721 1.5538e-08 6.42238e-16 2.07062e-05 4.18133e-06 1.43676e-08 7.05132e-10 1.07617e-14 7.56126e-09 1.93664e-09 2.78309e-10 0.584545 0.07632 0.783917 0.0163461
33354.4 0.000999086 1.0944e-07 0.0093545 1.58703e-08 5.23496e-16 1.71832e-05 3.70908e-06 1.2878e-08 6.794e-10 1.04686e-14 6.59888e-09 1.70804e-09 2.59319e-10 0.570533 0.0747013 0.803316 0.0168281
35022.1 0.000999116 1.08619e-07 0.00944534 1.61837e-08 4.25083e-16 1.41941e-05 3.26421e-06 1.14427e-08 6.47017e-10 1.00587e-14 5.66818e-09 1.4817e-09 2.36851e-10 0.55569 0.0728093 0.823191 0.0172256
36773.2 0.000999126 1.07864e-07 0.00952942 1.64764e-08 3.44238e-16 1.16822e-05 2.85102e-06 1.00827e-08 6.08774e-10 9.54194e-15 4.79311e-09 1.26452e-09 2.12038e-10 0.540054 0.070657 0.843376 0.0175239
38611.8 0.000999121 1.07176e-07 0.00960659 1.67473e-08 2.78347e-16 9.58995e-06 2.47272e-06 8.81523e-09 5.6587e-10 8.93609e-15 3.99264e-09 1.06231e-09 1.86138e-10 0.523706 0.0682694 0.863691 0.0177076
40542.4 0.000999107 1.0655e-07 0.00967692 1.69961e-08 2.25e-16 7.86055e-06 2.13122e-06 7.65307e-09 5.19802e-10 8.26453e-15 3.2796e-09 8.79392e-10 1.6039e-10 0.506779 0.0656819 0.883934 0.0177602
42569.6 0.000999069 1.05983e-07 0.00974064 1.7223e-08 1.82028e-16 6.4402e-06 1.82706e-06 6.60383e-09 4.72217e-10 7.5541e-15 2.66015e-09 7.18347e-10 1.35867e-10 0.489443 0.0629405 0.903905 0.0176669
44698 0.000999027 1.0547e-07 0.00979823 1.74293e-08 1.47531e-16 5.27931e-06 1.5595e-06 5.66988e-09 4.247e-10 6.83163e-15 2.13419e-09 5.80014e-10 1.13367e-10 0.471895 0.0600946 0.923406 0.0174157
46932.9 0.000998813 1.05005e-07 0.00985026 1.76167e-08 1.19806e-16 4.3304e-06 1.32581e-06 4.84574e-09 3.78432e-10 6.11779e-15 1.69441e-09 4.63169e-10 9.32672e-11 0.45429 0.0571976 0.94227 0.0169964
49279.6 0.000998608 1.04578e-07 0.00989754 1.77877e-08 9.7658e-17 3.56139e-06 1.12507e-06 4.13167e-09 3.34879e-10 5.4382e-15 1.33649e-09 3.67237e-10 7.59627e-11 0.436881 0.0542994 0.960328 0.0164172
51743.6 0.000998449 1.04185e-07 0.00994066 1.79442e-08 7.9914e-17 2.93689e-06 9.53387e-07 3.51639e-09 2.94574e-10 4.80344e-15 1.04818e-09 2.8937e-10 6.13341e-11 0.419814 0.0514401 0.97749 0.0156881
54330.7 0.000998347 1.03818e-07 0.00998034 1.80889e-08 6.56916e-17 2.43031e-06 8.07729e-07 2.99101e-09 2.58023e-10 4.22338e-15 8.18592e-10 2.26942e-10 4.91846e-11 0.403225 0.0486579 0.993689 0.0148271
57047.3 0.000998309 1.03473e-07 0.0100172 1.82237e-08 5.42582e-17 2.01979e-06 6.86115e-07 2.55034e-09 2.26221e-10 3.7159e-15 6.37936e-10 1.77555e-10 3.93048e-11 0.387293 0.0459647 1.00886 0.0138559
59899.6 0.000998325 1.03143e-07 0.0100519 1.83508e-08 4.51263e-17 1.68774e-06 5.83248e-07 2.17543e-09 1.97499e-10 3.25574e-15 4.96297e-10 1.386e-10 3.12672e-11 0.372049 0.0434094 1.02303 0.0128066
62894.6 0.000998364 1.02824e-07 0.0100851 1.84728e-08 3.78196e-17 1.42031e-06 4.98448e-07 1.86526e-09 1.73029e-10 2.86088e-15 3.86232e-10 1.08182e-10 2.48381e-11 0.357559 0.0409941 1.03621 0.0117046
66039.4 0.000998418 1.0251e-07 0.0101172 1.85912e-08 3.19799e-17 1.20503e-06 4.28407e-07 1.60823e-09 1.52146e-10 2.52335e-15 3.00912e-10 8.45005e-11 1.97237e-11 0.343852 0.0387206 1.04844 0.0105762
69341.3 0.000998485 1.02198e-07 0.0101489 1.8708e-08 2.73347e-17 1.03296e-06 3.71455e-07 1.39876e-09 1.34824e-10 2.24274e-15 2.35062e-10 6.6149e-11 1.56828e-11 0.330949 0.0365879 1.05977 0.00944542
72808.4 0.000998563 1.01884e-07 0.0101805 1.8825e-08 2.36617e-17 8.96416e-07 3.25689e-07 1.23022e-09 1.20763e-10 2.01482e-15 1.84352e-10 5.19613e-11 1.25034e-11 0.31886 0.0345937 1.07025 0.00833317
76448.8 0.000998666 1.01564e-07 0.0102125 1.89439e-08 2.07864e-17 7.89379e-07 2.89585e-07 1.09727e-09 1.09755e-10 1.83676e-15 1.45711e-10 4.11105e-11 1.00318e-11 0.307595 0.0327347 1.07994 0.00725834
80271.2 0.000998764 1.01234e-07 0.0102454 1.90667e-08 1.85602e-17 7.06636e-07 2.61737e-07 9.94945e-10 1.01561e-10 1.70494e-15 1.16557e-10 3.28963e-11 8.13511e-12 0.297166 0.0310073 1.08889 0.00623646
84284.8 0.000998859 1.00889e-07 0.01028 1.91959e-08 1.68598e-17 6.43688e-07 2.40715e-07 9.18115e-10 9.56941e-11 1.61128e-15 9.47765e-11 2.6739e-11 6.69684e-12 0.287583 0.0294114 1.09713 0.00528122
88499 0.000998921 1.00527e-07 0.0103164 1.93325e-08 1.55918e-17 5.97228e-07 2.25596e-07 8.63489e-10 9.20741e-11 1.55651e-15 7.90519e-11 2.22821e-11 5.65055e-12 0.278861 0.0279483 1.10469 0.00440445
92924 0.000999124 1.0015e-07 0.0103547 1.94768e-08 1.46865e-17 5.6449e-07 2.15267e-07 8.26968e-10 9.03447e-11 1.53255e-15 6.82468e-11 1.92151e-11 4.9327e-12 0.271051 0.0266457 1.11151 0.00362913
97570.2 0.000999224 9.97493e-08 0.0103958 1.96319e-08 1.40376e-17 5.41988e-07 2.09045e-07 8.06244e-10 9.06075e-11 1.54305e-15 6.13114e-11 1.72481e-11 4.48755e-12 0.26413 0.0254793 1.11764 0.00294924
102449 0.00099923 9.93288e-08 0.0104394 1.97974e-08 1.35901e-17 5.27443e-07 2.05968e-07 7.97707e-10 9.24983e-11 1.58181e-15 5.73455e-11 1.6131e-11 4.25973e-12 0.258091 0.0244647 1.12308 0.0023734
107571 0.000999118 9.88894e-08 0.0104855 1.99735e-08 1.32873e-17 5.18725e-07 2.05305e-07 7.98647e-10 9.58177e-11 1.64578e-15 5.56507e-11 1.56684e-11 4.20616e-12 0.252913 0.0236067 1.12781 0.00190274
112950 0.000998905 9.84374e-08 0.0105336 2.01578e-08 1.30837e-17 5.1403e-07 2.06365e-07 8.06447e-10 1.00306e-10 1.73074e-15 5.55847e-11 1.56787e-11 4.28346e-12 0.248549 0.0229077 1.13183 0.00153396
118597 0.000998527 9.79878e-08 0.0105821 2.03441e-08 1.29438e-17 5.11878e-07 2.08497e-07 8.18518e-10 1.05591e-10 1.83028e-15 5.65821e-11 1.59996e-11 4.44879e-12 0.244928 0.022368 1.13513 0.00125853
124527 0.000998128 9.7554e-08 0.0106292 2.05266e-08 1.28427e-17 5.11144e-07 2.11134e-07 8.32565e-10 1.11252e-10 1.937e-15 5.81207e-11 1.64789e-11 4.65839e-12 0.241949 0.021973 1.13777 0.00106041
130753 0.000997883 9.71534e-08 0.0106732 2.06972e-08 1.27678e-17 5.11166e-07 2.13857e-07 8.4678e-10 1.16844e-10 2.04272e-15 5.98385e-11 1.70099e-11 4.87895e-12 0.239497 0.0217017 1.13982 0.000921482
137291 0.000997683 9.68003e-08 0.0107121 2.08488e-08 1.27116e-17 5.11544e-07 2.16399e-07 8.59965e-10 1.22021e-10 2.13985e-15 6.15181e-11 1.75291e-11 5.08894e-12 0.237439 0.021533 1.14139 0.000824737
144156 0.000997527 9.64997e-08 0.0107453 2.09787e-08 1.26703e-17 5.12042e-07 2.18564e-07 8.71258e-10 1.26531e-10 2.22523e-15 6.29785e-11 1.79805e-11 5.27107e-12 0.235669 0.0214465 1.14257 0.000757797
151363 0.000997479 9.62522e-08 0.0107726 2.10858e-08 1.26419e-17 5.126e-07 2.20331e-07 8.80538e-10 1.3012e-10 2.29722e-15 6.42078e-11 1.83562e-11 5.42237e-12 0.234113 0.0214188 1.14345 0.000710716
158932 0.000997452 9.60531e-08 0.0107945 2.11716e-08 1.26241e-17 5.13121e-07 2.21638e-07 8.87554e-10 1.329e-10 2.35058e-15 6.51437e-11 1.86477e-11 5.53971e-12 0.232693 0.0214366 1.1441 0.000677428
166878 0.000997398 9.58954e-08 0.0108116 2.12389e-08 1.26163e-17 5.13676e-07 2.22603e-07 8.9283e-10 1.34926e-10 2.39047e-15 6.58401e-11 1.88648e-11 5.62762e-12 0.231331 0.0214904 1.14459 0.00065337
175222 0.000997335 9.57762e-08 0.0108243 2.12888e-08 1.26174e-17 5.14236e-07 2.23223e-07 8.96366e-10 1.36247e-10 2.41592e-15 6.63022e-11 1.9012e-11 5.68752e-12 0.230027 0.0215689 1.14493 0.000636312
183983 0.000997307 9.5686e-08 0.0108336 2.13253e-08 1.2627e-17 5.14885e-07 2.23639e-07 8.98808e-10 1.37068e-10 2.43223e-15 6.66099e-11 1.91109e-11 5.72786e-12 0.228746 0.0216625 1.14519 0.000623417
193182 0.000997292 9.56189e-08 0.0108402 2.13511e-08 1.26427e-17 5.15563e-07 2.23847e-07 9.00193e-10 1.37397e-10 2.43951e-15 6.67702e-11 1.91647e-11 5.75036e-12 0.227489 0.0217675 1.14537 0.000614414
202841 0.000997283 9.55694e-08 0.0108446 2.13686e-08 1.2664e-17 5.16296e-07 2.23905e-07 9.00799e-10 1.37364e-10 2.43996e-15 6.6823e-11 1.91854e-11 5.75965e-12 0.226227 0.0218798 1.1455 0.000607774
212984 0.000997276 9.55329e-08 0.0108476 2.13799e-08 1.26902e-17 5.17091e-07 2.2385e-07 9.00822e-10 1.37053e-10 2.43509e-15 6.67939e-11 1.91812e-11 5.75893e-12 0.224943 0.0219972 1.14559 0.000602875
223633 0.000997273 9.55058e-08 0.0108493 2.13867e-08 1.27206e-17 5.17946e-07 2.23712e-07 9.00414e-10 1.36533e-10 2.42629e-15 6.67025e-11 1.9158e-11 5.75057e-12 0.223637 0.0221163 1.14565 0.00059924
234814 0.000997272 9.54852e-08 0.0108503 2.13902e-08 1.27546e-17 5.1887e-07 2.23516e-07 8.99704e-10 1.3586e-10 2.41454e-15 6.65692e-11 1.9122e-11 5.73699e-12 0.2223 0.022235 1.14569 0.000596435
246555 0.000997271 9.5469e-08 0.0108506 2.13914e-08 1.27921e-17 5.19868e-07 2.23279e-07 8.98781e-10 1.3507e-10 2.40059e-15 6.64051e-11 1.90767e-11 5.71956e-12 0.220923 0.022352 1.14572 0.000594207
258883 0.00099727 9.54557e-08 0.0108506 2.13909e-08 1.28329e-17 5.20943e-07 2.23014e-07 8.97715e-10 1.34194e-10 2.385e-15 6.62204e-11 1.90251e-11 5.69947e-12 0.219506 0.0224657 1.14574 0.000592362
271827 0.000997269 9.54442e-08 0.0108503 2.13894e-08 1.28769e-17 5.22099e-07 2.22731e-07 8.96551e-10 1.33249e-10 2.36815e-15 6.60214e-11 1.89693e-11 5.67748e-12 0.218044 0.022575 1.14576 0.000590759
285418 0.000997267 9.54337e-08 0.0108497 2.1387e-08 1.29241e-17 5.23342e-07 2.22436e-07 8.95322e-10 1.32252e-10 2.3503e-15 6.58126e-11 1.89105e-11 5.65414e-12 0.216532 0.0226787 1.14577 0.000589306
299689 0.000997265 9.54237e-08 0.0108491 2.1384e-08 1.29744e-17 5.24674e-07 2.22132e-07 8.94046e-10 1.31209e-10 2.33163e-15 6.55968e-11 1.88497e-11 5.62977e-12 0.214971 0.0227759 1.14578 0.00058794
314674 0.000997263 9.54138e-08 0.0108483 2.13807e-08 1.30279e-17 5.26097e-07 2.21823e-07 8.92739e-10 1.30127e-10 2.31224e-15 6.53761e-11 1.87874e-11 5.60462e-12 0.21336 0.0228657 1.14579 0.000586618
330407 0.000997261 9.54038e-08 0.0108474 2.13769e-08 1.30847e-17 5.27617e-07 2.21508e-07 8.91405e-10 1.29008e-10 2.29219e-15 6.51512e-11 1.87239e-11 5.57879e-12 0.211696 0.0229472 1.14579 0.000585319
346928 0.000997258 9.53935e-08 0.0108465 2.13729e-08 1.31449e-17 5.29237e-07 2.2119e-07 8.90049e-10 1.27855e-10 2.27151e-15 6.4923e-11 1.86595e-11 5.55236e-12 0.209978 0.0230194 1.1458 0.000584024
364274 0.000997255 9.53829e-08 0.0108455 2.13686e-08 1.32087e-17 5.30962e-07 2.20867e-07 8.88674e-10 1.26668e-10 2.25022e-15 6.46918e-11 1.85942e-11 5.52535e-12 0.208206 0.0230814 1.1458 0.000582723
382488 0.000997253 9.53719e-08 0.0108445 2.13641e-08 1.32762e-17 5.32795e-07 2.20541e-07 8.8728e-10 1.25449e-10 2.22835e-15 6.4458e-11 1.85282e-11 5.49781e-12 0.20638 0.0231323 1.14581 0.000581412
401612 0.000997253 9.53605e-08 0.0108434 2.13593e-08 1.33474e-17 5.34739e-07 2.20212e-07 8.85868e-10 1.24197e-10 2.2059e-15 6.42217e-11 1.84615e-11 5.46973e-12 0.204502 0.0231714 1.14582 0.000580087
421693 0.000997251 9.53485e-08 0.0108422 2.13542e-08 1.34227e-17 5.36803e-07 2.19878e-07 8.84432e-10 1.22911e-10 2.18283e-15 6.39823e-11 1.83939e-11 5.44104e-12 0.202565 0.0231974 1.14582 0.000578748
442777 0.000997248 9.5336e-08 0.010841 2.13489e-08 1.35022e-17 5.3899e-07 2.1954e-07 8.82974e-10 1.21591e-10 2.15915e-15 6.37402e-11 1.83256e-11 5.41176e-12 0.200573 0.0232094 1.14583 0.000577391
464916 0.000997245 9.53229e-08 0.0108397 2.13433e-08 1.35861e-17 5.41307e-07 2.19196e-07 8.81491e-10 1.20237e-10 2.13485e-15 6.34952e-11 1.82564e-11 5.38186e-12 0.198524 0.0232065 1.14583 0.000576019
488162 0.000997243 9.53093e-08 0.0108383 2.13374e-08 1.36745e-17 5.43757e-07 2.18848e-07 8.79983e-10 1.1885e-10 2.10997e-15 6.32477e-11 1.81864e-11 5.35137e-12 0.196421 0.0231878 1.14584 0.000574629
512570 0.00099724 9.5295e-08 0.0108369 2.13312e-08 1.37678e-17 5.46349e-07 2.18494e-07 8.78445e-10 1.17428e-10 2.08444e-15 6.29972e-11 1.81156e-11 5.32019e-12 0.19426 0.0231521 1.14584 0.000573226
538199 0.000997238 9.52801e-08 0.0108354 2.13246e-08 1.3866e-17 5.49088e-07 2.18134e-07 8.76881e-10 1.15972e-10 2.05833e-15 6.27441e-11 1.80439e-11 5.28838e-12 0.192043 0.0230985 1.14585 0.000571802
565109 0.000997236 9.52644e-08 0.0108338 2.13178e-08 1.39695e-17 5.5198e-07 2.17768e-07 8.75284e-10 1.14482e-10 2.03159e-15 6.24882e-11 1.79715e-11 5.25588e-12 0.189771 0.023026 1.14585 0.000570365
593364 0.000997235 9.52481e-08 0.0108321 2.13105e-08 1.40784e-17 5.5503e-07 2.17395e-07 8.73654e-10 1.1296e-10 2.00427e-15 6.22298e-11 1.78982e-11 5.22271e-12 0.187446 0.0229339 1.14586 0.000568914
623032 0.000997232 9.52309e-08 0.0108303 2.13029e-08 1.41931e-17 5.58251e-07 2.17014e-07 8.71987e-10 1.11402e-10 1.97631e-15 6.19685e-11 1.78241e-11 5.18879e-12 0.185063 0.0228207 1.14586 0.000567447
654184 0.00099723 9.5213e-08 0.0108285 2.12949e-08 1.43137e-17 5.61647e-07 2.16626e-07 8.70283e-10 1.09811e-10 1.94776e-15 6.17045e-11 1.77491e-11 5.15413e-12 0.182627 0.022686 1.14586 0.000565968
686893 0.000997229 9.51942e-08 0.0108265 2.12865e-08 1.44406e-17 5.65225e-07 2.1623e-07 8.68539e-10 1.08188e-10 1.91863e-15 6.14384e-11 1.76734e-11 5.11876e-12 0.18014 0.0225289 1.14587 0.000564475
721238 0.000997227 9.51745e-08 0.0108245 2.12777e-08 1.45741e-17 5.68995e-07 2.15824e-07 8.66751e-10 1.06532e-10 1.88891e-15 6.11696e-11 1.75968e-11 5.08261e-12 0.1776 0.0223484 1.14587 0.000562969
757300 0.000997226 9.51538e-08 0.0108223 2.12684e-08 1.47143e-17 5.72964e-07 2.1541e-07 8.6492e-10 1.04845e-10 1.85864e-15 6.08986e-11 1.75194e-11 5.04569e-12 0.175011 0.022144 1.14588 0.000561455
795165 0.000997225 9.51322e-08 0.01082 2.12586e-08 1.48616e-17 5.77141e-07 2.14986e-07 8.6304e-10 1.03127e-10 1.82781e-15 6.06256e-11 1.74413e-11 5.008e-12 0.172374 0.0219151 1.14588 0.000559929
834923 0.000997224 9.51096e-08 0.0108176 2.12483e-08 1.50165e-17 5.81539e-07 2.1455e-07 8.61109e-10 1.01378e-10 1.79642e-15 6.03502e-11 1.73624e-11 4.96947e-12 0.169687 0.0216609 1.14589 0.000558394
876669 0.000997222 9.50858e-08 0.0108151 2.12375e-08 1.51792e-17 5.86165e-07 2.14103e-07 8.59122e-10 9.95994e-11 1.76451e-15 6.00728e-11 1.72827e-11 4.93011e-12 0.166955 0.021381 1.14589 0.000556852
920502 0.000997219 9.5061e-08 0.0108125 2.12262e-08 1.53502e-17 5.9103e-07 2.13644e-07 8.57075e-10 9.77917e-11 1.73207e-15 5.97932e-11 1.72021e-11 4.88987e-12 0.164179 0.0210752 1.14589 0.00055531
966528 0.000997219 9.50348e-08 0.0108097 2.12143e-08 1.55295e-17 5.96142e-07 2.13173e-07 8.54976e-10 9.59604e-11 1.69921e-15 5.95133e-11 1.71213e-11 4.84894e-12 0.161363 0.0207433 1.1459 0.000553739
1.01485e+06 0.000997218 9.50074e-08 0.0108068 2.12018e-08 1.57177e-17 6.01514e-07 2.12688e-07 8.52808e-10 9.41017e-11 1.66586e-15 5.92312e-11 1.70395e-11 4.80707e-12 0.158507 0.0203852 1.1459 0.000552173
1.0656e+06 0.000997217 9.49786e-08 0.0108037 2.11886e-08 1.59154e-17 6.07161e-07 2.12188e-07 8.50569e-10 9.22172e-11 1.63205e-15 5.89476e-11 1.69571e-11 4.76428e-12 0.155612 0.0200008 1.1459 0.000550605
1.11888e+06 0.000997216 9.49485e-08 0.0108005 2.11748e-08 1.61228e-17 6.13092e-07 2.11673e-07 8.48256e-10 9.03094e-11 1.59782e-15 5.86629e-11 1.6874e-11 4.72061e-12 0.152682 0.0195903 1.1459 0.000549031
1.17482e+06 0.000997214 9.49168e-08 0.0107971 2.11602e-08 1.63405e-17 6.19321e-07 2.1114e-07 8.45866e-10 8.83796e-11 1.56319e-15 5.83771e-11 1.67903e-11 4.67603e-12 0.14972 0.0191541 1.14591 0.000547453
1.23356e+06 0.000997214 9.48836e-08 0.0107936 2.1145e-08 1.65685e-17 6.25852e-07 2.10591e-07 8.43394e-10 8.64317e-11 1.52825e-15 5.80907e-11 1.67061e-11 4.63055e-12 0.146731 0.0186934 1.14591 0.000545876
1.29524e+06 0.000997213 9.48487e-08 0.0107898 2.11289e-08 1.68077e-17 6.32707e-07 2.10022e-07 8.40834e-10 8.44649e-11 1.49297e-15 5.78037e-11 1.66213e-11 4.58414e-12 0.143715 0.0182081 1.14591 0.000544296
1.36e+06 0.000997212 9.48121e-08 0.0107859 2.1112e-08 1.70584e-17 6.39895e-07 2.09433e-07 8.38181e-10 8.24822e-11 1.4574e-15 5.75163e-11 1.65359e-11 4.53681e-12 0.140676 0.0176997 1.14591 0.000542716
1.428e+06 0.000997211 9.47736e-08 0.0107817 2.10943e-08 1.73209e-17 6.47429e-07 2.08823e-07 8.3543e-10 8.04858e-11 1.42159e-15 5.72286e-11 1.64501e-11 4.48852e-12 0.137619 0.0171693 1.14592 0.000541137
1.4994e+06 0.000997211 9.47333e-08 0.0107774 2.10757e-08 1.75957e-17 6.55318e-07 2.08191e-07 8.32575e-10 7.84787e-11 1.3856e-15 5.6941e-11 1.63638e-11 4.43931e-12 0.134548 0.0166184 1.14592 0.00053956
1.57437e+06 0.000997209 9.46909e-08 0.0107728 2.10561e-08 1.7884e-17 6.636e-07 2.07532e-07 8.29599e-10 7.64561e-11 1.34933e-15 5.66525e-11 1.62767e-11 4.38897e-12 0.131457 0.0160469 1.14592 0.000537989
1.65309e+06 0.000997208 9.46462e-08 0.010768 2.10356e-08 1.81855e-17 6.72262e-07 2.06849e-07 8.26512e-10 7.44295e-11 1.31299e-15 5.6365e-11 1.61894e-11 4.33778e-12 0.12836 0.0154583 1.14592 0.000536405
1.67375e+06 0.000997206 9.46345e-08 0.0107667 2.10302e-08 1.82644e-17 6.74531e-07 2.06673e-07 8.25714e-10 7.39202e-11 1.30386e-15 5.62935e-11 1.61676e-11 4.32475e-12 0.127571 0.0153058 1.14592 0.000536005
1.69545e+06 0.000997205 9.46222e-08 0.0107654 2.10246e-08 1.83472e-17 6.76909e-07 2.06487e-07 8.24871e-10 7.33845e-11 1.29425e-15 5.62177e-11 1.61444e-11 4.31102e-12 0.126753 0.0151468 1.14592 0.000535587
1.71823e+06 0.000997204 9.46093e-08 0.010764 2.10186e-08 1.8434e-17 6.79406e-07 2.06291e-07 8.23987e-10 7.28284e-11 1.28428e-15 5.61391e-11 1.61204e-11 4.29669e-12 0.125904 0.0149808 1.14592 0.00053516
1.74215e+06 0.000997202 9.45958e-08 0.0107626 2.10124e-08 1.85251e-17 6.82024e-07 2.06086e-07 8.23059e-10 7.22518e-11 1.27395e-15 5.60577e-11 1.60954e-11 4.28177e-12 0.125025 0.0148077 1.14592 0.000534716
1.76727e+06 0.000997201 9.45815e-08 0.010761 2.10058e-08 1.86207e-17 6.84772e-07 2.05871e-07 8.22087e-10 7.16546e-11 1.26324e-15 5.59734e-11 1.60695e-11 4.26623e-12 0.124114 0.0146274 1.14592 0.000534255
1.79364e+06 0.0009972 9.45666e-08 0.0107594 2.09989e-08 1.87209e-17 6.87652e-07 2.05646e-07 8.2107e-10 7.10366e-11 1.25216e-15 5.58861e-11 1.60427e-11 4.25006e-12 0.123172 0.0144396 1.14592 0.000533779
1.82133e+06 0.000997198 9.45509e-08 0.0107577 2.09917e-08 1.88259e-17 6.90672e-07 2.05411e-07 8.20004e-10 7.03971e-11 1.2407e-15 5.5796e-11 1.60149e-11 4.23324e-12 0.122197 0.0142442 1.14592 0.000533287
1.85041e+06 0.000997197 9.45344e-08 0.0107559 2.09841e-08 1.89361e-17 6.9384e-07 2.05163e-07 8.18886e-10 6.97358e-11 1.22885e-15 5.57027e-11 1.59861e-11 4.21573e-12 0.12119 0.014041 1.14593 0.000532779
1.88094e+06 0.000997195 9.45171e-08 0.0107541 2.09761e-08 1.90516e-17 6.97161e-07 2.04904e-07 8.17714e-10 6.90521e-11 1.21659e-15 5.56062e-11 1.59561e-11 4.19751e-12 0.120149 0.0138298 1.14593 0.000532253
1.913e+06 0.000997194 9.44989e-08 0.0107521 2.09678e-08 1.91727e-17 7.00642e-07 2.04634e-07 8.1649e-10 6.83471e-11 1.20396e-15 5.55072e-11 1.59254e-11 4.17863e-12 0.119075 0.0136106 1.14593 0.000531711
1.94665e+06 0.000997193 9.44798e-08 0.01075 2.0959e-08 1.92996e-17 7.04291e-07 2.04349e-07 8.15204e-10 6.76188e-11 1.19091e-15 5.54044e-11 1.58933e-11 4.15896e-12 0.117967 0.0133832 1.14593 0.000531153
1.982e+06 0.000997191 9.44597e-08 0.0107479 2.09497e-08 1.94326e-17 7.08116e-07 2.04052e-07 8.13857e-10 6.6868e-11 1.17745e-15 5.52986e-11 1.58603e-11 4.13854e-12 0.116825 0.0131474 1.14593 0.000530577
2.0191e+06 0.00099719 9.44386e-08 0.0107456 2.094e-08 1.95719e-17 7.12123e-07 2.03739e-07 8.12446e-10 6.60943e-11 1.16359e-15 5.51894e-11 1.58261e-11 4.11733e-12 0.115649 0.0129034 1.14593 0.000529983
2.05807e+06 0.000997189 9.44164e-08 0.0107432 2.09298e-08 1.97179e-17 7.1632e-07 2.03412e-07 8.10967e-10 6.52979e-11 1.14932e-15 5.50769e-11 1.57908e-11 4.09532e-12 0.114439 0.012651 1.14593 0.000529372
2.09898e+06 0.000997188 9.43932e-08 0.0107407 2.09191e-08 1.98709e-17 7.20719e-07 2.03069e-07 8.09416e-10 6.44781e-11 1.13463e-15 5.4961e-11 1.57542e-11 4.07247e-12 0.113194 0.0123901 1.14593 0.000528745
2.14194e+06 0.000997187 9.43687e-08 0.0107381 2.09079e-08 2.0031e-17 7.25325e-07 2.0271e-07 8.07792e-10 6.36357e-11 1.11954e-15 5.48418e-11 1.57165e-11 4.04878e-12 0.111915 0.012121 1.14593 0.000528095
2.18705e+06 0.000997186 9.4343e-08 0.0107353 2.08961e-08 2.01988e-17 7.30148e-07 2.02333e-07 8.06087e-10 6.27699e-11 1.10403e-15 5.47191e-11 1.56776e-11 4.0242e-12 0.110601 0.0118435 1.14593 0.000527431
2.23441e+06 0.000997185 9.4316e-08 0.0107324 2.08838e-08 2.03743e-17 7.35195e-07 2.01938e-07 8.04302e-10 6.18818e-11 1.08812e-15 5.45927e-11 1.56374e-11 3.99872e-12 0.109255 0.011558 1.14593 0.000526749
2.28414e+06 0.000997184 9.42877e-08 0.0107293 2.08708e-08 2.05581e-17 7.4048e-07 2.01523e-07 8.02429e-10 6.09706e-11 1.0718e-15 5.44627e-11 1.55958e-11 3.97231e-12 0.107874 0.0112643 1.14593 0.000526047
2.33635e+06 0.000997183 9.42579e-08 0.0107261 2.08571e-08 2.07503e-17 7.46007e-07 2.01088e-07 8.00465e-10 6.00376e-11 1.05509e-15 5.43291e-11 1.5553e-11 3.94496e-12 0.106461 0.0109631 1.14593 0.000525328
2.39118e+06 0.000997183 9.42267e-08 0.0107228 2.08428e-08 2.09513e-17 7.51784e-07 2.00632e-07 7.98408e-10 5.90832e-11 1.038e-15 5.41919e-11 1.55088e-11 3.91666e-12 0.105017 0.0106546 1.14593 0.000524591
2.44875e+06 0.000997182 9.41938e-08 0.0107192 2.08278e-08 2.11617e-17 7.5783e-07 2.00153e-07 7.96247e-10 5.81061e-11 1.02051e-15 5.40506e-11 1.54632e-11 3.88733e-12 0.10354 0.0103386 1.14593 0.000523834
2.50919e+06 0.000997181 9.41592e-08 0.0107155 2.0812e-08 2.13816e-17 7.64151e-07 1.9965e-07 7.9398e-10 5.71079e-11 1.00264e-15 5.39054e-11 1.54161e-11 3.85698e-12 0.102031 0.0100158 1.14593 0.000523057
2.57266e+06 0.00099718 9.41229e-08 0.0107116 2.07955e-08 2.16115e-17 7.70756e-07 1.99122e-07 7.916e-10 5.60888e-11 9.84399e-16 5.3756e-11 1.53674e-11 3.82556e-12 0.100492 0.00968677 1.14593 0.000522263
2.63931e+06 0.000997179 9.40848e-08 0.0107075 2.07781e-08 2.18516e-17 7.77652e-07 1.98567e-07 7.89103e-10 5.50501e-11 9.65808e-16 5.36025e-11 1.53172e-11 3.79309e-12 0.0989253 0.009352 1.14593 0.00052145
2.70928e+06 0.000997178 9.40447e-08 0.0107032 2.07598e-08 2.21022e-17 7.84851e-07 1.97984e-07 7.86481e-10 5.39921e-11 9.46876e-16 5.34445e-11 1.52653e-11 3.7595e-12 0.0973305 0.0090121 1.14594 0.000520618
2.78275e+06 0.000997178 9.40027e-08 0.0106987 2.07407e-08 2.23638e-17 7.92362e-07 1.97372e-07 7.83729e-10 5.29156e-11 9.27616e-16 5.32821e-11 1.52117e-11 3.72479e-12 0.0957092 0.00866769 1.14594 0.000519767
2.80204e+06 0.000997176 9.39916e-08 0.0106975 2.07357e-08 2.24322e-17 7.94325e-07 1.97212e-07 7.83012e-10 5.26418e-11 9.22718e-16 5.32408e-11 1.51981e-11 3.71587e-12 0.0952923 0.00857935 1.14594 0.000519545
2.82229e+06 0.000997173 9.398e-08 0.0106963 2.07304e-08 2.25039e-17 7.96383e-07 1.97044e-07 7.82254e-10 5.23536e-11 9.17563e-16 5.31969e-11 1.51835e-11 3.70645e-12 0.0948582 0.00848749 1.14594 0.000519315
2.84355e+06 0.000997171 9.39678e-08 0.010695 2.07249e-08 2.2579e-17 7.98539e-07 1.96866e-07 7.81457e-10 5.20535e-11 9.12195e-16 5.31508e-11 1.51683e-11 3.69658e-12 0.0944066 0.00839203 1.14594 0.000519077
2.86588e+06 0.000997169 9.3955e-08 0.0106936 2.07191e-08 2.26577e-17 8.00799e-07 1.96679e-07 7.80619e-10 5.17412e-11 9.06609e-16 5.31026e-11 1.51523e-11 3.68625e-12 0.0939368 0.00829291 1.14594 0.000518828
2.88932e+06 0.000997166 9.39416e-08 0.0106922 2.0713e-08 2.27403e-17 8.03167e-07 1.96484e-07 7.79741e-10 5.14166e-11 9.00803e-16 5.30525e-11 1.51357e-11 3.67548e-12 0.0934484 0.00819002 1.14594 0.000518568
2.91394e+06 0.000997165 9.39274e-08 0.0106907 2.07066e-08 2.28267e-17 8.05648e-07 1.96278e-07 7.78818e-10 5.10792e-11 8.94769e-16 5.30002e-11 1.51183e-11 3.66424e-12 0.0929411 0.00808334 1.14594 0.000518298
2.93978e+06 0.000997162 9.39126e-08 0.0106891 2.06999e-08 2.29173e-17 8.08246e-07 1.96062e-07 7.77848e-10 5.07284e-11 8.88497e-16 5.29453e-11 1.51e-11 3.65246e-12 0.092414 0.00797273 1.14594 0.000518017
2.96692e+06 0.00099716 9.3897e-08 0.0106874 2.06928e-08 2.30122e-17 8.10968e-07 1.95835e-07 7.7683e-10 5.03644e-11 8.81987e-16 5.28883e-11 1.5081e-11 3.64018e-12 0.0918668 0.00785817 1.14594 0.000517723
2.99542e+06 0.00099716 9.38807e-08 0.0106857 2.06854e-08 2.31114e-17 8.13814e-07 1.95596e-07 7.75762e-10 4.9987e-11 8.75239e-16 5.28287e-11 1.50612e-11 3.62736e-12 0.0912999 0.00773977 1.14594 0.000517417
3.02534e+06 0.000997158 9.38635e-08 0.0106838 2.06776e-08 2.32154e-17 8.16797e-07 1.95346e-07 7.74639e-10 4.9595e-11 8.6823e-16 5.27663e-11 1.50404e-11 3.61397e-12 0.0907113 0.00761718 1.14594 0.000517099
3.05675e+06 0.000997157 9.38455e-08 0.0106819 2.06695e-08 2.33243e-17 8.1992e-07 1.95082e-07 7.73459e-10 4.91886e-11 8.60964e-16 5.27014e-11 1.50187e-11 3.59999e-12 0.0901013 0.00749051 1.14594 0.000516769
3.08974e+06 0.000997155 9.38265e-08 0.0106799 2.06609e-08 2.34384e-17 8.23188e-07 1.94805e-07 7.72219e-10 4.87673e-11 8.53432e-16 5.26334e-11 1.49959e-11 3.58539e-12 0.0894692 0.0073597 1.14594 0.000516425
3.12438e+06 0.000997154 9.38066e-08 0.0106778 2.06519e-08 2.35576e-17 8.26606e-07 1.94514e-07 7.70918e-10 4.83312e-11 8.45637e-16 5.25627e-11 1.49722e-11 3.57017e-12 0.0888152 0.00722485 1.14594 0.000516068
3.16075e+06 0.000997153 9.37857e-08 0.0106755 2.06425e-08 2.36824e-17 8.30181e-07 1.94208e-07 7.6955e-10 4.78798e-11 8.3757e-16 5.24887e-11 1.49474e-11 3.5543e-12 0.0881387 0.00708591 1.14594 0.000515697
3.19893e+06 0.000997152 9.37638e-08 0.0106732 2.06326e-08 2.38129e-17 8.33919e-07 1.93887e-07 7.68113e-10 4.74129e-11 8.29225e-16 5.24115e-11 1.49215e-11 3.53774e-12 0.0874391 0.00694287 1.14594 0.000515311
3.23903e+06 0.00099715 9.37407e-08 0.0106708 2.06222e-08 2.39493e-17 8.37829e-07 1.93549e-07 7.66603e-10 4.693e-11 8.20596e-16 5.23307e-11 1.48943e-11 3.52046e-12 0.086716 0.00679575 1.14594 0.00051491
3.28113e+06 0.000997149 9.37165e-08 0.0106682 2.06114e-08 2.4092e-17 8.41915e-07 1.93193e-07 7.65017e-10 4.64313e-11 8.11685e-16 5.22466e-11 1.4866e-11 3.50246e-12 0.0859695 0.00664465 1.14594 0.000514493
3.32533e+06 0.000997148 9.36911e-08 0.0106655 2.05999e-08 2.42411e-17 8.46182e-07 1.9282e-07 7.6335e-10 4.59165e-11 8.02488e-16 5.21586e-11 1.48364e-11 3.48371e-12 0.0851995 0.0064897 1.14594 0.000514062
3.37175e+06 0.000997147 9.36644e-08 0.0106626 2.05879e-08 2.43969e-17 8.5064e-07 1.92426e-07 7.61597e-10 4.53853e-11 7.92999e-16 5.20666e-11 1.48053e-11 3.46416e-12 0.0844054 0.0063309 1.14594 0.000513613
3.42049e+06 0.000997146 9.36363e-08 0.0106597 2.05754e-08 2.45595e-17 8.55294e-07 1.92013e-07 7.59756e-10 4.48378e-11 7.8322e-16 5.19706e-11 1.47729e-11 3.4438e-12 0.0835874 0.00616846 1.14595 0.000513148
3.47166e+06 0.000997145 9.36069e-08 0.0106565 2.05622e-08 2.47294e-17 8.60152e-07 1.91578e-07 7.57819e-10 4.42736e-11 7.73144e-16 5.18701e-11 1.4739e-11 3.42259e-12 0.082745 0.00600243 1.14595 0.000512665
3.52539e+06 0.000997144 9.3576e-08 0.0106533 2.05483e-08 2.49067e-17 8.65219e-07 1.9112e-07 7.55783e-10 4.36929e-11 7.62776e-16 5.17649e-11 1.47034e-11 3.40051e-12 0.0818785 0.00583307 1.14595 0.000512165
3.58181e+06 0.000997143 9.35435e-08 0.0106498 2.05338e-08 2.50915e-17 8.70502e-07 1.90639e-07 7.53644e-10 4.30958e-11 7.52115e-16 5.16548e-11 1.46662e-11 3.37752e-12 0.0809882 0.0056606 1.14595 0.000511646
3.64105e+06 0.000997142 9.35094e-08 0.0106462 2.05186e-08 2.52843e-17 8.76008e-07 1.90132e-07 7.51393e-10 4.2482e-11 7.41158e-16 5.15396e-11 1.46272e-11 3.35359e-12 0.0800736 0.00548517 1.14595 0.000511108
3.70325e+06 0.000997141 9.34736e-08 0.0106424 2.05027e-08 2.54851e-17 8.8174e-07 1.89598e-07 7.49027e-10 4.18521e-11 7.29916e-16 5.14188e-11 1.45863e-11 3.32871e-12 0.0791358 0.00530719 1.14595 0.000510551
3.76856e+06 0.00099714 9.3436e-08 0.0106385 2.04859e-08 2.56942e-17 8.87706e-07 1.89036e-07 7.46538e-10 4.12057e-11 7.18383e-16 5.12921e-11 1.45434e-11 3.30282e-12 0.0781743 0.00512685 1.14595 0.000509974
3.83714e+06 0.000997138 9.33965e-08 0.0106343 2.04684e-08 2.59119e-17 8.93914e-07 1.88444e-07 7.43919e-10 4.05431e-11 7.06561e-16 5.11591e-11 1.44984e-11 3.2759e-12 0.0771895 0.00494444 1.14595 0.000509376
3.90914e+06 0.000997137 9.3355e-08 0.0106299 2.045e-08 2.61383e-17 9.00366e-07 1.87821e-07 7.41163e-10 3.98645e-11 6.94458e-16 5.10194e-11 1.44511e-11 3.2479e-12 0.0761819 0.00476038 1.14595 0.000508756
3.98475e+06 0.000997136 9.33115e-08 0.0106254 2.04308e-08 2.63735e-17 9.07064e-07 1.87164e-07 7.38264e-10 3.91705e-11 6.82082e-16 5.08724e-11 1.44014e-11 3.2188e-12 0.0751525 0.00457511 1.14596 0.000508114
4.0046e+06 0.000997133 9.33001e-08 0.0106242 2.04257e-08 2.64348e-17 9.08809e-07 1.86993e-07 7.37507e-10 3.89931e-11 6.7892e-16 5.08345e-11 1.43886e-11 3.21128e-12 0.0748868 0.00452777 1.14596 0.000507946
4.02544e+06 0.00099713 9.32881e-08 0.0106229 2.04204e-08 2.6499e-17 9.10636e-07 1.86811e-07 7.36707e-10 3.88063e-11 6.75591e-16 5.07938e-11 1.43749e-11 3.20333e-12 0.0746099 0.00447862 1.14596 0.000507771
4.04732e+06 0.000997127 9.32755e-08 0.0106216 2.04149e-08 2.65662e-17 9.12547e-07 1.8662e-07 7.35866e-10 3.86117e-11 6.72121e-16 5.07512e-11 1.43605e-11 3.19501e-12 0.0743214 0.00442765 1.14596 0.000507588
4.07029e+06 0.000997126 9.32623e-08 0.0106202 2.0409e-08 2.66365e-17 9.14547e-07 1.8642e-07 7.34983e-10 3.8409e-11 6.68508e-16 5.07064e-11 1.43453e-11 3.1863e-12 0.0740211 0.00437485 1.14596 0.000507398
4.09442e+06 0.000997124 9.32485e-08 0.0106188 2.04029e-08 2.671e-17 9.16639e-07 1.86209e-07 7.34055e-10 3.81978e-11 6.64744e-16 5.06592e-11 1.43294e-11 3.17718e-12 0.0737083 0.00432014 1.14596 0.000507198
4.11975e+06 0.000997123 9.32339e-08 0.0106172 2.03965e-08 2.6787e-17 9.18827e-07 1.85988e-07 7.3308e-10 3.7978e-11 6.60826e-16 5.06099e-11 1.43128e-11 3.16766e-12 0.0733828 0.0042635 1.14596 0.000506989
4.14634e+06 0.000997121 9.32186e-08 0.0106156 2.03898e-08 2.68675e-17 9.21115e-07 1.85755e-07 7.32055e-10 3.77491e-11 6.56747e-16 5.05577e-11 1.42952e-11 3.15766e-12 0.0730441 0.00420491 1.14596 0.00050677
4.17427e+06 0.000997119 9.32026e-08 0.0106139 2.03827e-08 2.69517e-17 9.23506e-07 1.8551e-07 7.30977e-10 3.7511e-11 6.52505e-16 5.05029e-11 1.42767e-11 3.14721e-12 0.0726918 0.00414435 1.14596 0.000506541
4.20359e+06 0.000997118 9.31857e-08 0.0106122 2.03753e-08 2.70396e-17 9.26004e-07 1.85253e-07 7.29846e-10 3.72636e-11 6.48096e-16 5.04453e-11 1.42573e-11 3.13628e-12 0.072326 0.00408185 1.14596 0.000506304
4.23438e+06 0.000997116 9.3168e-08 0.0106103 2.03675e-08 2.71315e-17 9.28614e-07 1.84982e-07 7.28656e-10 3.70064e-11 6.43513e-16 5.03848e-11 1.42369e-11 3.12485e-12 0.0719456 0.00401732 1.14596 0.000506054
4.26671e+06 0.000997114 9.31495e-08 0.0106084 2.03594e-08 2.72276e-17 9.31341e-07 1.84697e-07 7.27406e-10 3.67391e-11 6.38751e-16 5.0321e-11 1.42154e-11 3.11289e-12 0.0715507 0.00395079 1.14596 0.000505793
4.30065e+06 0.000997112 9.313e-08 0.0106064 2.03508e-08 2.73279e-17 9.34188e-07 1.84398e-07 7.26092e-10 3.64615e-11 6.33806e-16 5.02539e-11 1.41929e-11 3.10038e-12 0.0711407 0.00388227 1.14596 0.00050552
4.33629e+06 0.000997111 9.31095e-08 0.0106042 2.03418e-08 2.74327e-17 9.37159e-07 1.84083e-07 7.24711e-10 3.61733e-11 6.28675e-16 5.01832e-11 1.41691e-11 3.0873e-12 0.0707154 0.00381176 1.14596 0.000505235
4.37372e+06 0.000997109 9.3088e-08 0.010602 2.03324e-08 2.7542e-17 9.40259e-07 1.83752e-07 7.23259e-10 3.58744e-11 6.23352e-16 5.01087e-11 1.41441e-11 3.07362e-12 0.0702744 0.00373929 1.14597 0.000504937
4.41301e+06 0.000997108 9.30655e-08 0.0105996 2.03226e-08 2.76561e-17 9.43491e-07 1.83403e-07 7.21733e-10 3.55646e-11 6.17836e-16 5.00302e-11 1.41178e-11 3.05932e-12 0.0698176 0.00366491 1.14597 0.000504627
4.45427e+06 0.000997107 9.30418e-08 0.0105972 2.03122e-08 2.7775e-17 9.46859e-07 1.83037e-07 7.20129e-10 3.52436e-11 6.1212e-16 4.99475e-11 1.40901e-11 3.04439e-12 0.0693445 0.00358862 1.14597 0.000504302
4.4976e+06 0.000997105 9.3017e-08 0.0105946 2.03014e-08 2.7899e-17 9.50369e-07 1.82651e-07 7.18442e-10 3.4911e-11 6.06201e-16 4.98603e-11 1.40609e-11 3.02878e-12 0.0688548 0.00351048 1.14597 0.000503964
4.54308e+06 0.000997104 9.29909e-08 0.0105919 2.029e-08 2.80281e-17 9.54023e-07 1.82245e-07 7.16669e-10 3.45669e-11 6.00077e-16 4.97684e-11 1.40302e-11 3.01248e-12 0.0683484 0.00343055 1.14597 0.00050361
4.59085e+06 0.000997103 9.29636e-08 0.010589 2.02781e-08 2.81626e-17 9.57825e-07 1.81818e-07 7.14805e-10 3.4211e-11 5.93744e-16 4.96714e-11 1.39978e-11 2.99545e-12 0.067825 0.00334891 1.14597 0.00050324
4.641e+06 0.000997102 9.29349e-08 0.0105861 2.02656e-08 2.83026e-17 9.61779e-07 1.81369e-07 7.12845e-10 3.38432e-11 5.87199e-16 4.95689e-11 1.39637e-11 2.97766e-12 0.0672844 0.00326563 1.14597 0.000502856
4.69366e+06 0.000997101 9.29047e-08 0.0105829 2.02525e-08 2.84482e-17 9.65889e-07 1.80896e-07 7.10784e-10 3.34632e-11 5.8044e-16 4.94608e-11 1.39277e-11 2.9591e-12 0.0667264 0.0031808 1.14597 0.000502453
4.74895e+06 0.0009971 9.28731e-08 0.0105797 2.02388e-08 2.85995e-17 9.70157e-07 1.80399e-07 7.08616e-10 3.3071e-11 5.73465e-16 4.93464e-11 1.38897e-11 2.93971e-12 0.0661509 0.00309453 1.14598 0.000502034
4.80701e+06 0.000997099 9.284e-08 0.0105763 2.02245e-08 2.87566e-17 9.74586e-07 1.79875e-07 7.06338e-10 3.26666e-11 5.66274e-16 4.92256e-11 1.38496e-11 2.9195e-12 0.0655579 0.00300696 1.14598 0.000501595
4.86797e+06 0.000997098 9.28052e-08 0.0105727 2.02094e-08 2.89197e-17 9.79179e-07 1.79323e-07 7.0394e-10 3.22495e-11 5.5886e-16 4.90977e-11 1.38073e-11 2.89839e-12 0.0649471 0.00291817 1.14598 0.000501139
4.93197e+06 0.000997097 9.27687e-08 0.0105689 2.01937e-08 2.90888e-17 9.83938e-07 1.78742e-07 7.01417e-10 3.18199e-11 5.51225e-16 4.89622e-11 1.37626e-11 2.87636e-12 0.0643184 0.00282833 1.14598 0.000500663
4.99918e+06 0.000997095 9.27305e-08 0.010565 2.01772e-08 2.9264e-17 9.88861e-07 1.7813e-07 6.98765e-10 3.13779e-11 5.43372e-16 4.88188e-11 1.37154e-11 2.85339e-12 0.0636724 0.00273763 1.14598 0.000500167
5.06975e+06 0.000997094 9.26904e-08 0.0105608 2.016e-08 2.94453e-17 9.9395e-07 1.77486e-07 6.95975e-10 3.09235e-11 5.353e-16 4.86668e-11 1.36654e-11 2.82945e-12 0.0630088 0.00264622 1.14599 0.000499649
5.14385e+06 0.000997093 9.26483e-08 0.0105565 2.01419e-08 2.96328e-17 9.99204e-07 1.76808e-07 6.93041e-10 3.04568e-11 5.27012e-16 4.85057e-11 1.36126e-11 2.8045e-12 0.0623279 0.0025543 1.14599 0.000499109
5.22165e+06 0.000997092 9.26042e-08 0.010552 2.0123e-08 2.98263e-17 1.00462e-06 1.76093e-07 6.89953e-10 2.99776e-11 5.18504e-16 4.83346e-11 1.35567e-11 2.77848e-12 0.0616297 0.00246203 1.14599 0.000498545
5.30334e+06 0.000997091 9.2558e-08 0.0105473 2.01033e-08 3.00259e-17 1.0102e-06 1.75341e-07 6.86707e-10 2.94865e-11 5.09787e-16 4.8153e-11 1.34976e-11 2.75139e-12 0.0609149 0.00236967 1.14599 0.000497958
5.38912e+06 0.000997089 9.25096e-08 0.0105423 2.00826e-08 3.02314e-17 1.01594e-06 1.74547e-07 6.83291e-10 2.89831e-11 5.00856e-16 4.79599e-11 1.34348e-11 2.72316e-12 0.0601833 0.00227738 1.146 0.000497345
5.47918e+06 0.000997088 9.24588e-08 0.0105372 2.0061e-08 3.04427e-17 1.02182e-06 1.73712e-07 6.79698e-10 2.84681e-11 4.91723e-16 4.77547e-11 1.33684e-11 2.69378e-12 0.0594357 0.00218542 1.146 0.000496704
5.57375e+06 0.000997087 9.24057e-08 0.0105318 2.00385e-08 3.06596e-17 1.02785e-06 1.72832e-07 6.75918e-10 2.79414e-11 4.82384e-16 4.75362e-11 1.32979e-11 2.66319e-12 0.0586723 0.00209399 1.14601 0.00049604
5.67305e+06 0.000997086 9.235e-08 0.0105261 2.00149e-08 3.08818e-17 1.03401e-06 1.71904e-07 6.71942e-10 2.74036e-11 4.72852e-16 4.73036e-11 1.32232e-11 2.63136e-12 0.057894 0.00200334 1.14601 0.000495346
5.77731e+06 0.000997085 9.22918e-08 0.0105202 1.99904e-08 3.11089e-17 1.04029e-06 1.70928e-07 6.67763e-10 2.68551e-11 4.63137e-16 4.7056e-11 1.31439e-11 2.59828e-12 0.0571016 0.00191374 1.14601 0.000494622
5.80468e+06 0.00099708 9.22765e-08 0.0105187 1.9984e-08 3.11673e-17 1.04191e-06 1.70673e-07 6.66674e-10 2.67155e-11 4.60664e-16 4.69914e-11 1.31232e-11 2.58974e-12 0.0568976 0.00189109 1.14601 0.000494431
5.83341e+06 0.000997078 9.22605e-08 0.0105171 1.99772e-08 3.12284e-17 1.04359e-06 1.70403e-07 6.65521e-10 2.65682e-11 4.58056e-16 4.69222e-11 1.31012e-11 2.5807e-12 0.056685 0.00186769 1.14602 0.000494234
5.86359e+06 0.000997076 9.22438e-08 0.0105154 1.99702e-08 3.12919e-17 1.04535e-06 1.7012e-07 6.6431e-10 2.64149e-11 4.55342e-16 4.68493e-11 1.30779e-11 2.57124e-12 0.0564639 0.00184354 1.14602 0.000494028
5.89527e+06 0.000997074 9.22261e-08 0.0105136 1.99628e-08 3.13581e-17 1.04717e-06 1.69822e-07 6.63038e-10 2.62553e-11 4.52517e-16 4.67726e-11 1.30535e-11 2.56134e-12 0.0562337 0.00181864 1.14602 0.00049381
5.92854e+06 0.000997072 9.22077e-08 0.0105117 1.9955e-08 3.14269e-17 1.04906e-06 1.69509e-07 6.61702e-10 2.60893e-11 4.49578e-16 4.66913e-11 1.30276e-11 2.55096e-12 0.0559943 0.00179299 1.14602 0.000493582
5.96347e+06 0.000997071 9.21883e-08 0.0105098 1.99469e-08 3.14984e-17 1.05103e-06 1.6918e-07 6.60299e-10 2.59166e-11 4.46522e-16 4.6606e-11 1.30005e-11 2.54011e-12 0.0557457 0.0017666 1.14602 0.000493345
6.00014e+06 0.000997069 9.2168e-08 0.0105077 1.99384e-08 3.15728e-17 1.05307e-06 1.68834e-07 6.58825e-10 2.57371e-11 4.43344e-16 4.65157e-11 1.29719e-11 2.52876e-12 0.0554871 0.00173944 1.14602 0.000493094
6.03865e+06 0.000997067 9.21467e-08 0.0105056 1.99294e-08 3.165e-17 1.05519e-06 1.6847e-07 6.57276e-10 2.55505e-11 4.40043e-16 4.64205e-11 1.29417e-11 2.51687e-12 0.0552186 0.00171155 1.14602 0.000492832
6.07909e+06 0.000997065 9.21244e-08 0.0105033 1.99201e-08 3.17301e-17 1.05739e-06 1.68088e-07 6.55649e-10 2.53566e-11 4.36613e-16 4.632e-11 1.29099e-11 2.50444e-12 0.0549398 0.00168291 1.14603 0.000492558
6.12155e+06 0.000997063 9.21009e-08 0.010501 1.99103e-08 3.18132e-17 1.05966e-06 1.67686e-07 6.53941e-10 2.51553e-11 4.33054e-16 4.62138e-11 1.28764e-11 2.49143e-12 0.0546506 0.00165356 1.14603 0.000492271
6.16613e+06 0.000997061 9.20764e-08 0.0104985 1.99001e-08 3.18994e-17 1.06202e-06 1.67264e-07 6.52146e-10 2.49465e-11 4.29361e-16 4.61017e-11 1.28411e-11 2.47783e-12 0.0543506 0.0016235 1.14603 0.00049197
6.21294e+06 0.00099706 9.20507e-08 0.0104959 1.98894e-08 3.19885e-17 1.06445e-06 1.6682e-07 6.50262e-10 2.47299e-11 4.25531e-16 4.59834e-11 1.28038e-11 2.46361e-12 0.0540398 0.00159274 1.14603 0.000491655
6.26209e+06 0.000997058 9.20237e-08 0.0104932 1.98781e-08 3.20808e-17 1.06697e-06 1.66354e-07 6.48282e-10 2.45054e-11 4.21563e-16 4.58583e-11 1.27645e-11 2.44875e-12 0.0537179 0.00156133 1.14603 0.000491325
6.31369e+06 0.000997057 9.19954e-08 0.0104904 1.98664e-08 3.21761e-17 1.06956e-06 1.65864e-07 6.46204e-10 2.42729e-11 4.17454e-16 4.57262e-11 1.2723e-11 2.43322e-12 0.0533848 0.00152927 1.14604 0.00049098
6.36788e+06 0.000997056 9.19658e-08 0.0104875 1.98541e-08 3.22744e-17 1.07223e-06 1.65349e-07 6.44022e-10 2.40323e-11 4.13203e-16 4.55867e-11 1.26793e-11 2.41701e-12 0.0530403 0.00149661 1.14604 0.000490619
6.42478e+06 0.000997055 9.19348e-08 0.0104844 1.98413e-08 3.23758e-17 1.07498e-06 1.64807e-07 6.41731e-10 2.37833e-11 4.08804e-16 4.5439e-11 1.26332e-11 2.40006e-12 0.052684 0.00146335 1.14604 0.000490241
6.48452e+06 0.000997053 9.19023e-08 0.0104811 1.98278e-08 3.24803e-17 1.0778e-06 1.64238e-07 6.39325e-10 2.35258e-11 4.04257e-16 4.5283e-11 1.25845e-11 2.38237e-12 0.052316 0.00142955 1.14604 0.000489846
6.54725e+06 0.000997053 9.18683e-08 0.0104777 1.98138e-08 3.25876e-17 1.0807e-06 1.63641e-07 6.36799e-10 2.32599e-11 3.99562e-16 4.5118e-11 1.25331e-11 2.3639e-12 0.0519363 0.00139525 1.14605 0.000489432
6.61312e+06 0.000997052 9.18327e-08 0.0104742 1.97991e-08 3.26979e-17 1.08366e-06 1.63013e-07 6.34148e-10 2.29853e-11 3.94715e-16 4.49435e-11 1.24788e-11 2.34463e-12 0.0515446 0.00136048 1.14605 0.000489
6.68228e+06 0.00099705 9.17954e-08 0.0104705 1.97837e-08 3.28109e-17 1.0867e-06 1.62353e-07 6.31364e-10 2.27019e-11 3.89716e-16 4.47588e-11 1.24216e-11 2.32453e-12 0.0511408 0.00132528 1.14605 0.000488547
6.75489e+06 0.000997049 9.17564e-08 0.0104666 1.97677e-08 3.29266e-17 1.08979e-06 1.61659e-07 6.28443e-10 2.24099e-11 3.84564e-16 4.45634e-11 1.23611e-11 2.30356e-12 0.0507249 0.00128971 1.14606 0.000488074
6.83114e+06 0.000997048 9.17156e-08 0.0104626 1.97509e-08 3.30447e-17 1.09294e-06 1.60931e-07 6.25378e-10 2.21091e-11 3.79261e-16 4.43567e-11 1.22973e-11 2.28171e-12 0.0502972 0.00125382 1.14606 0.00048758
6.9112e+06 0.000997047 9.16729e-08 0.0104584 1.97335e-08 3.31651e-17 1.09613e-06 1.60166e-07 6.22163e-10 2.17997e-11 3.73806e-16 4.4138e-11 1.22299e-11 2.25895e-12 0.0498575 0.00121767 1.14607 0.000487064
6.99527e+06 0.000997046 9.16282e-08 0.010454 1.97152e-08 3.32876e-17 1.09937e-06 1.59363e-07 6.1879e-10 2.14814e-11 3.68198e-16 4.39065e-11 1.21588e-11 2.23524e-12 0.0494058 0.0011813 1.14607 0.000486524
7.01733e+06 0.000997042 9.16165e-08 0.0104528 1.97105e-08 3.33189e-17 1.10019e-06 1.59153e-07 6.1791e-10 2.13997e-11 3.66759e-16 4.3846e-11 1.21402e-11 2.22911e-12 0.049289 0.00117201 1.14607 0.000486382
7.0405e+06 0.000997038 9.16043e-08 0.0104516 1.97055e-08 3.33516e-17 1.10105e-06 1.58932e-07 6.16983e-10 2.13138e-11 3.65246e-16 4.37817e-11 1.21205e-11 2.22263e-12 0.049167 0.00116236 1.14607 0.000486233
7.06483e+06 0.000997036 9.15914e-08 0.0104503 1.97002e-08 3.33856e-17 1.10195e-06 1.58699e-07 6.16008e-10 2.1224e-11 3.63665e-16 4.37142e-11 1.20999e-11 2.21584e-12 0.0490397 0.00115235 1.14607 0.000486078
7.09038e+06 0.000997033 9.1578e-08 0.010449 1.96948e-08 3.34209e-17 1.10287e-06 1.58455e-07 6.14986e-10 2.11304e-11 3.62016e-16 4.3643e-11 1.20781e-11 2.20873e-12 0.0489069 0.00114198 1.14607 0.000485916
7.1172e+06 0.000997029 9.15638e-08 0.0104476 1.9689e-08 3.34576e-17 1.10383e-06 1.58199e-07 6.13913e-10 2.10328e-11 3.60297e-16 4.35682e-11 1.20552e-11 2.20128e-12 0.0487685 0.00113124 1.14608 0.000485744
7.14536e+06 0.000997027 9.1549e-08 0.0104462 1.9683e-08 3.34957e-17 1.10483e-06 1.5793e-07 6.12786e-10 2.09309e-11 3.58504e-16 4.34894e-11 1.20311e-11 2.19349e-12 0.0486243 0.00112012 1.14608 0.000485567
7.17493e+06 0.000997024 9.15335e-08 0.0104446 1.96767e-08 3.35352e-17 1.10586e-06 1.57648e-07 6.11604e-10 2.08248e-11 3.56634e-16 4.34064e-11 1.20057e-11 2.18532e-12 0.0484739 0.0011086 1.14608 0.00048538
7.20598e+06 0.000997022 9.15172e-08 0.0104431 1.96701e-08 3.35761e-17 1.10693e-06 1.57351e-07 6.10363e-10 2.07141e-11 3.54687e-16 4.33192e-11 1.19791e-11 2.17678e-12 0.0483173 0.0010967 1.14608 0.000485184
7.23858e+06 0.00099702 9.15002e-08 0.0104414 1.96631e-08 3.36186e-17 1.10803e-06 1.5704e-07 6.09061e-10 2.05988e-11 3.52658e-16 4.32273e-11 1.19511e-11 2.16784e-12 0.0481542 0.00108439 1.14608 0.000484978
7.27282e+06 0.000997018 9.14823e-08 0.0104396 1.96559e-08 3.36625e-17 1.10917e-06 1.56713e-07 6.07695e-10 2.04788e-11 3.50546e-16 4.31305e-11 1.19216e-11 2.15848e-12 0.0479845 0.00107169 1.14608 0.000484763
7.30876e+06 0.000997014 9.14635e-08 0.0104378 1.96483e-08 3.37078e-17 1.11035e-06 1.5637e-07 6.06262e-10 2.03539e-11 3.48348e-16 4.30285e-11 1.18906e-11 2.14868e-12 0.0478079 0.00105858 1.14609 0.000484537
7.3465e+06 0.000997014 9.14439e-08 0.0104359 1.96403e-08 3.37547e-17 1.11156e-06 1.5601e-07 6.04759e-10 2.0224e-11 3.46062e-16 4.29214e-11 1.1858e-11 2.13845e-12 0.0476243 0.00104506 1.14609 0.0004843
7.38613e+06 0.000997012 9.14233e-08 0.0104338 1.9632e-08 3.38031e-17 1.1128e-06 1.55632e-07 6.03181e-10 2.00888e-11 3.43684e-16 4.28084e-11 1.18237e-11 2.12774e-12 0.0474334 0.00103114 1.14609 0.000484053
7.42774e+06 0.000997011 9.14018e-08 0.0104317 1.96233e-08 3.38529e-17 1.11408e-06 1.55236e-07 6.01526e-10 1.99483e-11 3.41214e-16 4.26895e-11 1.17876e-11 2.11655e-12 0.0472352 0.0010168 1.14609 0.000483794
7.47143e+06 0.000997009 9.13792e-08 0.0104295 1.96142e-08 3.39042e-17 1.11539e-06 1.54819e-07 5.9979e-10 1.98023e-11 3.38647e-16 4.25641e-11 1.17497e-11 2.10484e-12 0.0470293 0.00100205 1.14609 0.000483523
7.51731e+06 0.000997008 9.13555e-08 0.0104272 1.96046e-08 3.3957e-17 1.11674e-06 1.54383e-07 5.9797e-10 1.96507e-11 3.35982e-16 4.24323e-11 1.17097e-11 2.09262e-12 0.0468156 0.000986902 1.1461 0.000483238
7.56547e+06 0.000997006 9.13307e-08 0.0104248 1.95947e-08 3.40111e-17 1.11811e-06 1.53924e-07 5.9606e-10 1.94933e-11 3.33216e-16 4.22933e-11 1.16677e-11 2.07984e-12 0.0465938 0.000971342 1.1461 0.00048294
7.61605e+06 0.000997006 9.13048e-08 0.0104223 1.95842e-08 3.40666e-17 1.11951e-06 1.53443e-07 5.94059e-10 1.93301e-11 3.30349e-16 4.2147e-11 1.16235e-11 2.0665e-12 0.0463641 0.000955388 1.1461 0.000482629
7.66916e+06 0.000997005 9.12777e-08 0.0104196 1.95733e-08 3.41234e-17 1.12094e-06 1.52939e-07 5.9196e-10 1.91608e-11 3.27375e-16 4.19928e-11 1.1577e-11 2.05257e-12 0.046126 0.000939033 1.14611 0.000482303
7.72492e+06 0.000997003 9.12493e-08 0.0104169 1.95619e-08 3.41813e-17 1.12239e-06 1.52409e-07 5.89759e-10 1.89854e-11 3.24295e-16 4.18303e-11 1.15281e-11 2.03803e-12 0.0458793 0.000922287 1.14611 0.000481962
7.78347e+06 0.000997002 9.12196e-08 0.010414 1.955e-08 3.42403e-17 1.12386e-06 1.51854e-07 5.87453e-10 1.88038e-11 3.21105e-16 4.16592e-11 1.14766e-11 2.02285e-12 0.045624 0.000905158 1.14611 0.000481605
7.84495e+06 0.000997001 9.11885e-08 0.010411 1.95376e-08 3.43004e-17 1.12534e-06 1.51271e-07 5.85036e-10 1.86158e-11 3.17806e-16 4.14789e-11 1.14225e-11 2.00702e-12 0.0453601 0.000887664 1.14611 0.000481233
7.9095e+06 0.000996999 9.1156e-08 0.0104078 1.95246e-08 3.43612e-17 1.12683e-06 1.50661e-07 5.82503e-10 1.84214e-11 3.14394e-16 4.1289e-11 1.13655e-11 1.99052e-12 0.0450873 0.000869806 1.14612 0.000480843
7.97727e+06 0.000996998 9.1122e-08 0.0104045 1.9511e-08 3.44228e-17 1.12833e-06 1.5002e-07 5.7985e-10 1.82205e-11 3.10869e-16 4.10889e-11 1.13056e-11 1.97331e-12 0.0448055 0.000851601 1.14612 0.000480436
8.04844e+06 0.000996997 9.10865e-08 0.0104011 1.94968e-08 3.44848e-17 1.12982e-06 1.49349e-07 5.77072e-10 1.8013e-11 3.07231e-16 4.08782e-11 1.12427e-11 1.95539e-12 0.0445149 0.000833072 1.14613 0.00048001
8.06712e+06 0.000996996 9.10772e-08 0.0104002 1.94931e-08 3.45006e-17 1.1302e-06 1.49174e-07 5.76347e-10 1.79595e-11 3.06293e-16 4.08232e-11 1.12262e-11 1.95075e-12 0.0444395 0.000828303 1.14613 0.000479899
8.08674e+06 0.000996993 9.10674e-08 0.0103992 1.94893e-08 3.45171e-17 1.13059e-06 1.4899e-07 5.75584e-10 1.79033e-11 3.05307e-16 4.0765e-11 1.12089e-11 1.94585e-12 0.0443607 0.000823337 1.14613 0.000479782
8.10733e+06 0.000996991 9.10572e-08 0.0103982 1.94852e-08 3.45341e-17 1.131e-06 1.48796e-07 5.74784e-10 1.78445e-11 3.04277e-16 4.07039e-11 1.11906e-11 1.94072e-12 0.0442784 0.000818167 1.14613 0.000479659
8.12896e+06 0.000996988 9.10465e-08 0.0103972 1.94809e-08 3.45517e-17 1.13142e-06 1.48593e-07 5.73944e-10 1.77832e-11 3.03202e-16 4.06396e-11 1.11715e-11 1.93535e-12 0.0441924 0.000812788 1.14613 0.00047953
8.15167e+06 0.000996986 9.10353e-08 0.0103961 1.94765e-08 3.45699e-17 1.13185e-06 1.4838e-07 5.73062e-10 1.7719e-11 3.02076e-16 4.0572e-11 1.11513e-11 1.92971e-12 0.0441025 0.000807194 1.14613 0.000479396
8.17551e+06 0.000996982 9.10235e-08 0.010395 1.94718e-08 3.45887e-17 1.13229e-06 1.48156e-07 5.72138e-10 1.7652e-11 3.00904e-16 4.0501e-11 1.11302e-11 1.92382e-12 0.0440087 0.00080138 1.14613 0.000479254
8.20055e+06 0.00099698 9.10112e-08 0.0103938 1.94669e-08 3.46083e-17 1.13275e-06 1.47921e-07 5.71168e-10 1.75821e-11 2.99678e-16 4.04263e-11 1.11079e-11 1.91764e-12 0.0439108 0.000795338 1.14613 0.000479107
8.22683e+06 0.000996978 9.09983e-08 0.0103926 1.94618e-08 3.46285e-17 1.13322e-06 1.47675e-07 5.70149e-10 1.7509e-11 2.98398e-16 4.03478e-11 1.10846e-11 1.91117e-12 0.0438087 0.000789062 1.14614 0.000478952
8.25443e+06 0.000996971 9.09847e-08 0.0103912 1.94564e-08 3.46491e-17 1.13369e-06 1.47416e-07 5.69083e-10 1.7433e-11 2.97065e-16 4.02654e-11 1.10601e-11 1.90441e-12 0.0437021 0.000782549 1.14614 0.000478788
8.28341e+06 0.000996967 9.09705e-08 0.0103899 1.94508e-08 3.46705e-17 1.13419e-06 1.47145e-07 5.67963e-10 1.73535e-11 2.95674e-16 4.01786e-11 1.10343e-11 1.89733e-12 0.043591 0.000775793 1.14614 0.000478619
8.31384e+06 0.000996965 9.09557e-08 0.0103884 1.94449e-08 3.46925e-17 1.13469e-06 1.4686e-07 5.66789e-10 1.72707e-11 2.94222e-16 4.00875e-11 1.10072e-11 1.88991e-12 0.0434753 0.000768787 1.14614 0.000478442
8.34579e+06 0.000996959 9.09401e-08 0.0103869 1.94387e-08 3.47151e-17 1.13521e-06 1.46562e-07 5.65557e-10 1.71843e-11 2.9271e-16 3.99917e-11 1.09788e-11 1.88216e-12 0.0433545 0.000761523 1.14614 0.000478255
8.37934e+06 0.000996953 9.09237e-08 0.0103854 1.94323e-08 3.47382e-17 1.13573e-06 1.46249e-07 5.64267e-10 1.70944e-11 2.91136e-16 3.98911e-11 1.09489e-11 1.87405e-12 0.0432288 0.000754005 1.14614 0.000478058
8.41457e+06 0.000996949 9.09066e-08 0.0103837 1.94255e-08 3.4762e-17 1.13626e-06 1.4592e-07 5.62912e-10 1.70006e-11 2.89493e-16 3.97852e-11 1.09176e-11 1.86556e-12 0.0430978 0.000746215 1.14615 0.000477854
8.45156e+06 0.000996944 9.08887e-08 0.010382 1.94184e-08 3.47862e-17 1.1368e-06 1.45575e-07 5.61492e-10 1.69029e-11 2.87784e-16 3.96739e-11 1.08846e-11 1.85668e-12 0.0429615 0.00073816 1.14615 0.000477641
8.4904e+06 0.000996939 9.08699e-08 0.0103802 1.9411e-08 3.4811e-17 1.13734e-06 1.45214e-07 5.60006e-10 1.68014e-11 2.86007e-16 3.9557e-11 1.085e-11 1.84742e-12 0.0428198 0.000729838 1.14615 0.000477414
8.53117e+06 0.000996934 9.08503e-08 0.0103783 1.94032e-08 3.48362e-17 1.13789e-06 1.44835e-07 5.58445e-10 1.66956e-11 2.84156e-16 3.9434e-11 1.08136e-11 1.83772e-12 0.0426722 0.000721235 1.14615 0.00047718
8.57399e+06 0.000996928 9.08297e-08 0.0103763 1.93951e-08 3.48619e-17 1.13844e-06 1.44437e-07 5.56809e-10 1.65855e-11 2.8223e-16 3.93047e-11 1.07754e-11 1.82757e-12 0.0425188 0.000712352 1.14616 0.000476939
8.61895e+06 0.000996925 9.08082e-08 0.0103743 1.93866e-08 3.48879e-17 1.139e-06 1.4402e-07 5.55095e-10 1.64712e-11 2.8023e-16 3.91689e-11 1.07353e-11 1.81699e-12 0.0423595 0.000703191 1.14616 0.00047668
8.66616e+06 0.000996923 9.07856e-08 0.0103721 1.93778e-08 3.49142e-17 1.13955e-06 1.43584e-07 5.533e-10 1.63524e-11 2.78152e-16 3.90261e-11 1.06932e-11 1.80594e-12 0.042194 0.00069375 1.14616 0.000476409
8.71573e+06 0.000996921 9.0762e-08 0.0103698 1.93685e-08 3.49408e-17 1.14009e-06 1.43126e-07 5.5142e-10 1.6229e-11 2.75994e-16 3.88762e-11 1.0649e-11 1.79439e-12 0.0420223 0.000684028 1.14616 0.000476128
8.76777e+06 0.000996919 9.07373e-08 0.0103675 1.93588e-08 3.49673e-17 1.14063e-06 1.42646e-07 5.4945e-10 1.61009e-11 2.73756e-16 3.87185e-11 1.06026e-11 1.78235e-12 0.0418442 0.000674025 1.14617 0.000475832
8.82242e+06 0.000996917 9.07115e-08 0.010365 1.93486e-08 3.49939e-17 1.14115e-06 1.42143e-07 5.47387e-10 1.5968e-11 2.71434e-16 3.85529e-11 1.05539e-11 1.76979e-12 0.0416595 0.000663741 1.14617 0.000475524
8.8798e+06 0.000996913 9.06845e-08 0.0103624 1.93381e-08 3.50203e-17 1.14165e-06 1.41616e-07 5.45227e-10 1.58303e-11 2.69027e-16 3.83788e-11 1.05027e-11 1.75668e-12 0.0414681 0.000653179 1.14617 0.000475201
8.94005e+06 0.000996911 9.06563e-08 0.0103597 1.9327e-08 3.50464e-17 1.14213e-06 1.41064e-07 5.42965e-10 1.56875e-11 2.66533e-16 3.81958e-11 1.0449e-11 1.74302e-12 0.0412698 0.000642339 1.14618 0.000474865
9.00331e+06 0.00099691 9.06268e-08 0.0103569 1.93155e-08 3.50721e-17 1.14258e-06 1.40486e-07 5.40598e-10 1.55397e-11 2.63952e-16 3.80036e-11 1.03927e-11 1.72878e-12 0.0410647 0.000631226 1.14618 0.000474513
9.06973e+06 0.000996909 9.0596e-08 0.010354 1.93034e-08 3.50972e-17 1.143e-06 1.39881e-07 5.38122e-10 1.53867e-11 2.61282e-16 3.78018e-11 1.03336e-11 1.71395e-12 0.0408526 0.00061985 1.14618 0.000474145
9.13948e+06 0.000996908 9.05638e-08 0.0103509 1.92909e-08 3.51214e-17 1.14338e-06 1.39247e-07 5.35531e-10 1.52285e-11 2.5852e-16 3.75896e-11 1.02716e-11 1.6985e-12 0.0406334 0.000608209 1.14619 0.000473762
9.21271e+06 0.000996907 9.05303e-08 0.0103477 1.92778e-08 3.51445e-17 1.1437e-06 1.38584e-07 5.3282e-10 1.5065e-11 2.55667e-16 3.73668e-11 1.02065e-11 1.68242e-12 0.040407 0.000596312 1.14619 0.000473362
9.28961e+06 0.000996906 9.04952e-08 0.0103444 1.92641e-08 3.51662e-17 1.14397e-06 1.37889e-07 5.29985e-10 1.4896e-11 2.52721e-16 3.71328e-11 1.01382e-11 1.66569e-12 0.0401733 0.000584166 1.1462 0.000472944
9.37035e+06 0.000996905 9.04586e-08 0.0103409 1.92499e-08 3.51864e-17 1.14418e-06 1.37163e-07 5.27022e-10 1.47217e-11 2.49682e-16 3.68871e-11 1.00666e-11 1.6483e-12 0.0399323 0.000571781 1.1462 0.000472508
9.45513e+06 0.000996904 9.04204e-08 0.0103373 1.92351e-08 3.52046e-17 1.1443e-06 1.36403e-07 5.23924e-10 1.4542e-11 2.46549e-16 3.66291e-11 9.99159e-12 1.63022e-12 0.0396839 0.000559168 1.14621 0.000472053
9.47738e+06 0.000996903 9.04104e-08 0.0103363 1.92312e-08 3.52089e-17 1.14432e-06 1.36205e-07 5.23118e-10 1.44956e-11 2.45742e-16 3.65618e-11 9.97203e-12 1.62553e-12 0.0396196 0.000555921 1.14621 0.000471936
9.50075e+06 0.000996903 9.04e-08 0.0103354 1.92272e-08 3.52132e-17 1.14434e-06 1.35996e-07 5.22269e-10 1.44469e-11 2.44894e-16 3.64908e-11 9.9514e-12 1.6206e-12 0.0395524 0.00055254 1.14621 0.000471811
9.52528e+06 0.000996901 9.03891e-08 0.0103343 1.92229e-08 3.52174e-17 1.14434e-06 1.35778e-07 5.21379e-10 1.43961e-11 2.44009e-16 3.64163e-11 9.92977e-12 1.61544e-12 0.0394822 0.000549023 1.14621 0.000471681
9.55104e+06 0.0009969 9.03776e-08 0.0103332 1.92185e-08 3.52216e-17 1.14434e-06 1.35549e-07 5.20446e-10 1.43431e-11 2.43084e-16 3.6338e-11 9.90703e-12 1.61004e-12 0.0394089 0.000545364 1.14621 0.000471545
9.57809e+06 0.000996899 9.03656e-08 0.0103321 1.92138e-08 3.52257e-17 1.14433e-06 1.35308e-07 5.19467e-10 1.42876e-11 2.42118e-16 3.62559e-11 9.88321e-12 1.60439e-12 0.0393324 0.000541558 1.14621 0.000471402
9.60649e+06 0.000996898 9.0353e-08 0.0103309 1.9209e-08 3.52297e-17 1.14431e-06 1.35056e-07 5.18441e-10 1.42297e-11 2.41111e-16 3.61696e-11 9.85819e-12 1.59847e-12 0.0392526 0.000537602 1.14622 0.000471252
9.63632e+06 0.000996897 9.03398e-08 0.0103297 1.92039e-08 3.52336e-17 1.14428e-06 1.34792e-07 5.17366e-10 1.41694e-11 2.40059e-16 3.60791e-11 9.83194e-12 1.59228e-12 0.0391693 0.000533491 1.14622 0.000471096
9.66763e+06 0.000996896 9.0326e-08 0.0103284 1.91985e-08 3.52372e-17 1.14424e-06 1.34514e-07 5.16239e-10 1.41064e-11 2.38963e-16 3.5984e-11 9.80439e-12 1.58581e-12 0.0390825 0.000529223 1.14622 0.00047093
9.70051e+06 0.000996893 9.03115e-08 0.010327 1.9193e-08 3.52406e-17 1.14418e-06 1.34224e-07 5.15058e-10 1.40408e-11 2.3782e-16 3.58842e-11 9.77549e-12 1.57903e-12 0.038992 0.000524793 1.14622 0.000470758
9.73503e+06 0.000996891 9.02964e-08 0.0103256 1.91871e-08 3.52437e-17 1.1441e-06 1.33919e-07 5.1382e-10 1.39723e-11 2.36629e-16 3.57794e-11 9.74516e-12 1.57195e-12 0.0388976 0.000520196 1.14622 0.000470579
9.77128e+06 0.000996889 9.02806e-08 0.0103241 1.9181e-08 3.52464e-17 1.144e-06 1.336e-07 5.12522e-10 1.39009e-11 2.35387e-16 3.56694e-11 9.71334e-12 1.56455e-12 0.0387993 0.00051543 1.14622 0.00047039
9.80934e+06 0.000996887 9.0264e-08 0.0103225 1.91746e-08 3.52487e-17 1.14389e-06 1.33265e-07 5.11164e-10 1.38266e-11 2.34094e-16 3.5554e-11 9.67997e-12 1.55682e-12 0.038697 0.000510491 1.14623 0.000470192
9.84931e+06 0.000996884 9.02466e-08 0.0103208 1.91679e-08 3.52506e-17 1.14375e-06 1.32914e-07 5.09739e-10 1.37492e-11 2.32747e-16 3.54328e-11 9.64495e-12 1.54873e-12 0.0385904 0.000505374 1.14623 0.000469986
9.89127e+06 0.000996881 9.02284e-08 0.0103191 1.91609e-08 3.52518e-17 1.14358e-06 1.32547e-07 5.08248e-10 1.36686e-11 2.31346e-16 3.53057e-11 9.60825e-12 1.54028e-12 0.0384795 0.000500081 1.14623 0.00046977
9.93533e+06 0.000996878 9.02094e-08 0.0103173 1.91536e-08 3.52524e-17 1.14339e-06 1.32162e-07 5.06687e-10 1.35848e-11 2.29888e-16 3.51723e-11 9.56975e-12 1.53147e-12 0.0383642 0.000494606 1.14623 0.000469543
9.9816e+06 0.000996873 9.01895e-08 0.0103155 1.91459e-08 3.52522e-17 1.14315e-06 1.31758e-07 5.05052e-10 1.34976e-11 2.28372e-16 3.50323e-11 9.52937e-12 1.52226e-12 0.0382442 0.000488945 1.14624 0.000469306
1.00302e+07 0.000996868 9.01688e-08 0.0103135 1.91379e-08 3.52511e-17 1.14289e-06 1.31336e-07 5.03339e-10 1.3407e-11 2.26797e-16 3.48854e-11 9.48703e-12 1.51265e-12 0.0381196 0.000483099 1.14624 0.000469059
