#time content I_1 V_1 V_2 Xe_1 Xe_1V_1 Xe_1V_2 Xe_1V_3 Xe_1V_4 Xe_1V_5 Xe_1V_6 Xe_1V_7 Xe_1V_8 Xe/SD var R_b var
0 0 2.28969e-27 0.00024887 1.87997e-12 0 0 0 0 0 0 0 0 0 0 0 0 0
1e-10 3.00288e-19 1e-14 0.00024887 1.87997e-12 2.99763e-19 5.2532e-22 6.68046e-30 2.63543e-40 5.04023e-48 0 0 0 0 0 0 0 0
2.05e-10 6.15606e-19 2.05e-14 0.00024887 1.87997e-12 6.14005e-19 1.601e-21 2.03599e-29 4.36559e-39 8.34915e-47 2.36749e-56 4.3447e-64 2.12115e-74 3.4581e-82 0 0 0 0
3.1525e-10 9.46705e-19 3.1525e-14 0.00024887 1.87997e-12 9.43398e-19 3.30729e-21 4.20588e-29 1.50379e-38 2.876e-46 1.34185e-55 2.46259e-63 3.45444e-73 5.63231e-81 0 0 0 0
4.31013e-10 1.29438e-18 4.31013e-14 0.00024887 1.87997e-12 1.28864e-18 5.73372e-21 7.29157e-29 3.57435e-38 6.83594e-46 4.38466e-55 8.04725e-63 1.73163e-72 2.8235e-80 0 0 0 0
5.52563e-10 1.65945e-18 5.52563e-14 0.00024887 1.87998e-12 1.65047e-18 8.98002e-21 1.14199e-28 7.08252e-38 1.35454e-45 1.10428e-54 2.02683e-62 5.77544e-72 9.41766e-80 0 0 0 0
6.80191e-10 2.0428e-18 6.80191e-14 0.00024887 1.87998e-12 2.02964e-18 1.31573e-20 1.67322e-28 1.25683e-37 2.4037e-45 2.38248e-54 4.3731e-62 1.54513e-71 2.51968e-79 0 0 0 0
8.14201e-10 2.44534e-18 8.14201e-14 0.00024887 1.87998e-12 2.42695e-18 1.83891e-20 2.33856e-28 2.0698e-37 3.95852e-45 4.63575e-54 8.50959e-62 3.59113e-71 5.85649e-79 0 0 0 0
9.54911e-10 2.86804e-18 9.54911e-14 0.00024887 1.87998e-12 2.84322e-18 2.48128e-20 3.15547e-28 3.22888e-37 6.1753e-45 8.3758e-54 1.5376e-61 7.56436e-71 1.23368e-78 0 0 0 0
1.10266e-09 3.31189e-18 1.10266e-13 0.00024887 1.87998e-12 3.27931e-18 3.25811e-20 4.14338e-28 4.83376e-37 9.24469e-45 1.43109e-53 2.62732e-61 1.48127e-70 2.41597e-78 0 0 0 0
1.25779e-09 3.77797e-18 1.25779e-13 0.00024887 1.87998e-12 3.73611e-18 4.18632e-20 5.32381e-28 7.00545e-37 1.33982e-44 2.34064e-53 4.29747e-61 2.74168e-70 4.47201e-78 0 0 0 0
1.42068e-09 4.26739e-18 1.42068e-13 0.00024887 1.87999e-12 4.21454e-18 5.28473e-20 6.72068e-28 9.89026e-37 1.89155e-44 3.69621e-53 6.78684e-61 4.85171e-70 7.91423e-78 0 0 0 0
1.59171e-09 4.78132e-18 1.59171e-13 0.00024887 1.87999e-12 4.71558e-18 6.57415e-20 8.36049e-28 1.36644e-36 2.61339e-44 5.67096e-53 1.04136e-60 8.27669e-70 1.35021e-77 0 0 0 0
1.7713e-09 5.32098e-18 1.7713e-13 0.00024887 1.87999e-12 5.2402e-18 8.07769e-20 1.02726e-27 1.85396e-36 3.5458e-44 8.49357e-53 1.55981e-60 1.36957e-69 2.2344e-77 0 0 0 0
1.95986e-09 5.88767e-18 1.95986e-13 0.00024887 1.87999e-12 5.78946e-18 9.82089e-20 1.24895e-27 2.47691e-36 4.73723e-44 1.24637e-52 2.28911e-60 2.20869e-69 3.60366e-77 0 0 0 0
2.15786e-09 6.48275e-18 2.15786e-13 0.00024887 1.87999e-12 6.36443e-18 1.1832e-19 1.50472e-27 3.26553e-36 6.24554e-44 1.79716e-52 3.30099e-60 3.48437e-69 5.68549e-77 0 0 0 0
2.36575e-09 7.10763e-18 2.36575e-13 0.00024887 1.88e-12 6.9662e-18 1.41424e-19 1.79854e-27 4.25585e-36 8.13963e-44 2.55221e-52 4.68831e-60 5.39318e-69 8.80086e-77 0 0 0 0
2.58404e-09 7.76381e-18 2.58404e-13 0.00024887 1.88e-12 7.59595e-18 1.67867e-19 2.13482e-27 5.49069e-36 1.05014e-43 3.57656e-52 6.57066e-60 8.21012e-69 1.33989e-76 0 0 0 0
2.81324e-09 8.45287e-18 2.81324e-13 0.00024887 1.88e-12 8.25484e-18 1.9803e-19 2.51842e-27 7.02082e-36 1.3428e-43 4.95356e-52 9.10136e-60 1.2317e-68 2.01031e-76 0 0 0 0
3.0539e-09 9.17645e-18 3.0539e-13 0.00024887 1.88e-12 8.94412e-18 2.32335e-19 2.95471e-27 8.90638e-36 1.70343e-43 6.7896e-52 1.24762e-59 1.82404e-68 2.97738e-76 0 0 0 0
3.3066e-09 9.93629e-18 3.3066e-13 0.00024887 1.88001e-12 9.66504e-18 2.71248e-19 3.4496e-27 1.12184e-35 2.14564e-43 9.21999e-52 1.69441e-59 2.67023e-68 4.35906e-76 0 0 0 0
3.57193e-09 1.07342e-17 3.57193e-13 0.00024887 1.88001e-12 1.04189e-17 3.15284e-19 4.00963e-27 1.40407e-35 2.68546e-43 1.24162e-51 2.28208e-59 3.86872e-68 6.31623e-76 0 0 0 0
3.85052e-09 1.15721e-17 3.85052e-13 0.00024887 1.88001e-12 1.12071e-17 3.65009e-19 4.64202e-27 1.74722e-35 3.34178e-43 1.65951e-51 3.05052e-59 5.55313e-68 9.06728e-76 0 0 0 0
4.14305e-09 1.2452e-17 4.14305e-13 0.00024887 1.88002e-12 1.2031e-17 4.21046e-19 5.35471e-27 2.1629e-35 4.13684e-43 2.20295e-51 4.05003e-59 7.90398e-68 1.29073e-75 0 0 0 0
4.4502e-09 1.3376e-17 4.4502e-13 0.00024887 1.88002e-12 1.28919e-17 4.84085e-19 6.15643e-27 2.66477e-35 5.09678e-43 2.90627e-51 5.3438e-59 1.11642e-67 1.82335e-75 0 0 0 0
4.77271e-09 1.43463e-17 4.77271e-13 0.00024887 1.88002e-12 1.37914e-17 5.54882e-19 7.05684e-27 3.26888e-35 6.25226e-43 3.81249e-51 7.01112e-59 1.56594e-67 2.55786e-75 0 0 0 0
5.11135e-09 1.53653e-17 5.11135e-13 0.00024887 1.88003e-12 1.4731e-17 6.34271e-19 8.06652e-27 3.99401e-35 7.63924e-43 4.97543e-51 9.15117e-59 2.1825e-67 3.56543e-75 0 0 0 0
5.46691e-09 1.64354e-17 5.46691e-13 0.00024887 1.88003e-12 1.57122e-17 7.23169e-19 9.19715e-27 4.86218e-35 9.29983e-43 6.46229e-51 1.18879e-58 3.02404e-67 4.94092e-75 0 0 0 0
5.84026e-09 1.75591e-17 5.84026e-13 0.00024887 1.88003e-12 1.67365e-17 8.22584e-19 1.04615e-26 5.89915e-35 1.12833e-42 8.35679e-51 1.53756e-58 4.16757e-67 6.81033e-75 0 0 0 0
6.23227e-09 1.87391e-17 6.23227e-13 0.00024887 1.88004e-12 1.78055e-17 9.33624e-19 1.18738e-26 7.13503e-35 1.36473e-42 1.07631e-50 1.98064e-58 5.71508e-67 9.34062e-75 0 0 0 0
6.64388e-09 1.99784e-17 6.64388e-13 0.00024887 1.88004e-12 1.89209e-17 1.0575e-18 1.34494e-26 8.60496e-35 1.6459e-42 1.38105e-50 2.54191e-58 7.80133e-67 1.27525e-74 0 0 0 0
7.07608e-09 2.12798e-17 7.07608e-13 0.00024887 1.88005e-12 2.00843e-17 1.19556e-18 1.52053e-26 1.035e-34 1.97969e-42 1.76594e-50 3.25097e-58 1.0604e-66 1.73368e-74 0 0 0 0
7.52988e-09 2.26465e-17 7.52988e-13 0.00024887 1.88005e-12 2.12973e-17 1.34926e-18 1.71601e-26 1.24179e-34 2.37525e-42 2.25082e-50 4.14446e-58 1.43568e-66 2.34766e-74 0 0 0 0
8.00638e-09 2.40818e-17 8.00638e-13 0.00024887 1.88006e-12 2.25616e-17 1.52021e-18 1.93344e-26 1.48644e-34 2.84323e-42 2.86025e-50 5.26775e-58 1.93665e-66 3.16748e-74 0 0 0 0
8.5067e-09 2.55891e-17 8.5067e-13 0.00024887 1.88006e-12 2.38789e-17 1.71017e-18 2.17505e-26 1.77543e-34 3.39604e-42 3.62451e-50 6.67684e-58 2.60352e-66 4.25903e-74 0 0 0 0
9.03203e-09 2.7172e-17 9.03203e-13 0.00024887 1.88007e-12 2.5251e-17 1.92107e-18 2.44329e-26 2.1163e-34 4.0481e-42 4.58099e-50 8.44083e-58 3.48888e-66 5.70856e-74 0 0 0 0
9.58363e-09 2.88344e-17 9.58363e-13 0.00024887 1.88008e-12 2.66794e-17 2.15502e-18 2.74086e-26 2.51782e-34 4.81618e-42 5.7757e-50 1.06449e-57 4.6614e-66 7.62874e-74 0 0 0 0
1.01628e-08 3.05803e-17 1.01628e-12 0.00024887 1.88008e-12 2.81659e-17 2.41433e-18 3.07069e-26 2.99016e-34 5.71974e-42 7.26527e-50 1.33938e-57 6.21061e-66 1.01665e-73 0 0 0 0
1.0771e-08 3.24137e-17 1.0771e-12 0.00024887 1.88009e-12 2.97122e-17 2.70153e-18 3.436e-26 3.54512e-34 6.7814e-42 9.1193e-50 1.68164e-57 8.25306e-66 1.35132e-73 0 0 0 0
1.14095e-08 3.43393e-17 1.14095e-12 0.00024887 1.8801e-12 3.13199e-17 3.01939e-18 3.8403e-26 4.19642e-34 8.02734e-42 1.14232e-49 2.10712e-57 1.09403e-65 1.79177e-73 0 0 0 0
1.208e-08 3.63615e-17 1.208e-12 0.00024887 1.8801e-12 3.29905e-17 3.37092e-18 4.28744e-26 4.95991e-34 9.48796e-42 1.42819e-49 2.63523e-57 1.44689e-65 2.37032e-73 0 0 0 0
1.2784e-08 3.84852e-17 1.2784e-12 0.00024887 1.88011e-12 3.47258e-17 3.75941e-18 4.78161e-26 5.854e-34 1.11984e-41 1.78237e-49 3.28981e-57 1.90941e-65 3.1289e-73 0 0 0 0
1.35232e-08 4.07156e-17 1.35232e-12 0.00024887 1.88012e-12 3.65272e-17 4.18846e-18 5.32736e-26 6.89995e-34 1.31995e-41 2.22058e-49 4.10004e-57 2.5146e-65 4.12184e-73 0 0 0 0
1.42993e-08 4.30581e-17 1.42993e-12 0.00024887 1.88013e-12 3.83961e-17 4.66198e-18 5.9297e-26 8.12239e-34 1.55382e-41 2.76206e-49 5.10164e-57 3.3052e-65 5.41944e-73 0 0 0 0
1.51143e-08 4.55182e-17 1.51143e-12 0.00024887 1.88014e-12 4.03339e-17 5.18423e-18 6.59404e-26 9.54978e-34 1.82691e-41 3.43032e-49 6.3383e-57 4.33639e-65 7.11258e-73 0 0 0 0
1.597e-08 4.81019e-17 1.597e-12 0.00024887 1.88015e-12 4.2342e-17 5.75986e-18 7.32628e-26 1.1215e-33 2.14551e-41 4.25404e-49 7.86342e-57 5.67942e-65 9.31863e-73 0 0 0 0
1.68685e-08 5.08153e-17 1.68685e-12 0.00024887 1.88016e-12 4.44214e-17 6.39392e-18 8.13287e-26 1.3156e-33 2.51687e-41 5.26826e-49 9.74219e-57 7.42615e-65 1.2189e-72 0 0 0 0
1.78119e-08 5.36652e-17 1.78119e-12 0.00024887 1.88017e-12 4.65733e-17 7.09188e-18 9.02076e-26 1.54165e-33 2.9494e-41 6.51565e-49 1.20541e-56 9.69491e-65 1.59189e-72 0 0 0 0
1.88025e-08 5.66582e-17 1.88025e-12 0.00024887 1.88018e-12 4.87985e-17 7.85971e-18 9.99755e-26 1.80472e-33 3.45274e-41 8.04823e-49 1.48963e-56 1.2638e-64 2.07596e-72 0 0 0 0
1.98427e-08 5.98016e-17 1.98427e-12 0.00024887 1.88019e-12 5.10977e-17 8.70386e-18 1.10715e-25 2.11061e-33 4.03805e-41 9.92931e-49 1.83867e-56 1.64511e-64 2.70345e-72 0 0 0 0
2.09348e-08 6.31029e-17 2.09348e-12 0.00024887 1.8802e-12 5.34716e-17 9.63134e-18 1.22514e-25 2.46603e-33 4.71814e-41 1.22359e-48 2.26694e-56 2.13857e-64 3.51591e-72 0 0 0 0
2.20815e-08 6.65702e-17 2.20815e-12 0.00024887 1.88022e-12 5.59204e-17 1.06497e-17 1.3547e-25 2.8787e-33 5.50779e-41 1.50615e-48 2.79192e-56 2.77646e-64 4.56674e-72 0 0 0 0
2.32856e-08 7.02117e-17 2.32856e-12 0.00024887 1.88023e-12 5.84444e-17 1.17672e-17 1.49688e-25 3.35747e-33 6.42398e-41 1.852e-48 3.43492e-56 3.60016e-64 5.92444e-72 0 0 0 0
2.45499e-08 7.40361e-17 2.45499e-12 0.00024887 1.88024e-12 6.10434e-17 1.29927e-17 1.6528e-25 3.91256e-33 7.48622e-41 2.27491e-48 4.22177e-56 4.66269e-64 7.67686e-72 0 0 0 0
2.58774e-08 7.80528e-17 2.58774e-12 0.00024887 1.88026e-12 6.3717e-17 1.43358e-17 1.82368e-25 4.55566e-33 8.71695e-41 2.79163e-48 5.18387e-56 6.03194e-64 9.93657e-72 0 0 0 0
2.72713e-08 8.22713e-17 2.72713e-12 0.00024887 1.88027e-12 6.64646e-17 1.58067e-17 2.01083e-25 5.30022e-33 1.01419e-40 3.42242e-48 6.35932e-56 7.79476e-64 1.28477e-71 0 0 0 0
2.87348e-08 8.67017e-17 2.87348e-12 0.00024887 1.88029e-12 6.92852e-17 1.74165e-17 2.21567e-25 6.16166e-33 1.17906e-40 4.19184e-48 7.7943e-56 1.00621e-63 1.65947e-71 0 0 0 0
3.02716e-08 9.13547e-17 3.02716e-12 0.00024887 1.88031e-12 7.21774e-17 1.91774e-17 2.43972e-25 7.15765e-33 1.36968e-40 5.12961e-48 9.54479e-56 1.29758e-63 2.14133e-71 0 0 0 0
3.18851e-08 9.62415e-17 3.18851e-12 0.00024887 1.88032e-12 7.51395e-17 2.1102e-17 2.68463e-25 8.30843e-33 1.58995e-40 6.27164e-48 1.16786e-55 1.67168e-63 2.76048e-71 0 0 0 0
3.35794e-08 1.01374e-16 3.35794e-12 0.00024887 1.88034e-12 7.81696e-17 2.32042e-17 2.95214e-25 9.63716e-33 1.84428e-40 7.66136e-48 1.42776e-55 2.15157e-63 3.55537e-71 1.00471 0.00468369 0.442088 1.44593e-05
3.53584e-08 1.06764e-16 3.53584e-12 0.00024887 1.88036e-12 8.1265e-17 2.54987e-17 3.24414e-25 1.11703e-32 2.13776e-40 9.35118e-48 1.74412e-55 2.76667e-63 4.57508e-71 1.00445 0.00443463 0.442102 1.36904e-05
3.72263e-08 1.12424e-16 3.72263e-12 0.00024887 1.88038e-12 8.44228e-17 2.80014e-17 3.56264e-25 1.29382e-32 2.47619e-40 1.14043e-47 2.12892e-55 3.55441e-63 5.88217e-71 1.00422 0.0041986 0.442115 1.29617e-05
3.91876e-08 1.18369e-16 3.91876e-12 0.00024887 1.88041e-12 8.76397e-17 3.07292e-17 3.9098e-25 1.49755e-32 2.86619e-40 1.38971e-47 2.59663e-55 4.56244e-63 7.55635e-71 1.00399 0.0039749 0.442128 1.22711e-05
4.1247e-08 1.24612e-16 4.1247e-12 0.00024887 1.88043e-12 9.09119e-17 3.37001e-17 4.28791e-25 1.73214e-32 3.31532e-40 1.69213e-47 3.16473e-55 5.85133e-63 9.69911e-71 1.00378 0.00376285 0.44214 1.16165e-05
4.34093e-08 1.31168e-16 4.34093e-12 0.00024887 1.88045e-12 9.42349e-17 3.69333e-17 4.69944e-25 2.00211e-32 3.83221e-40 2.05874e-47 3.8543e-55 7.49805e-63 1.24396e-70 1.00357 0.00356182 0.442151 1.09959e-05
4.56798e-08 1.38053e-16 4.56798e-12 0.00024887 1.88048e-12 9.7604e-17 4.04493e-17 5.14697e-25 2.31257e-32 4.42665e-40 2.50285e-47 4.69074e-55 9.60031e-63 1.5942e-70 1.00338 0.00337121 0.442162 1.04075e-05
4.80638e-08 1.45284e-16 4.80638e-12 0.00024887 1.8805e-12 1.01014e-16 4.42698e-17 5.63328e-25 2.66936e-32 5.10985e-40 3.04044e-47 5.70463e-55 1.22821e-62 2.04151e-70 1.0032 0.00319048 0.442172 9.84949e-06
5.0567e-08 1.52876e-16 5.0567e-12 0.00024887 1.88053e-12 1.04459e-16 4.84177e-17 6.16131e-25 3.07911e-32 5.8945e-40 3.69069e-47 6.93281e-55 1.57005e-62 2.61236e-70 1.00303 0.00301908 0.442181 9.32038e-06
5.31953e-08 1.60849e-16 5.31953e-12 0.00024887 1.88056e-12 1.07932e-16 5.29175e-17 6.73416e-25 3.54934e-32 6.79505e-40 4.47662e-47 8.41956e-55 2.00546e-62 3.3404e-70 1.00286 0.00285655 0.44219 8.81861e-06
5.59551e-08 1.69222e-16 5.59551e-12 0.00024887 1.88059e-12 1.11427e-16 5.77949e-17 7.35511e-25 4.08862e-32 7.8279e-40 5.42584e-47 1.02181e-54 2.55963e-62 4.26826e-70 1.00271 0.0027024 0.442199 8.34274e-06
5.88529e-08 1.78013e-16 5.88528e-12 0.00024887 1.88062e-12 1.14936e-16 6.30769e-17 8.02763e-25 4.70664e-32 9.01165e-40 6.57139e-47 1.23924e-54 3.26444e-62 5.44996e-70 1.00256 0.00255621 0.442207 7.89143e-06
6.18955e-08 1.87244e-16 6.18955e-12 0.00024887 1.88066e-12 1.18452e-16 6.87922e-17 8.75536e-25 5.41439e-32 1.03674e-39 7.95282e-47 1.50191e-54 4.16014e-62 6.95395e-70 1.00242 0.00241757 0.442215 7.4634e-06
6.50903e-08 1.96936e-16 6.50902e-12 0.00024887 1.88069e-12 1.21966e-16 7.49708e-17 9.54213e-25 6.2243e-32 1.19189e-39 9.61742e-47 1.81902e-54 5.29758e-62 8.86683e-70 1.00229 0.00228608 0.442222 7.05748e-06
6.84448e-08 2.07113e-16 6.84447e-12 0.00024887 1.88073e-12 1.25469e-16 8.1644e-17 1.0392e-24 7.15045e-32 1.36933e-39 1.16217e-46 2.20159e-54 6.74093e-62 1.12981e-69 1.00217 0.00216138 0.442229 6.67252e-06
7.1967e-08 2.17798e-16 7.1967e-12 0.00024887 1.88077e-12 1.28954e-16 8.88447e-17 1.1309e-24 8.20872e-32 1.5721e-39 1.40329e-46 2.66283e-54 8.57106e-62 1.43862e-69 1.00205 0.00204313 0.442236 6.30747e-06
7.56654e-08 2.29017e-16 7.56653e-12 0.00024887 1.88081e-12 1.32409e-16 9.66074e-17 1.22978e-24 9.41704e-32 1.80365e-39 1.69316e-46 3.21852e-54 1.08899e-61 1.83059e-69 1.00193 0.00193101 0.442242 5.96131e-06
7.95486e-08 2.40795e-16 7.95486e-12 0.00024887 1.88085e-12 1.35827e-16 1.04968e-16 1.33627e-24 1.07956e-31 2.06786e-39 2.04133e-46 3.88754e-54 1.38255e-61 2.32777e-69 1.00183 0.0018247 0.442248 5.63312e-06
8.36261e-08 2.53159e-16 8.3626e-12 0.00024887 1.8809e-12 1.39197e-16 1.13963e-16 1.45086e-24 1.23673e-31 2.36909e-39 2.45918e-46 4.69242e-54 1.75393e-61 2.958e-69 1.00173 0.00172391 0.442254 5.32198e-06
8.79074e-08 2.6614e-16 8.79073e-12 0.00024887 1.88095e-12 1.42509e-16 1.23632e-16 1.57405e-24 1.41576e-31 2.71228e-39 2.96025e-46 5.6601e-54 2.22337e-61 3.75631e-69 1.00163 0.00162838 0.442259 5.02705e-06
9.24027e-08 2.79767e-16 9.24026e-12 0.00024887 1.881e-12 1.45753e-16 1.34014e-16 1.70634e-24 1.61953e-31 3.10295e-39 3.5606e-46 6.82264e-54 2.81631e-61 4.76685e-69 1.00154 0.00153784 0.442264 4.74754e-06
9.71229e-08 2.94072e-16 9.71228e-12 0.00024887 1.88105e-12 1.48921e-16 1.45151e-16 1.84826e-24 1.85129e-31 3.54733e-39 4.27927e-46 8.21829e-54 3.56463e-61 6.04517e-69 1.00145 0.00145204 0.442269 4.48269e-06
1.02079e-07 3.09088e-16 1.02079e-11 0.00024887 1.8811e-12 1.52002e-16 1.57085e-16 2.00037e-24 2.11466e-31 4.05238e-39 5.13882e-46 9.89257e-54 4.50828e-61 7.6611e-69 1.00137 0.00137077 0.442273 4.23177e-06
1.07283e-07 3.2485e-16 1.07283e-11 0.00024887 1.88116e-12 1.54988e-16 1.69861e-16 2.16322e-24 2.4137e-31 4.62593e-39 6.16596e-46 1.18996e-53 5.69728e-61 9.70238e-69 1.0013 0.00129379 0.442278 3.99412e-06
1.12747e-07 3.41394e-16 1.12747e-11 0.00024887 1.88122e-12 1.5787e-16 1.83524e-16 2.3374e-24 2.75296e-31 5.27672e-39 7.39225e-46 1.43038e-53 7.19416e-61 1.22792e-68 1.00122 0.00122089 0.442282 3.76908e-06
1.18484e-07 3.5876e-16 1.18484e-11 0.00024887 1.88129e-12 1.6064e-16 1.9812e-16 2.5235e-24 3.13753e-31 6.01456e-39 8.85493e-46 1.71816e-53 9.07706e-61 1.55297e-68 1.00115 0.00115188 0.442286 3.55604e-06
1.24509e-07 3.76987e-16 1.24509e-11 0.00024887 1.88135e-12 1.6329e-16 2.13697e-16 2.72213e-24 3.5731e-31 6.85037e-39 1.0598e-45 2.06237e-53 1.14435e-60 1.96271e-68 1.00109 0.00108658 0.442289 3.35444e-06
1.30834e-07 3.96117e-16 1.30834e-11 0.00024887 1.88142e-12 1.65814e-16 2.30304e-16 2.93394e-24 4.06601e-31 7.7964e-39 1.26731e-45 2.47375e-53 1.44151e-60 2.47885e-68 1.00103 0.0010248 0.442293 3.16371e-06
1.37476e-07 4.16196e-16 1.37476e-11 0.00024887 1.8815e-12 1.68206e-16 2.4799e-16 3.15955e-24 4.62333e-31 8.86626e-39 1.51411e-45 2.96504e-53 1.81432e-60 3.12854e-68 1.00097 0.000966369 0.442296 2.98333e-06
1.4445e-07 4.3727e-16 1.44449e-11 0.00024887 1.88157e-12 1.70461e-16 2.66808e-16 3.39964e-24 5.25295e-31 1.00752e-38 1.80736e-45 3.55132e-53 2.28164e-60 3.94574e-68 1.00091 0.000911132 0.442299 2.81281e-06
1.51772e-07 4.59387e-16 1.51772e-11 0.00024887 1.88165e-12 1.72577e-16 2.8681e-16 3.65489e-24 5.96365e-31 1.144e-38 2.15546e-45 4.2504e-53 2.86688e-60 4.9729e-68 1.00086 0.000858933 0.442302 2.65166e-06
1.59461e-07 4.826e-16 1.5946e-11 0.00024887 1.88174e-12 1.7455e-16 3.0805e-16 3.92599e-24 6.76517e-31 1.29796e-38 2.56823e-45 5.08336e-53 3.59913e-60 6.26301e-68 1.00081 0.000809625 0.442305 2.49944e-06
1.67534e-07 5.06962e-16 1.67533e-11 0.00024887 1.88183e-12 1.76379e-16 3.30583e-16 4.21365e-24 7.66836e-31 1.4715e-38 3.05718e-45 6.07504e-53 4.51447e-60 7.88218e-68 1.00076 0.000763068 0.442307 2.35571e-06
1.7601e-07 5.3253e-16 1.7601e-11 0.00024887 1.88192e-12 1.78064e-16 3.54466e-16 4.51863e-24 8.68527e-31 1.66693e-38 3.63579e-45 7.25478e-53 5.65758e-60 9.91286e-68 1.00072 0.000719128 0.44231 2.22006e-06
1.84911e-07 5.59365e-16 1.84911e-11 0.00024887 1.88202e-12 1.79607e-16 3.79758e-16 4.84167e-24 9.82925e-31 1.88684e-38 4.31977e-45 8.65715e-53 7.08378e-60 1.24577e-67 1.00068 0.000677676 0.442312 2.09209e-06
1.94257e-07 5.87529e-16 1.94256e-11 0.00024887 1.88213e-12 1.81009e-16 4.06519e-16 5.18357e-24 1.11151e-30 2.13411e-38 5.12743e-45 1.03229e-52 8.86144e-60 1.56446e-67 1.00064 0.000638589 0.442314 1.97142e-06
2.04069e-07 6.17088e-16 2.04069e-11 0.00024887 1.88224e-12 1.82275e-16 4.34813e-16 5.54514e-24 1.25593e-30 2.41189e-38 6.08012e-45 1.22999e-52 1.1075e-59 1.96325e-67 1.0006 0.00060175 0.442316 1.85769e-06
2.14373e-07 6.48111e-16 2.14372e-11 0.00024887 1.88235e-12 1.83409e-16 4.64703e-16 5.92722e-24 1.418e-30 2.72373e-38 7.20267e-45 1.46445e-52 1.38286e-59 2.46189e-67 1.00057 0.000567044 0.442318 1.75055e-06
2.25191e-07 6.80673e-16 2.25191e-11 0.00024887 1.88247e-12 1.84416e-16 4.96257e-16 6.3307e-24 1.59974e-30 3.07352e-38 8.52389e-45 1.74229e-52 1.72505e-59 3.08493e-67 1.00053 0.000534363 0.44232 1.64966e-06
2.36551e-07 7.1485e-16 2.3655e-11 0.00024887 1.8826e-12 1.85304e-16 5.29545e-16 6.7565e-24 1.80337e-30 3.46559e-38 1.00772e-44 2.07131e-52 2.14987e-59 3.86283e-67 1.0005 0.000503603 0.442322 1.5547e-06
2.48479e-07 7.50723e-16 2.48478e-11 0.00024887 1.88273e-12 1.8608e-16 5.64642e-16 7.20558e-24 2.03136e-30 3.90472e-38 1.19014e-44 2.46061e-52 2.67673e-59 4.83335e-67 1.00047 0.000474661 0.442323 1.46535e-06
2.61003e-07 7.88376e-16 2.61002e-11 0.00024887 1.88287e-12 1.86752e-16 6.01624e-16 7.67896e-24 2.28644e-30 4.39623e-38 1.40414e-44 2.92092e-52 3.32944e-59 6.04329e-67 1.00045 0.000447441 0.442325 1.38132e-06
2.74153e-07 8.279e-16 2.74152e-11 0.00024887 1.88301e-12 1.87328e-16 6.40573e-16 8.17769e-24 2.57163e-30 4.94597e-38 1.65488e-44 3.46478e-52 4.13725e-59 7.55062e-67 1.00042 0.00042185 0.442326 1.30232e-06
2.8796e-07 8.69389e-16 2.87959e-11 0.00024887 1.88317e-12 1.87816e-16 6.81573e-16 8.70291e-24 2.89026e-30 5.56043e-38 1.94835e-44 4.1069e-52 5.13594e-59 9.42705e-67 1.0004 0.000397797 0.442327 1.22806e-06
3.02458e-07 9.12941e-16 3.02457e-11 0.00024887 1.88333e-12 1.88226e-16 7.24715e-16 9.25579e-24 3.24601e-30 6.2468e-38 2.29144e-44 4.8645e-52 6.36933e-59 1.17613e-66 1.00038 0.000375196 0.442329 1.15829e-06
3.17681e-07 9.58661e-16 3.1768e-11 0.00024887 1.8835e-12 1.88567e-16 7.70093e-16 9.83761e-24 3.64296e-30 7.01302e-38 2.6921e-44 5.75772e-52 7.89093e-59 1.4663e-66 1.00035 0.000353963 0.44233 1.09274e-06
3.33665e-07 1.00666e-15 3.33664e-11 0.00024887 1.88367e-12 1.88847e-16 8.1781e-16 1.04497e-23 4.0856e-30 7.86788e-38 3.15943e-44 6.81014e-52 9.76609e-59 1.82675e-66 1.00033 0.000334019 0.442331 1.03117e-06
3.50449e-07 1.05704e-15 3.50447e-11 0.00024887 1.88386e-12 1.89073e-16 8.6797e-16 1.10934e-23 4.57891e-30 8.8211e-38 3.70391e-44 8.04931e-52 1.20745e-58 2.27421e-66 1.00032 0.000315286 0.442332 9.73338e-07
3.68071e-07 1.10994e-15 3.68069e-11 0.00024887 1.88406e-12 1.89255e-16 9.20687e-16 1.17704e-23 5.12838e-30 9.88343e-38 4.33757e-44 9.50745e-52 1.49132e-58 2.82928e-66 1.0003 0.000297692 0.442333 9.19021e-07
3.86574e-07 1.16548e-15 3.86573e-11 0.00024887 1.88426e-12 1.89398e-16 9.76081e-16 1.2482e-23 5.74008e-30 1.10668e-37 5.07415e-44 1.12222e-51 1.84001e-58 3.5174e-66 1.00028 0.000281166 0.442334 8.68004e-07
4.06003e-07 1.22379e-15 4.06001e-11 0.00024887 1.88448e-12 1.89509e-16 1.03428e-15 1.32301e-23 6.4207e-30 1.23843e-37 5.92941e-44 1.32374e-51 2.26788e-58 4.36989e-66 1.00027 0.000265642 0.442335 8.20078e-07
4.26403e-07 1.285e-15 4.26401e-11 0.00024887 1.8847e-12 1.89595e-16 1.09541e-15 1.40165e-23 7.17766e-30 1.38505e-37 6.92134e-44 1.56045e-51 2.79233e-58 5.42535e-66 1.00025 0.000251056 0.442336 7.7505e-07
4.47824e-07 1.34928e-15 4.47821e-11 0.00024887 1.88494e-12 1.89659e-16 1.15962e-15 1.48429e-23 8.01912e-30 1.54815e-37 8.07048e-44 1.83832e-51 3.43447e-58 6.73128e-66 1.00024 0.000237349 0.442336 7.32733e-07
4.70315e-07 1.41676e-15 4.70312e-11 0.00024887 1.88519e-12 1.89707e-16 1.22705e-15 1.57115e-23 8.95413e-30 1.72951e-37 9.40022e-44 2.16435e-51 4.21984e-58 8.34614e-66 1.00022 0.000224463 0.442337 6.92953e-07
4.9393e-07 1.48762e-15 4.93927e-11 0.00024887 1.88545e-12 1.89742e-16 1.29788e-15 1.66243e-23 9.99265e-30 1.93111e-37 1.09372e-43 2.54668e-51 5.17937e-58 1.03418e-65 1.00021 0.000212346 0.442338 6.55545e-07
5.18727e-07 1.56201e-15 5.18724e-11 0.00024887 1.88573e-12 1.89767e-16 1.37225e-15 1.75836e-23 1.11457e-29 2.15511e-37 1.27118e-43 2.9948e-51 6.35039e-58 1.28067e-65 1.0002 0.000200947 0.442338 6.20354e-07
5.44763e-07 1.64013e-15 5.4476e-11 0.00024887 1.88602e-12 1.89785e-16 1.45034e-15 1.85917e-23 1.24255e-29 2.40394e-37 1.47583e-43 3.5198e-51 7.77797e-58 1.58495e-65 1.00019 0.000190218 0.442339 5.87234e-07
5.72102e-07 1.72214e-15 5.72097e-11 0.00024887 1.88632e-12 1.89797e-16 1.53235e-15 1.96511e-23 1.38454e-29 2.68026e-37 1.71158e-43 4.13458e-51 9.51644e-58 1.96036e-65 1.00018 0.000180117 0.44234 5.5605e-07
6.00807e-07 1.80826e-15 6.00802e-11 0.00024887 1.88664e-12 1.89805e-16 1.61846e-15 2.07645e-23 1.54203e-29 2.98703e-37 1.98286e-43 4.85418e-51 1.16312e-57 2.42328e-65 1.00017 0.000170602 0.44234 5.26676e-07
6.30947e-07 1.89868e-15 6.30942e-11 0.00024887 1.88697e-12 1.8981e-16 1.70887e-15 2.19347e-23 1.71666e-29 3.32751e-37 2.29467e-43 5.69612e-51 1.4201e-57 2.99385e-65 1.00016 0.000161635 0.442341 4.98992e-07
6.62594e-07 1.99363e-15 6.62589e-11 0.00024887 1.88732e-12 1.89814e-16 1.80381e-15 2.31646e-23 1.91023e-29 3.70532e-37 2.65267e-43 6.68084e-51 1.73204e-57 3.69673e-65 1.00015 0.00015318 0.442341 4.72891e-07
6.95824e-07 2.09332e-15 6.95818e-11 0.00024887 1.88769e-12 1.89816e-16 1.9035e-15 2.44572e-23 2.12476e-29 4.12446e-37 3.06325e-43 7.83211e-51 2.11027e-57 4.56224e-65 1.00015 0.000145204 0.442342 4.48269e-07
7.30715e-07 2.19799e-15 7.30708e-11 0.00024887 1.88808e-12 1.89817e-16 2.00817e-15 2.58159e-23 2.36244e-29 4.58936e-37 3.5336e-43 9.17763e-51 2.56841e-57 5.62751e-65 1.00014 0.000137677 0.442342 4.25032e-07
7.67351e-07 2.3079e-15 7.67343e-11 0.00024887 1.88848e-12 1.89818e-16 2.11808e-15 2.72441e-23 2.62571e-29 5.10493e-37 4.07185e-43 1.07497e-50 3.12274e-57 6.9381e-65 1.00013 0.000130571 0.442342 4.03092e-07
8.05818e-07 2.4233e-15 8.0581e-11 0.00024887 1.88891e-12 1.89819e-16 2.23348e-15 2.87454e-23 2.91726e-29 5.67659e-37 4.68712e-43 1.25858e-50 3.79275e-57 8.54986e-65 1.00012 0.000123858 0.442343 3.82368e-07
8.46209e-07 2.54448e-15 8.462e-11 0.00024887 1.88936e-12 1.89819e-16 2.35466e-15 3.03237e-23 3.24007e-29 6.31035e-37 5.38968e-43 1.47297e-50 4.60173e-57 1.05312e-64 1.00012 0.000117514 0.442343 3.62785e-07
8.8862e-07 2.67171e-15 8.8861e-11 0.00024887 1.88983e-12 1.89819e-16 2.48189e-15 3.1983e-23 3.59742e-29 7.01287e-37 6.19104e-43 1.72323e-50 5.57746e-57 1.29661e-64 1.00011 0.000111517 0.442343 3.44272e-07
9.33151e-07 2.8053e-15 9.3314e-11 0.00024887 1.89032e-12 1.89819e-16 2.61548e-15 3.37275e-23 3.99293e-29 7.79152e-37 7.10411e-43 2.01529e-50 6.75309e-57 1.59572e-64 1.00011 0.000105846 0.442344 3.26764e-07
9.79908e-07 2.94557e-15 9.79896e-11 0.00024887 1.89084e-12 1.89819e-16 2.75575e-15 3.55618e-23 4.43059e-29 8.65445e-37 8.14336e-43 2.35605e-50 8.1681e-57 1.96304e-64 1.0001 0.000100481 0.442344 3.102e-07
1.029e-06 3.09286e-15 1.02899e-10 0.00024887 1.89139e-12 1.89819e-16 2.90304e-15 3.74906e-23 4.91483e-29 9.61071e-37 9.32498e-43 2.75355e-50 9.86946e-57 2.41399e-64 1.0001 9.54033e-05 0.442344 2.94525e-07
1.08055e-06 3.24751e-15 1.08054e-10 0.00024887 1.89196e-12 1.89819e-16 3.05769e-15 3.9519e-23 5.45052e-29 1.06703e-36 1.06671e-42 3.21713e-50 1.1913e-56 2.96745e-64 1.00009 9.05965e-05 0.442345 2.79686e-07
1.13468e-06 3.40989e-15 1.13466e-10 0.00024887 1.89256e-12 1.89819e-16 3.22007e-15 4.16521e-23 6.04304e-29 1.18444e-36 1.21899e-42 3.75768e-50 1.43651e-56 3.64653e-64 1.00009 8.60445e-05 0.442345 2.65633e-07
1.19152e-06 3.58039e-15 1.1915e-10 0.00024887 1.89319e-12 1.89819e-16 3.39058e-15 4.38957e-23 6.69834e-29 1.31451e-36 1.39159e-42 4.38788e-50 1.73044e-56 4.47954e-64 1.00008 8.17327e-05 0.442345 2.52322e-07
1.25119e-06 3.75942e-15 1.25117e-10 0.00024887 1.89385e-12 1.89819e-16 3.5696e-15 4.62555e-23 7.42298e-29 1.45863e-36 1.58704e-42 5.12247e-50 2.08241e-56 5.50112e-64 1.00008 7.76473e-05 0.442345 2.3971e-07
1.31385e-06 3.9474e-15 1.31383e-10 0.00024887 1.89454e-12 1.89819e-16 3.75758e-15 4.87379e-23 8.22419e-29 1.61829e-36 1.80813e-42 5.97863e-50 2.50347e-56 6.75369e-64 1.00007 7.37753e-05 0.442345 2.27756e-07
1.37964e-06 4.14478e-15 1.37962e-10 0.00024887 1.89527e-12 1.89819e-16 3.95496e-15 5.13495e-23 9.10999e-29 1.79517e-36 2.05798e-42 6.97635e-50 3.00667e-56 8.28915e-64 1.00007 7.01047e-05 0.442346 2.16425e-07
1.44873e-06 4.35203e-15 1.4487e-10 0.00024887 1.89604e-12 1.89819e-16 4.16221e-15 5.40971e-23 1.00892e-28 1.99113e-36 2.34007e-42 8.13891e-50 3.60747e-56 1.01711e-63 1.00007 6.66242e-05 0.442346 2.0568e-07
1.52126e-06 4.56963e-15 1.52123e-10 0.00024887 1.89684e-12 1.89819e-16 4.37982e-15 5.69883e-23 1.11716e-28 2.20823e-36 2.65827e-42 9.49342e-50 4.3241e-56 1.24772e-63 1.00006 6.33233e-05 0.442346 1.95489e-07
1.59743e-06 4.79812e-15 1.59739e-10 0.00024887 1.89769e-12 1.89819e-16 4.6083e-15 6.00307e-23 1.23678e-28 2.44876e-36 3.01685e-42 1.10714e-49 5.17807e-56 1.53027e-63 1.00006 6.01919e-05 0.442346 1.85822e-07
1.6774e-06 5.03804e-15 1.67736e-10 0.00024887 1.89857e-12 1.89819e-16 4.84822e-15 6.32326e-23 1.36899e-28 2.71525e-36 3.42059e-42 1.29097e-49 6.19477e-56 1.87642e-63 1.00006 5.72209e-05 0.442346 1.7665e-07
1.76137e-06 5.28995e-15 1.76133e-10 0.00024887 1.8995e-12 1.89819e-16 5.10013e-15 6.66029e-23 1.5151e-28 3.01051e-36 3.87479e-42 1.50511e-49 7.40407e-56 2.30042e-63 1.00005 5.44015e-05 0.442347 1.67947e-07
1.84953e-06 5.55445e-15 1.84949e-10 0.00024887 1.90048e-12 1.89819e-16 5.36463e-15 7.01506e-23 1.67654e-28 3.33768e-36 4.38533e-42 1.75454e-49 8.84118e-56 2.81973e-63 1.00005 5.17255e-05 0.442347 1.59685e-07
1.94211e-06 5.83218e-15 1.94206e-10 0.00024887 1.9015e-12 1.89819e-16 5.64236e-15 7.38857e-23 1.85493e-28 3.70023e-36 4.95872e-42 2.04507e-49 1.05475e-55 3.45571e-63 1.00005 4.91851e-05 0.442347 1.51843e-07
2.03932e-06 6.1238e-15 2.03926e-10 0.00024887 1.90258e-12 1.89819e-16 5.93398e-15 7.78184e-23 2.05203e-28 4.102e-36 5.6022e-42 2.38347e-49 1.25717e-55 4.23451e-63 1.00005 4.67731e-05 0.442347 1.44396e-07
2.14138e-06 6.43e-15 2.14132e-10 0.00024887 1.90371e-12 1.89819e-16 6.24018e-15 8.19599e-23 2.26979e-28 4.54729e-36 6.32382e-42 2.77764e-49 1.4971e-55 5.18816e-63 1.00004 4.44826e-05 0.442347 1.37325e-07
2.24855e-06 6.75151e-15 2.24849e-10 0.00024887 1.9049e-12 1.89819e-16 6.56169e-15 8.63218e-23 2.51036e-28 5.04087e-36 7.13248e-42 3.23676e-49 1.78126e-55 6.35586e-63 1.00004 4.23073e-05 0.442347 1.3061e-07
2.36108e-06 7.08909e-15 2.36101e-10 0.00024887 1.90614e-12 1.89819e-16 6.89927e-15 9.09165e-23 2.77613e-28 5.58801e-36 8.03807e-42 3.77156e-49 2.11753e-55 7.7856e-63 1.00004 4.0241e-05 0.442347 1.24231e-07
2.47923e-06 7.44355e-15 2.47915e-10 0.00024887 1.90745e-12 1.89819e-16 7.25373e-15 9.5757e-23 3.06972e-28 6.19463e-36 9.05156e-42 4.39453e-49 2.51517e-55 9.53617e-63 1.00004 3.8278e-05 0.442347 1.18171e-07
2.6033e-06 7.81574e-15 2.60321e-10 0.00024887 1.90883e-12 1.89819e-16 7.62592e-15 1.00857e-22 3.39404e-28 6.86727e-36 1.01851e-41 5.12025e-49 2.98501e-55 1.16796e-62 1.00004 3.6413e-05 0.442348 1.12413e-07
2.73356e-06 8.20653e-15 2.73346e-10 0.00024887 1.91027e-12 1.89819e-16 8.01671e-15 1.06233e-22 3.75229e-28 7.61322e-36 1.14522e-41 5.96572e-49 3.53979e-55 1.43039e-62 1.00003 3.46408e-05 0.442348 1.06942e-07
2.87034e-06 8.61687e-15 2.87023e-10 0.00024887 1.91178e-12 1.89819e-16 8.42705e-15 1.11898e-22 4.14802e-28 8.44061e-36 1.28679e-41 6.95079e-49 4.19438e-55 1.75174e-62 1.00003 3.29566e-05 0.442348 1.01743e-07
3.01395e-06 9.04772e-15 3.01384e-10 0.00024887 1.91337e-12 1.89819e-16 8.8579e-15 1.17871e-22 4.58514e-28 9.35849e-36 1.44488e-41 8.09861e-49 4.96625e-55 2.14523e-62 1.00003 3.13559e-05 0.442348 9.68017e-08
3.16475e-06 9.50011e-15 3.16462e-10 0.00024887 1.91504e-12 1.89819e-16 9.31029e-15 1.24169e-22 5.06798e-28 1.03769e-35 1.62133e-41 9.43622e-49 5.87584e-55 2.62708e-62 1.00003 2.98345e-05 0.442348 9.21047e-08
3.32309e-06 9.97512e-15 3.32295e-10 0.00024887 1.91679e-12 1.89819e-16 9.7853e-15 1.3081e-22 5.6013e-28 1.15072e-35 1.81819e-41 1.09952e-48 6.94706e-55 3.2172e-62 1.00003 2.83881e-05 0.442348 8.76396e-08
3.48934e-06 1.04739e-14 3.48919e-10 0.00024887 1.91863e-12 1.89819e-16 1.02841e-14 1.37816e-22 6.19039e-28 1.27618e-35 2.03775e-41 1.28124e-48 8.20793e-55 3.93998e-62 1.00003 2.70131e-05 0.442348 8.33947e-08
3.66391e-06 1.09976e-14 3.66374e-10 0.00024887 1.92056e-12 1.89819e-16 1.08078e-14 1.45207e-22 6.84108e-28 1.41548e-35 2.28252e-41 1.49309e-48 9.69121e-55 4.82532e-62 1.00003 2.57057e-05 0.442348 7.93587e-08
3.84721e-06 1.15475e-14 3.84701e-10 0.00024887 1.92258e-12 1.89819e-16 1.13577e-14 1.53007e-22 7.55982e-28 1.57017e-35 2.55533e-41 1.74012e-48 1.14353e-54 5.90994e-62 1.00002 2.44626e-05 0.442348 7.55211e-08
4.03967e-06 1.21249e-14 4.03946e-10 0.00024887 1.92471e-12 1.89819e-16 1.1935e-14 1.6124e-22 8.35372e-28 1.742e-35 2.85928e-41 2.02821e-48 1.34849e-54 7.23886e-62 1.00002 2.32805e-05 0.442348 7.18718e-08
4.24175e-06 1.27311e-14 4.24152e-10 0.00024887 1.92694e-12 1.89819e-16 1.25413e-14 1.69932e-22 9.23068e-28 1.93291e-35 3.19785e-41 2.36426e-48 1.58927e-54 8.86739e-62 1.00002 2.21563e-05 0.442348 6.84013e-08
4.45394e-06 1.33677e-14 4.45368e-10 0.00024887 1.92928e-12 1.89819e-16 1.31779e-14 1.7911e-22 1.01994e-27 2.14509e-35 3.5749e-41 2.75632e-48 1.872e-54 1.08634e-61 1.00002 2.10871e-05 0.442348 6.51006e-08
4.67674e-06 1.40361e-14 4.67645e-10 0.00024887 1.93174e-12 1.89819e-16 1.38462e-14 1.88805e-22 1.12695e-27 2.38098e-35 3.99472e-41 3.21385e-48 2.20387e-54 1.33103e-61 1.00002 2.00701e-05 0.442348 6.19612e-08
4.91067e-06 1.47379e-14 4.91036e-10 0.00024887 1.93433e-12 1.89819e-16 1.45481e-14 1.99048e-22 1.24516e-27 2.64329e-35 4.46208e-41 3.7479e-48 2.59327e-54 1.63106e-61 1.00002 1.91028e-05 0.442349 5.8975e-08
5.15631e-06 1.54748e-14 5.15596e-10 0.000248871 1.93704e-12 1.89819e-16 1.5285e-14 2.09873e-22 1.37575e-27 2.93508e-35 4.98229e-41 4.37142e-48 3.05004e-54 1.99902e-61 1.00002 1.81827e-05 0.442349 5.61344e-08
5.41422e-06 1.62485e-14 5.41384e-10 0.000248871 1.93988e-12 1.89819e-16 1.60587e-14 2.21317e-22 1.52002e-27 3.25977e-35 5.56128e-41 5.09963e-48 3.58569e-54 2.45041e-61 1.00002 1.73073e-05 0.442349 5.34322e-08
5.68503e-06 1.7061e-14 5.68461e-10 0.000248871 1.94287e-12 1.89819e-16 1.68711e-14 2.33417e-22 1.67941e-27 3.6212e-35 6.20561e-41 5.95032e-48 4.21367e-54 3.00429e-61 1.00002 1.64745e-05 0.442349 5.08614e-08
5.96938e-06 1.7914e-14 5.96892e-10 0.000248871 1.946e-12 1.89819e-16 1.77242e-14 2.46217e-22 1.85551e-27 4.02366e-35 6.92263e-41 6.94442e-48 4.94974e-54 3.68412e-61 1.00002 1.56822e-05 0.442349 4.84155e-08
6.26795e-06 1.88097e-14 6.26744e-10 0.000248871 1.94929e-12 1.89819e-16 1.86199e-14 2.59759e-22 2.0501e-27 4.47198e-35 7.72051e-41 8.10647e-48 5.81233e-54 4.5188e-61 1.00001 1.49284e-05 0.442349 4.60884e-08
6.58145e-06 1.97502e-14 6.58089e-10 0.000248871 1.95275e-12 1.89819e-16 1.95604e-14 2.74092e-22 2.2651e-27 4.97158e-35 8.60837e-41 9.46532e-48 6.82304e-54 5.54393e-61 1.00001 1.42111e-05 0.442349 4.38742e-08
6.91062e-06 2.07377e-14 6.91e-10 0.000248871 1.95637e-12 1.89819e-16 2.05479e-14 2.89268e-22 2.50269e-27 5.52855e-35 9.59635e-41 1.10549e-47 8.00715e-54 6.80339e-61 1.00001 1.35286e-05 0.442349 4.17673e-08
7.25626e-06 2.17746e-14 7.25557e-10 0.000248871 1.96018e-12 1.89819e-16 2.15848e-14 3.0534e-22 2.76526e-27 6.14974e-35 1.06958e-40 1.2915e-47 9.39427e-54 8.35132e-61 1.00001 1.28791e-05 0.442349 3.97624e-08
7.61917e-06 2.28634e-14 7.61841e-10 0.000248871 1.96417e-12 1.89819e-16 2.26736e-14 3.22369e-22 3.05545e-27 6.84285e-35 1.19194e-40 1.50926e-47 1.10191e-53 1.02545e-60 1.00001 1.22611e-05 0.442349 3.78545e-08
8.00023e-06 2.40066e-14 7.99939e-10 0.000248871 1.96836e-12 1.89819e-16 2.38167e-14 3.40417e-22 3.37619e-27 7.61656e-35 1.32812e-40 1.7643e-47 1.29223e-53 1.25955e-60 1.00001 1.16729e-05 0.442349 3.60389e-08
8.40034e-06 2.52069e-14 8.39942e-10 0.000248871 1.97276e-12 1.89819e-16 2.50171e-14 3.59553e-22 3.73072e-27 8.48064e-35 1.47971e-40 2.06312e-47 1.51517e-53 1.54761e-60 1.00001 1.11132e-05 0.442349 3.4311e-08
8.82045e-06 2.64673e-14 8.81944e-10 0.000248871 1.97738e-12 1.89819e-16 2.62774e-14 3.7985e-22 4.12265e-27 9.4461e-35 1.64846e-40 2.41341e-47 1.7763e-53 1.90224e-60 1.00001 1.05805e-05 0.442349 3.26665e-08
9.26158e-06 2.77906e-14 9.26046e-10 0.000248871 1.98222e-12 1.89819e-16 2.76008e-14 4.01387e-22 4.55594e-27 1.05254e-34 1.83635e-40 2.82422e-47 2.08221e-53 2.33903e-60 1.00001 1.00734e-05 0.442349 3.11014e-08
9.72476e-06 2.91802e-14 9.72352e-10 0.000248871 1.98731e-12 1.89819e-16 2.89903e-14 4.24249e-22 5.03503e-27 1.17325e-34 2.04559e-40 3.30626e-47 2.44059e-53 2.87728e-60 1.00001 9.59085e-06 0.442349 2.96118e-08
1.02111e-05 3.06392e-14 1.02097e-09 0.000248871 1.99264e-12 1.89819e-16 3.04494e-14 4.48528e-22 5.56479e-27 1.30834e-34 2.27865e-40 3.87215e-47 2.86049e-53 3.54092e-60 1.00001 9.13152e-06 0.442349 2.81939e-08
1.07217e-05 3.21712e-14 1.07202e-09 0.000248871 1.99824e-12 1.89818e-16 3.19813e-14 4.74322e-22 6.15066e-27 1.45959e-34 2.5383e-40 4.53685e-47 3.35257e-53 4.35959e-60 1.00001 8.69432e-06 0.442349 2.68444e-08
1.12579e-05 3.37797e-14 1.12563e-09 0.000248871 2.00412e-12 1.89818e-16 3.35899e-14 5.01739e-22 6.79865e-27 1.62904e-34 2.82763e-40 5.31806e-47 3.92933e-53 5.3701e-60 1.00001 8.27817e-06 0.442349 2.55599e-08
1.18209e-05 3.54687e-14 1.18191e-09 0.000248871 2.01028e-12 1.89818e-16 3.52789e-14 5.30894e-22 7.51544e-27 1.81898e-34 3.15013e-40 6.23672e-47 4.60548e-53 6.61814e-60 1.00001 7.88203e-06 0.442349 2.43371e-08
1.24121e-05 3.72422e-14 1.24101e-09 0.000248871 2.01675e-12 1.89818e-16 3.70523e-14 5.6191e-22 8.30843e-27 2.03201e-34 3.50969e-40 7.31768e-47 5.39835e-53 8.16052e-60 1.00001 7.50495e-06 0.442349 2.31732e-08
1.30328e-05 3.91043e-14 1.30306e-09 0.000248871 2.02354e-12 1.89818e-16 3.89145e-14 5.94922e-22 9.18583e-27 2.2711e-34 3.9107e-40 8.5904e-47 6.32836e-53 1.00679e-59 1.00001 7.14599e-06 0.442349 2.20653e-08
1.36845e-05 4.10595e-14 1.36821e-09 0.000248871 2.03066e-12 1.89818e-16 4.08697e-14 6.30076e-22 1.01568e-26 2.53958e-34 4.35809e-40 1.00899e-46 7.41956e-53 1.24283e-59 1.00001 6.80428e-06 0.442349 2.10106e-08
1.43688e-05 4.31125e-14 1.43662e-09 0.000248871 2.03814e-12 1.89818e-16 4.29227e-14 6.6753e-22 1.12314e-26 2.84128e-34 4.85738e-40 1.18577e-46 8.70033e-53 1.53513e-59 1.00001 6.47898e-06 0.442349 2.00066e-08
1.50874e-05 4.52681e-14 1.50844e-09 0.000248872 2.04597e-12 1.89818e-16 4.50783e-14 7.07452e-22 1.24209e-26 3.18052e-34 5.4148e-40 1.39434e-46 1.02042e-52 1.89738e-59 1.00001 6.1693e-06 0.442349 1.90508e-08
1.58419e-05 4.75316e-14 1.58386e-09 0.000248872 2.0542e-12 1.89818e-16 4.73417e-14 7.50029e-22 1.37379e-26 3.56222e-34 6.03736e-40 1.64058e-46 1.19707e-52 2.34666e-59 1.00001 5.87448e-06 0.442349 1.81409e-08
1.66341e-05 4.99082e-14 1.66304e-09 0.000248872 2.06283e-12 1.89818e-16 4.97183e-14 7.9546e-22 1.51962e-26 3.99199e-34 6.73295e-40 1.93152e-46 1.40466e-52 2.90432e-59 1.00001 5.5938e-06 0.442349 1.72746e-08
1.74659e-05 5.24036e-14 1.74619e-09 0.000248872 2.07188e-12 1.89818e-16 5.22138e-14 8.43961e-22 1.68112e-26 4.47623e-34 7.51047e-40 2.27553e-46 1.64873e-52 3.59708e-59 1.00001 5.32658e-06 0.442349 1.645e-08
1.83392e-05 5.50238e-14 1.83349e-09 0.000248872 2.08137e-12 1.89818e-16 5.4834e-14 8.95768e-22 1.86002e-26 5.02222e-34 8.37996e-40 2.68261e-46 1.93583e-52 4.45843e-59 1.00001 5.07218e-06 0.442349 1.56649e-08
1.92563e-05 5.7775e-14 1.92515e-09 0.000248872 2.09133e-12 1.89818e-16 5.75852e-14 9.51137e-22 2.05823e-26 5.63828e-34 9.35276e-40 3.16473e-46 2.27374e-52 5.53032e-59 1 4.82997e-06 0.442349 1.49175e-08
2.02192e-05 6.06637e-14 2.02139e-09 0.000248872 2.10177e-12 1.89818e-16 6.04739e-14 1.01035e-21 2.27787e-26 6.33392e-34 1.04417e-39 3.73619e-46 2.67167e-52 6.86547e-59 1 4.59936e-06 0.442349 1.42059e-08
2.12303e-05 6.3697e-14 2.12244e-09 0.000248872 2.11272e-12 1.89818e-16 6.35071e-14 1.07369e-21 2.52131e-26 7.11999e-34 1.16612e-39 4.41414e-46 3.14057e-52 8.53013e-59 1 4.37981e-06 0.442349 1.35284e-08
2.22919e-05 6.68818e-14 2.22854e-09 0.000248872 2.12421e-12 1.89818e-16 6.6692e-14 1.14151e-21 2.79119e-26 8.00894e-34 1.30276e-39 5.21912e-46 3.69345e-52 1.06077e-58 1 4.17076e-06 0.442349 1.28835e-08
2.34066e-05 7.02259e-14 2.33995e-09 0.000248872 2.13625e-12 1.89818e-16 7.00361e-14 1.21415e-21 3.09044e-26 9.015e-34 1.45597e-39 6.17581e-46 4.34579e-52 1.32031e-58 1 3.97173e-06 0.442349 1.22694e-08
2.4577e-05 7.37373e-14 2.45692e-09 0.000248872 2.14888e-12 1.89817e-16 7.35474e-14 1.292e-21 3.42235e-26 1.01545e-33 1.62782e-39 7.31387e-46 5.11603e-52 1.64491e-58 1 3.78223e-06 0.442349 1.16848e-08
2.5806e-05 7.74241e-14 2.57973e-09 0.000248873 2.16213e-12 1.89817e-16 7.72343e-14 1.37549e-21 3.79055e-26 1.14461e-33 1.82072e-39 8.66897e-46 6.02613e-52 2.05129e-58 1 3.60179e-06 0.442349 1.11282e-08
2.70964e-05 8.12954e-14 2.70868e-09 0.000248873 2.17601e-12 1.89817e-16 8.11056e-14 1.46507e-21 4.19913e-26 1.29114e-33 2.03737e-39 1.02841e-45 7.10235e-52 2.56065e-58 1 3.42999e-06 0.442349 1.05982e-08
2.84513e-05 8.53602e-14 2.84407e-09 0.000248873 2.19057e-12 1.89817e-16 8.51703e-14 1.56125e-21 4.65262e-26 1.4575e-33 2.28084e-39 1.2211e-45 8.37601e-52 3.1998e-58 1 3.26641e-06 0.442349 1.00937e-08
2.9874e-05 8.96282e-14 2.98623e-09 0.000248873 2.20583e-12 1.89817e-16 8.94384e-14 1.66456e-21 5.1561e-26 1.64654e-33 2.55464e-39 1.45124e-45 9.88461e-52 4.00279e-58 1 3.11066e-06 0.442349 9.61337e-09
3.13678e-05 9.41096e-14 3.13549e-09 0.000248873 2.22182e-12 1.89817e-16 9.39198e-14 1.77561e-21 5.71523e-26 1.86151e-33 2.86274e-39 1.72637e-45 1.16731e-51 5.01285e-58 1 2.96235e-06 0.442349 9.15605e-09
3.29362e-05 9.88152e-14 3.29221e-09 0.000248873 2.23859e-12 1.89817e-16 9.86253e-14 1.89505e-21 6.33633e-26 2.10619e-33 3.20969e-39 2.05566e-45 1.37951e-51 6.28495e-58 1 2.82114e-06 0.442349 8.72065e-09
3.45832e-05 1.03756e-13 3.45676e-09 0.000248873 2.25616e-12 1.89817e-16 1.03566e-13 2.02358e-21 7.02648e-26 2.38491e-33 3.60065e-39 2.45019e-45 1.63155e-51 7.88914e-58 1 2.68669e-06 0.442349 8.30613e-09
3.63124e-05 1.08944e-13 3.62952e-09 0.000248874 2.27457e-12 1.89817e-16 1.08754e-13 2.16197e-21 7.79357e-26 2.70268e-33 4.04152e-39 2.92341e-45 1.93118e-51 9.91482e-58 1 2.55866e-06 0.442349 7.91149e-09
3.81281e-05 1.14391e-13 3.81092e-09 0.000248874 2.29386e-12 1.89816e-16 1.14201e-13 2.31108e-21 8.64646e-26 3.06528e-33 4.53903e-39 3.49166e-45 2.28774e-51 1.24762e-57 1 2.43675e-06 0.442349 7.53577e-09
4.00346e-05 1.20111e-13 4.00138e-09 0.000248874 2.31407e-12 1.89816e-16 1.19921e-13 2.47182e-21 9.59503e-26 3.4794e-33 5.1009e-39 4.1748e-45 2.71249e-51 1.57193e-57 1 2.32068e-06 0.442349 7.17808e-09
4.20365e-05 1.26116e-13 4.20134e-09 0.000248874 2.33524e-12 1.89816e-16 1.25926e-13 2.64242e-21 1.06143e-25 3.93076e-33 5.69071e-39 4.94131e-45 3.23379e-51 1.94791e-57 1 2.2524e-06 0.442349 6.9679e-09
4.41384e-05 1.32422e-13 4.41129e-09 0.000248874 2.35742e-12 1.89816e-16 1.32232e-13 2.82647e-21 1.17484e-25 4.44606e-33 6.38867e-39 5.85958e-45 3.85367e-51 2.42006e-57 1 2.14453e-06 0.442349 6.63552e-09
4.63454e-05 1.39043e-13 4.63173e-09 0.000248875 2.38064e-12 1.89816e-16 1.38853e-13 3.02515e-21 1.30108e-25 5.0349e-33 7.17618e-39 6.9614e-45 4.5926e-51 3.01428e-57 1 2.04191e-06 0.442349 6.31936e-09
4.86628e-05 1.45995e-13 4.86318e-09 0.000248875 2.40497e-12 1.89816e-16 1.45805e-13 3.23976e-21 1.44164e-25 5.70843e-33 8.06882e-39 8.28547e-45 5.47455e-51 3.76378e-57 1 1.94426e-06 0.442349 6.01861e-09
5.1096e-05 1.53295e-13 5.10618e-09 0.000248875 2.43043e-12 1.89815e-16 1.53105e-13 3.47169e-21 1.5982e-25 6.47956e-33 9.08117e-39 9.87907e-45 6.52861e-51 4.71118e-57 1 1.85133e-06 0.442349 5.73251e-09
5.36509e-05 1.60959e-13 5.36132e-09 0.000248875 2.4571e-12 1.89815e-16 1.6077e-13 3.72248e-21 1.77265e-25 7.36328e-33 1.02303e-38 1.18e-44 7.79007e-51 5.9113e-57 1 1.76291e-06 0.442349 5.46033e-09
5.63336e-05 1.69007e-13 5.62919e-09 0.000248876 2.48501e-12 1.89815e-16 1.68818e-13 3.99382e-21 1.9671e-25 8.37697e-33 1.15357e-38 1.4119e-44 9.30175e-51 7.4348e-57 1 1.67876e-06 0.442349 5.20138e-09
5.91504e-05 1.77458e-13 5.91044e-09 0.000248876 2.51422e-12 1.89815e-16 1.77268e-13 4.28756e-21 2.18392e-25 9.54085e-33 1.30201e-38 1.69227e-44 1.11157e-50 9.37289e-57 1 1.59867e-06 0.442349 4.95503e-09
6.2108e-05 1.86331e-13 6.20573e-09 0.000248876 2.54478e-12 1.89815e-16 1.86141e-13 4.6057e-21 2.42579e-25 1.08784e-32 1.47095e-38 2.03177e-44 1.32955e-50 1.18436e-56 1 1.52245e-06 0.44235 4.72066e-09
6.52135e-05 1.95647e-13 6.51576e-09 0.000248877 2.57676e-12 1.89814e-16 1.95457e-13 4.95046e-21 2.6957e-25 1.24171e-32 1.66337e-38 2.44347e-44 1.59182e-50 1.49998e-56 1 1.4499e-06 0.44235 4.49769e-09
6.84743e-05 2.05429e-13 6.84126e-09 0.000248877 2.61021e-12 1.89814e-16 2.0524e-13 5.32427e-21 2.99701e-25 1.41886e-32 1.88275e-38 2.94347e-44 1.90784e-50 1.90401e-56 1 1.38085e-06 0.44235 4.28557e-09
7.18981e-05 2.15701e-13 7.18301e-09 0.000248877 2.6452e-12 1.89814e-16 2.15511e-13 5.72976e-21 3.33352e-25 1.62302e-32 2.13308e-38 3.55163e-44 2.28913e-50 2.42229e-56 1 1.31513e-06 0.44235 4.08377e-09
7.54931e-05 2.26486e-13 7.54181e-09 0.000248878 2.68179e-12 1.89814e-16 2.26296e-13 6.16986e-21 3.70948e-25 1.85852e-32 2.41898e-38 4.29243e-44 2.74982e-50 3.08849e-56 1 1.25257e-06 0.44235 3.89179e-09
7.92678e-05 2.3781e-13 7.91851e-09 0.000248878 2.72003e-12 1.89813e-16 2.3762e-13 6.64774e-21 4.1297e-25 2.13041e-32 2.7458e-38 5.19612e-44 3.30721e-50 3.94657e-56 1 1.19302e-06 0.44235 3.70918e-09
8.32313e-05 2.49701e-13 8.31401e-09 0.000248878 2.76001e-12 1.89813e-16 2.49511e-13 7.1669e-21 4.59957e-25 2.44459e-32 3.11973e-38 6.30015e-44 3.98254e-50 5.05406e-56 1 1.13634e-06 0.44235 3.53548e-09
8.7393e-05 2.62186e-13 8.72924e-09 0.000248879 2.80178e-12 1.89813e-16 2.61996e-13 7.73116e-21 5.12518e-25 2.80799e-32 3.54795e-38 7.65088e-44 4.80191e-50 6.48634e-56 1 1.08238e-06 0.44235 3.37027e-09
9.17627e-05 2.75295e-13 9.16518e-09 0.000248879 2.84543e-12 1.89812e-16 2.75105e-13 8.34474e-21 5.71337e-25 3.22866e-32 4.03878e-38 9.30587e-44 5.79744e-50 8.34239e-56 1 1.03103e-06 0.44235 3.21314e-09
9.6351e-05 2.89059e-13 9.62287e-09 0.00024888 2.89101e-12 1.89812e-16 2.8887e-13 9.01223e-21 6.37188e-25 3.71607e-32 4.60185e-38 1.13365e-43 7.00871e-50 1.07524e-55 1 9.82141e-07 0.44235 3.06372e-09
0.000101169 3.03512e-13 1.01034e-08 0.00024888 2.93861e-12 1.89812e-16 3.03323e-13 9.73869e-21 7.10941e-25 4.28128e-32 5.2484e-38 1.38318e-43 8.48453e-50 1.38881e-55 1 9.35609e-07 0.44235 2.92165e-09
0.000106227 3.18688e-13 1.06078e-08 0.000248881 2.9883e-12 1.89811e-16 3.18498e-13 1.05297e-20 7.93578e-25 4.93729e-32 5.99142e-38 1.69022e-43 1.02852e-49 1.79758e-55 1 8.91319e-07 0.44235 2.78657e-09
0.000111539 3.34622e-13 1.11375e-08 0.000248881 3.04015e-12 1.89811e-16 3.34432e-13 1.13912e-20 8.86209e-25 5.6993e-32 6.84606e-38 2.06857e-43 1.24854e-49 2.33153e-55 1 8.49162e-07 0.44235 2.65816e-09
0.000117116 3.51353e-13 1.16935e-08 0.000248882 3.09425e-12 1.8981e-16 3.51164e-13 1.233e-20 9.90084e-25 6.58519e-32 7.82994e-38 2.53544e-43 1.51773e-49 3.03035e-55 1 8.09037e-07 0.44235 2.53611e-09
0.000122972 3.68921e-13 1.22772e-08 0.000248882 3.15067e-12 1.8981e-16 3.68731e-13 1.33535e-20 1.10661e-24 7.61594e-32 8.96356e-38 3.11234e-43 1.84757e-49 3.94671e-55 1 7.70848e-07 0.44235 2.42013e-09
0.00012912 3.87367e-13 1.289e-08 0.000248883 3.2095e-12 1.8981e-16 3.87177e-13 1.44695e-20 1.23739e-24 8.81618e-32 1.02708e-37 3.82616e-43 2.25226e-49 5.15065e-55 1 7.34501e-07 0.44235 2.30994e-09
0.000135576 4.06735e-13 1.35334e-08 0.000248884 3.27081e-12 1.89809e-16 4.06545e-13 1.5687e-20 1.38422e-24 1.02149e-31 1.17794e-37 4.71061e-43 2.74949e-49 6.73544e-55 1 6.99911e-07 0.44235 2.20527e-09
0.000142355 4.27072e-13 1.42088e-08 0.000248884 3.33468e-12 1.89809e-16 4.26882e-13 1.70156e-20 1.54914e-24 1.18462e-31 1.3522e-37 5.80792e-43 3.36123e-49 8.82546e-55 1 6.66993e-07 0.44235 2.10586e-09
0.000149473 4.48426e-13 1.49179e-08 0.000248885 3.4012e-12 1.89808e-16 4.48236e-13 1.8466e-20 1.73443e-24 1.37502e-31 1.55362e-37 7.17109e-43 4.1149e-49 1.15869e-54 1 6.35668e-07 0.44235 2.01149e-09
0.000156947 4.70847e-13 1.56622e-08 0.000248886 3.47044e-12 1.89807e-16 4.70657e-13 2.00499e-20 1.9427e-24 1.5974e-31 1.78663e-37 8.86672e-43 5.04464e-49 1.52421e-54 1 6.05862e-07 0.44235 1.92193e-09
0.000164794 4.94389e-13 1.64436e-08 0.000248886 3.5425e-12 1.89807e-16 4.94199e-13 2.178e-20 2.17688e-24 1.85734e-31 2.05638e-37 1.09786e-42 6.19311e-49 2.00891e-54 1 5.77502e-07 0.44235 1.83695e-09
0.000173034 5.19108e-13 1.72639e-08 0.000248887 3.61744e-12 1.89806e-16 5.18919e-13 2.36705e-20 2.44029e-24 2.16139e-31 2.36889e-37 1.3612e-42 7.61361e-49 2.65279e-54 1 5.50521e-07 0.44235 1.75636e-09
0.000181686 5.45064e-13 1.81251e-08 0.000248888 3.69535e-12 1.89806e-16 5.44874e-13 2.57367e-20 2.73667e-24 2.51728e-31 2.7312e-37 1.68999e-42 9.3728e-49 3.50961e-54 1 5.24854e-07 0.44235 1.67996e-09
0.00019077 5.72317e-13 1.9029e-08 0.000248889 3.77631e-12 1.89805e-16 5.72127e-13 2.79957e-20 3.07026e-24 2.93412e-31 3.15152e-37 2.10097e-42 1.15542e-48 4.65172e-54 1 5.0044e-07 0.44235 1.60758e-09
0.000200309 6.00933e-13 1.9978e-08 0.00024889 3.86038e-12 1.89804e-16 6.00743e-13 3.04662e-20 3.44584e-24 3.42268e-31 3.63946e-37 2.61527e-42 1.42623e-48 6.17667e-54 1 4.77219e-07 0.44235 1.53902e-09
0.000210324 6.30979e-13 2.09741e-08 0.000248891 3.94764e-12 1.89803e-16 6.30789e-13 3.31684e-20 3.86882e-24 3.99563e-31 4.20625e-37 3.2596e-42 1.76284e-48 8.21605e-54 1 4.55138e-07 0.44235 1.47414e-09
0.000220841 6.62528e-13 2.20198e-08 0.000248892 4.03817e-12 1.89803e-16 6.62338e-13 3.6125e-20 4.34531e-24 4.66799e-31 4.86502e-37 4.06769e-42 2.18173e-48 1.09477e-53 1 4.34141e-07 0.44235 1.41278e-09
0.000231883 6.95654e-13 2.31174e-08 0.000248893 4.13202e-12 1.89802e-16 6.95465e-13 3.93607e-20 4.88223e-24 5.45743e-31 5.63114e-37 5.08224e-42 2.70358e-48 1.46123e-53 1 4.14181e-07 0.44235 1.35479e-09
0.000243477 7.30437e-13 2.42696e-08 0.000248894 4.22925e-12 1.89801e-16 7.30247e-13 4.29024e-20 5.48737e-24 6.38487e-31 6.52256e-37 6.35726e-42 3.35441e-48 1.95356e-53 1 3.95208e-07 0.44235 1.30002e-09
0.000255651 7.66959e-13 2.5479e-08 0.000248895 4.32993e-12 1.898e-16 7.66769e-13 4.678e-20 6.16954e-24 7.47502e-31 7.56031e-37 7.96119e-42 4.16694e-48 2.61595e-53 1 3.77177e-07 0.44235 1.24836e-09
0.000268434 8.05307e-13 2.67484e-08 0.000248897 4.43409e-12 1.89799e-16 8.05117e-13 5.10262e-20 6.93871e-24 8.75705e-31 8.76895e-37 9.98073e-42 5.18237e-48 3.50835e-53 1 3.60046e-07 0.44235 1.19968e-09
0.000281856 8.45572e-13 2.80809e-08 0.000248898 4.54179e-12 1.89798e-16 8.45382e-13 5.56769e-20 7.80611e-24 1.02655e-30 1.01772e-36 1.25258e-41 6.45258e-48 4.71222e-53 1 3.43773e-07 0.44235 1.15385e-09
0.000295948 8.8785e-13 2.94794e-08 0.000248899 4.65305e-12 1.89797e-16 8.87661e-13 6.07714e-20 8.78442e-24 1.2041e-30 1.18188e-36 1.57359e-41 8.04297e-48 6.33827e-53 1 3.28319e-07 0.44235 1.11078e-09
0.000310746 9.32243e-13 3.09474e-08 0.000248901 4.7679e-12 1.89796e-16 9.32053e-13 6.63532e-20 9.88795e-24 1.4132e-30 1.37329e-36 1.97879e-41 1.00359e-47 8.53718e-53 1 3.13648e-07 0.44235 1.07035e-09
0.000326283 9.78855e-13 3.24881e-08 0.000248902 4.88635e-12 1.89795e-16 9.78665e-13 7.24696e-20 1.11328e-23 1.65952e-30 1.59655e-36 2.49064e-41 1.25355e-47 1.15141e-52 1 2.99725e-07 0.44235 1.03248e-09
0.000342598 1.0278e-12 3.41052e-08 0.000248904 5.00842e-12 1.89793e-16 1.02761e-12 7.9173e-20 1.25373e-23 1.94981e-30 1.85704e-36 3.13766e-41 1.56727e-47 1.55484e-52 1 2.86516e-07 0.44235 9.97067e-10
0.000359728 1.07919e-12 3.58023e-08 0.000248906 5.13408e-12 1.89792e-16 1.079e-12 8.65206e-20 1.41217e-23 2.29203e-30 2.16103e-36 3.95605e-41 1.96131e-47 2.10211e-52 1 2.7399e-07 0.44235 9.64033e-10
0.000377714 1.13315e-12 3.75835e-08 0.000248908 5.26332e-12 1.89791e-16 1.13296e-12 9.45754e-20 1.59093e-23 2.69559e-30 2.51585e-36 4.99181e-41 2.45657e-47 2.84516e-52 1 2.62117e-07 0.44235 9.33297e-10
0.0003966 1.1898e-12 3.94529e-08 0.000248909 5.3961e-12 1.89789e-16 1.18961e-12 1.03407e-19 1.7926e-23 3.1716e-30 2.93006e-36 6.30336e-41 3.0794e-47 3.85486e-52 1 2.50869e-07 0.44235 9.04785e-10
0.00041643 1.24929e-12 4.14147e-08 0.000248911 5.53238e-12 1.89788e-16 1.2491e-12 1.1309e-19 2.02009e-23 3.73321e-30 3.41366e-36 7.96489e-41 3.86312e-47 5.2279e-52 1 2.40218e-07 0.44235 8.78431e-10
0.000437252 1.31176e-12 4.34735e-08 0.000248913 5.67208e-12 1.89786e-16 1.31157e-12 1.23709e-19 2.2767e-23 4.39594e-30 3.97829e-36 1.00707e-40 4.84976e-47 7.09627e-52 1 2.3014e-07 0.44235 8.54171e-10
0.000459114 1.37735e-12 4.5634e-08 0.000248916 5.81513e-12 1.89785e-16 1.37716e-12 1.35355e-19 2.5661e-23 5.17811e-30 4.63756e-36 1.27403e-40 6.0924e-47 9.64007e-52 1 2.20611e-07 0.44235 8.31948e-10
0.00048207 1.44621e-12 4.79012e-08 0.000248918 5.9614e-12 1.89783e-16 1.44602e-12 1.48128e-19 2.89244e-23 6.10138e-30 5.40729e-36 1.61259e-40 7.65806e-47 1.31052e-51 1 2.11607e-07 0.44235 8.11708e-10
0.000506174 1.51852e-12 5.02803e-08 0.00024892 6.11079e-12 1.89781e-16 1.51833e-12 1.62139e-19 3.26035e-23 7.19131e-30 6.30593e-36 2.04202e-40 9.63131e-47 1.7827e-51 1 2.03107e-07 0.44235 7.93404e-10
0.000531482 1.59445e-12 5.27767e-08 0.000248923 6.26314e-12 1.8978e-16 1.59426e-12 1.77509e-19 3.67501e-23 8.47802e-30 7.35493e-36 2.58681e-40 1.21189e-46 2.42634e-51 1 1.95091e-07 0.44235 7.76992e-10
0.000558057 1.67417e-12 5.53961e-08 0.000248925 6.41829e-12 1.89778e-16 1.67398e-12 1.9437e-19 4.14225e-23 9.9971e-30 8.57926e-36 3.278e-40 1.52556e-46 3.30386e-51 1 1.8754e-07 0.44235 7.62433e-10
0.00058596 1.75788e-12 5.81446e-08 0.000248928 6.57606e-12 1.89776e-16 1.75769e-12 2.1287e-19 4.66854e-23 1.17905e-29 1.00079e-35 4.15495e-40 1.92112e-46 4.50038e-51 1 1.80436e-07 0.44235 7.49692e-10
0.000615258 1.84577e-12 6.10282e-08 0.000248931 6.73621e-12 1.89773e-16 1.84558e-12 2.33167e-19 5.26115e-23 1.39075e-29 1.16746e-35 5.26752e-40 2.42001e-46 6.1319e-51 1 1.73762e-07 0.44235 7.3874e-10
0.000646021 1.93806e-12 6.40537e-08 0.000248934 6.89853e-12 1.89771e-16 1.93787e-12 2.55437e-19 5.92815e-23 1.64064e-29 1.36183e-35 6.67888e-40 3.04922e-46 8.35635e-51 1 1.67502e-07 0.44235 7.29549e-10
0.000678322 2.03496e-12 6.72277e-08 0.000248937 7.06274e-12 1.89769e-16 2.03477e-12 2.79875e-19 6.67855e-23 1.93556e-29 1.58844e-35 8.46891e-40 3.84279e-46 1.13887e-50 1 1.61641e-07 0.44235 7.22099e-10
0.000712238 2.13671e-12 7.05576e-08 0.000248941 7.22857e-12 1.89766e-16 2.13652e-12 3.06691e-19 7.52234e-23 2.28357e-29 1.85253e-35 1.07386e-39 4.84355e-46 1.55211e-50 1 1.56165e-07 0.44235 7.16372e-10
0.00074785 2.24355e-12 7.40507e-08 0.000248944 7.39569e-12 1.89764e-16 2.24336e-12 3.36118e-19 8.47066e-23 2.69414e-29 2.16017e-35 1.36157e-39 6.10545e-46 2.11505e-50 1 1.51062e-07 0.44235 7.12355e-10
0.000785243 2.35572e-12 7.7715e-08 0.000248948 7.56379e-12 1.89761e-16 2.35553e-12 3.68411e-19 9.53582e-23 3.17839e-29 2.51837e-35 1.72611e-39 7.69633e-46 2.88156e-50 1 1.46318e-07 0.44235 7.10037e-10
0.000824505 2.47351e-12 8.15586e-08 0.000248952 7.73249e-12 1.89758e-16 2.47332e-12 4.03852e-19 1.07315e-22 3.74937e-29 2.93524e-35 2.1878e-39 9.7015e-46 3.92463e-50 1 1.41923e-07 0.44235 7.09414e-10
0.00086573 2.59718e-12 8.559e-08 0.000248956 7.90143e-12 1.89755e-16 2.59699e-12 4.42747e-19 1.20727e-22 4.42241e-29 3.42012e-35 2.7722e-39 1.22282e-45 5.34307e-50 1 1.37867e-07 0.44235 7.10484e-10
0.000909017 2.72704e-12 8.98183e-08 0.00024896 8.0702e-12 1.89752e-16 2.72685e-12 4.85434e-19 1.35762e-22 5.21545e-29 3.98379e-35 3.51149e-39 1.54109e-45 7.27047e-50 1 1.34139e-07 0.44235 7.13251e-10
0.000954468 2.86339e-12 9.42528e-08 0.000248964 8.23838e-12 1.89749e-16 2.8632e-12 5.32285e-19 1.52603e-22 6.14951e-29 4.63865e-35 4.44609e-39 1.94187e-45 9.88711e-50 1 1.3073e-07 0.44235 7.1772e-10
0.00100219 3.00656e-12 9.89033e-08 0.000248969 8.40554e-12 1.89746e-16 3.00637e-12 5.83707e-19 1.71451e-22 7.24918e-29 5.39898e-35 5.62673e-39 2.44635e-45 1.3436e-49 1 1.27633e-07 0.44235 7.23904e-10
0.0010523 3.15689e-12 1.0378e-07 0.000248974 8.57124e-12 1.89742e-16 3.1567e-12 6.40147e-19 1.92528e-22 8.5432e-29 6.28117e-35 7.11698e-39 3.0811e-45 1.82441e-49 1 1.24841e-07 0.44235 7.31816e-10
0.00110492 3.31473e-12 1.08894e-07 0.000248979 8.73501e-12 1.89738e-16 3.31454e-12 7.02095e-19 2.16077e-22 1.00651e-28 7.30407e-35 8.99637e-39 3.87938e-45 2.47505e-49 1 1.22346e-07 0.44235 7.41476e-10
0.00116016 3.48047e-12 1.14255e-07 0.000248984 8.89639e-12 1.89734e-16 3.48028e-12 7.70092e-19 2.4235e-22 1.18508e-28 8.48692e-35 1.1351e-38 4.82296e-45 3.34398e-49 1 1.20405e-07 0.44235 7.54463e-10
0.00121817 3.6545e-12 1.19877e-07 0.00024899 9.05492e-12 1.8973e-16 3.65431e-12 8.4473e-19 2.71649e-22 1.39485e-28 9.85731e-35 1.43142e-38 6.00907e-45 4.51568e-49 1 1.18705e-07 0.44235 7.69004e-10
0.00127908 3.83722e-12 1.2577e-07 0.000248996 9.21012e-12 1.89726e-16 3.83703e-12 9.2666e-19 3.04288e-22 1.64114e-28 1.14428e-34 1.80395e-38 7.49942e-45 6.0937e-49 1 1.17249e-07 0.44235 7.85158e-10
0.00134303 4.02908e-12 1.31947e-07 0.000249002 9.36155e-12 1.89722e-16 4.02889e-12 1.0166e-18 3.40611e-22 1.93012e-28 1.32759e-34 2.2718e-38 9.37124e-45 8.21606e-49 1 1.16038e-07 0.44235 8.02989e-10
0.00141018 4.23054e-12 1.38422e-07 0.000249009 9.50874e-12 1.89717e-16 4.23035e-12 1.11532e-18 3.80988e-22 2.26896e-28 1.53936e-34 2.85868e-38 1.17212e-44 1.10663e-48 1 1.15072e-07 0.44235 8.2256e-10
0.00148069 4.44207e-12 1.45209e-07 0.000249016 9.65128e-12 1.89712e-16 4.44187e-12 1.22371e-18 4.25821e-22 2.66599e-28 1.78382e-34 3.59402e-38 1.467e-44 1.48883e-48 1 1.14354e-07 0.44235 8.43937e-10
0.00155473 4.66417e-12 1.52321e-07 0.000249023 9.78877e-12 1.89707e-16 4.66398e-12 1.34269e-18 4.75544e-22 3.13085e-28 2.06583e-34 4.51423e-38 1.83687e-44 2.00047e-48 1 1.13885e-07 0.44235 8.67188e-10
0.00163247 4.89738e-12 1.59774e-07 0.00024903 9.92081e-12 1.89702e-16 4.89719e-12 1.47332e-18 5.30624e-22 3.67473e-28 2.39091e-34 5.66431e-38 2.3006e-44 2.68423e-48 1 1.13666e-07 0.44235 8.92383e-10
0.00171409 5.14225e-12 1.67583e-07 0.000249038 1.00471e-11 1.89696e-16 5.14205e-12 1.61674e-18 5.91567e-22 4.3109e-28 2.7718e-34 7.1019e-38 2.89301e-44 3.59933e-48 1 1.13613e-07 0.44235 9.18915e-10
0.00179979 5.39936e-12 1.75764e-07 0.000249046 1.01672e-11 1.89691e-16 5.39917e-12 1.77422e-18 6.58908e-22 5.05405e-28 3.20381e-34 8.89391e-38 3.63495e-44 4.81809e-48 1 1.1383e-07 0.44235 9.47644e-10
0.00188978 5.66932e-12 1.84335e-07 0.000249055 1.02811e-11 1.89685e-16 5.66913e-12 1.94713e-18 7.33223e-22 5.92147e-28 3.70083e-34 1.11246e-37 4.56376e-44 6.43809e-48 1 1.14316e-07 0.44235 9.78636e-10
0.00198427 5.95279e-12 1.93312e-07 0.000249064 1.03884e-11 1.89678e-16 5.9526e-12 2.13701e-18 8.15128e-22 6.9331e-28 4.27213e-34 1.38974e-37 5.72608e-44 8.58719e-48 1 1.15073e-07 0.44235 1.01197e-09
0.00208349 6.25043e-12 2.02714e-07 0.000249073 1.04889e-11 1.89672e-16 6.25024e-12 2.34552e-18 9.0528e-22 8.11112e-28 4.9279e-34 1.73327e-37 7.14208e-44 1.142e-47 1 1.1623e-07 0.44235 1.04882e-09
0.00218766 6.56295e-12 2.12559e-07 0.000249083 1.05827e-11 1.89665e-16 6.56276e-12 2.57452e-18 1.00438e-21 9.4827e-28 5.68091e-34 2.15904e-37 8.91375e-44 1.51618e-47 1 1.17642e-07 0.44235 1.08801e-09
0.00229704 6.8911e-12 2.22868e-07 0.000249094 1.06695e-11 1.89658e-16 6.89091e-12 2.82603e-18 1.11316e-21 1.10783e-27 6.54487e-34 2.68597e-37 1.11299e-43 2.00943e-47 1 1.19315e-07 0.44235 1.12965e-09
0.0024119 7.23566e-12 2.33659e-07 0.000249104 1.07496e-11 1.89651e-16 7.23547e-12 3.10229e-18 1.23242e-21 1.2933e-27 7.53559e-34 3.33715e-37 1.39013e-43 2.65836e-47 1 1.21255e-07 0.44235 1.17386e-09
0.00253249 7.59744e-12 2.44956e-07 0.000249116 1.08229e-11 1.89643e-16 7.59725e-12 3.40576e-18 1.363e-21 1.50869e-27 8.67107e-34 4.14076e-37 1.73666e-43 3.51038e-47 1 1.2347e-07 0.44235 1.22074e-09
0.00265911 7.97732e-12 2.56778e-07 0.000249128 1.08895e-11 1.89635e-16 7.97713e-12 3.73914e-18 1.50576e-21 1.75864e-27 9.97184e-34 5.13105e-37 2.16988e-43 4.62685e-47 1 1.25965e-07 0.44235 1.27044e-09
0.00279207 8.37619e-12 2.69149e-07 0.00024914 1.09497e-11 1.89627e-16 8.37599e-12 4.10541e-18 1.66166e-21 2.04845e-27 1.14613e-33 6.3497e-37 2.71141e-43 6.08694e-47 1 1.28748e-07 0.44235 1.32307e-09
0.00293167 8.795e-12 2.82091e-07 0.000249153 1.10037e-11 1.89618e-16 8.7948e-12 4.50787e-18 1.83167e-21 2.3842e-27 1.31661e-33 7.84731e-37 3.38828e-43 7.99273e-47 1 1.31827e-07 0.44235 1.37877e-09
0.00307826 9.23475e-12 2.95629e-07 0.000249167 1.10517e-11 1.89609e-16 9.23455e-12 4.95012e-18 2.01685e-21 2.77287e-27 1.51168e-33 9.6853e-37 4.23424e-43 1.04755e-46 1 1.35212e-07 0.44235 1.43768e-09
0.00323217 9.69649e-12 3.09788e-07 0.000249181 1.10942e-11 1.896e-16 9.69629e-12 5.43614e-18 2.2183e-21 3.22245e-27 1.73479e-33 1.19381e-36 5.29154e-43 1.3704e-46 1 1.3891e-07 0.44235 1.49996e-09
0.00339378 1.01813e-11 3.24593e-07 0.000249196 1.11315e-11 1.89591e-16 1.01811e-11 5.97033e-18 2.43718e-21 3.7421e-27 1.98991e-33 1.46958e-36 6.61297e-43 1.78945e-46 1 1.42931e-07 0.44235 1.56575e-09
0.00356347 1.06904e-11 3.40069e-07 0.000249212 1.11639e-11 1.89581e-16 1.06902e-11 6.55751e-18 2.67473e-21 4.34232e-27 2.28155e-33 1.80675e-36 8.26458e-43 2.33244e-46 1 1.47286e-07 0.44235 1.63523e-09
0.00374164 1.12249e-11 3.56245e-07 0.000249228 1.11919e-11 1.8957e-16 1.12247e-11 7.20302e-18 2.93226e-21 5.0351e-27 2.61487e-33 2.21851e-36 1.0329e-42 3.03481e-46 1 1.51987e-07 0.44235 1.70856e-09
0.00392872 1.17861e-11 3.73148e-07 0.000249245 1.12158e-11 1.8956e-16 1.1786e-11 7.9127e-18 3.21115e-21 5.83422e-27 2.99574e-33 2.72081e-36 1.29096e-42 3.94191e-46 1 1.57044e-07 0.44235 1.78592e-09
0.00412516 1.23755e-11 3.90806e-07 0.000249263 1.12363e-11 1.89549e-16 1.23753e-11 8.69304e-18 3.51286e-21 6.75539e-27 3.43088e-33 3.3329e-36 1.61358e-42 5.11161e-46 1 1.62471e-07 0.44235 1.86751e-09
0.00433142 1.29942e-11 4.09248e-07 0.000249282 1.12535e-11 1.89537e-16 1.2994e-11 9.55115e-18 3.83897e-21 7.81664e-27 3.92795e-33 4.07805e-36 2.01695e-42 6.61771e-46 1 1.6828e-07 0.44235 1.95353e-09
0.00454799 1.36439e-11 4.28504e-07 0.000249301 1.1268e-11 1.89526e-16 1.36437e-11 1.04949e-17 4.19112e-21 9.03859e-27 4.4957e-33 4.98433e-36 2.52137e-42 8.55431e-46 1 1.74486e-07 0.44235 2.04418e-09
0.00477539 1.43261e-11 4.48605e-07 0.000249322 1.12801e-11 1.89514e-16 1.43259e-11 1.15329e-17 4.57107e-21 1.04448e-26 5.14413e-33 6.08559e-36 3.15224e-42 1.10412e-45 1 1.81105e-07 0.44235 2.13968e-09
0.00501416 1.50425e-11 4.6958e-07 0.000249343 1.12903e-11 1.89501e-16 1.50423e-11 1.26747e-17 4.9807e-21 1.20624e-26 5.88465e-33 7.42269e-36 3.9414e-42 1.42309e-45 1 1.88153e-07 0.44235 2.24027e-09
0.00526487 1.57946e-11 4.91461e-07 0.000249365 1.12988e-11 1.89489e-16 1.57944e-11 1.39308e-17 5.42201e-21 1.39222e-26 6.73031e-33 9.04488e-36 4.92871e-42 1.83172e-45 1 1.95645e-07 0.44235 2.34619e-09
0.00552811 1.65843e-11 5.14281e-07 0.000249389 1.13059e-11 1.89476e-16 1.65841e-11 1.53128e-17 5.89714e-21 1.60596e-26 7.69602e-33 1.10116e-35 6.16417e-42 2.35468e-45 1 2.03602e-07 0.44235 2.4577e-09
0.00580452 1.74135e-11 5.38071e-07 0.000249413 1.13119e-11 1.89462e-16 1.74133e-11 1.68335e-17 6.40838e-21 1.85151e-26 8.79882e-33 1.33943e-35 7.71045e-42 3.02326e-45 0.999999 2.12041e-07 0.44235 2.57507e-09
0.00609474 1.82842e-11 5.62863e-07 0.000249438 1.13171e-11 1.89448e-16 1.8284e-11 1.85068e-17 6.95816e-21 2.13352e-26 1.00582e-32 1.62793e-35 9.6461e-42 3.87725e-45 0.999999 2.20983e-07 0.44235 2.69858e-09
0.00639948 1.91984e-11 5.8869e-07 0.000249464 1.13216e-11 1.89434e-16 1.91982e-11 2.03484e-17 7.5491e-21 2.45729e-26 1.14964e-32 1.97705e-35 1.20697e-41 4.96712e-45 0.999999 2.3045e-07 0.44235 2.82853e-09
0.00671945 2.01583e-11 6.15584e-07 0.000249492 1.13256e-11 1.8942e-16 2.01581e-11 2.23753e-17 8.18402e-21 2.8289e-26 1.31389e-32 2.39931e-35 1.51048e-41 6.35692e-45 0.999999 2.40464e-07 0.44235 2.96523e-09
0.00705543 2.11663e-11 6.43579e-07 0.000249521 1.13293e-11 1.89406e-16 2.1166e-11 2.46062e-17 8.86592e-21 3.25533e-26 1.50149e-32 2.9098e-35 1.89065e-41 8.1279e-45 0.999999 2.5105e-07 0.44235 3.10902e-09
0.0074082 2.22246e-11 6.72705e-07 0.00024955 1.13328e-11 1.89391e-16 2.22244e-11 2.70621e-17 9.59804e-21 3.74455e-26 1.71577e-32 3.52666e-35 2.36695e-41 1.03831e-44 0.999999 2.62232e-07 0.44235 3.26024e-09
0.00777861 2.33358e-11 7.02996e-07 0.000249581 1.13362e-11 1.89376e-16 2.33356e-11 2.97657e-17 1.03839e-20 4.30571e-26 1.96055e-32 4.27178e-35 2.9638e-41 1.3253e-44 0.999999 2.74037e-07 0.44235 3.41927e-09
0.00816754 2.45026e-11 7.34482e-07 0.000249614 1.13395e-11 1.89361e-16 2.45024e-11 3.27423e-17 1.12271e-20 4.94927e-26 2.2402e-32 5.17148e-35 3.71188e-41 1.69032e-44 0.999999 2.86495e-07 0.44235 3.58647e-09
0.00857592 2.57277e-11 7.67195e-07 0.000249647 1.13428e-11 1.89346e-16 2.57275e-11 3.60196e-17 1.21319e-20 5.68725e-26 2.55972e-32 6.2575e-35 4.6497e-41 2.15434e-44 0.999999 2.99633e-07 0.44235 3.76226e-09
0.00900471 2.70141e-11 8.01162e-07 0.000249682 1.13461e-11 1.89331e-16 2.70139e-11 3.96283e-17 1.31025e-20 6.5334e-26 2.92486e-32 7.56801e-35 5.82564e-41 2.7439e-44 0.999999 3.13485e-07 0.44235 3.94705e-09
0.00945495 2.83648e-11 8.36414e-07 0.000249719 1.13495e-11 1.89316e-16 2.83646e-11 4.36021e-17 1.41437e-20 7.50351e-26 3.34217e-32 9.149e-35 7.30048e-41 3.49267e-44 0.999999 3.28082e-07 0.44235 4.14131e-09
0.00992769 2.97831e-11 8.72978e-07 0.000249757 1.1353e-11 1.89301e-16 2.97828e-11 4.79783e-17 1.52605e-20 8.61566e-26 3.81919e-32 1.10558e-34 9.15059e-41 4.44321e-44 0.999999 3.4346e-07 0.44235 4.34549e-09
0.0104241 3.12722e-11 9.10877e-07 0.000249796 1.13566e-11 1.89286e-16 3.1272e-11 5.27978e-17 1.64585e-20 9.89062e-26 4.36455e-32 1.33552e-34 1.1472e-40 5.64948e-44 0.999999 3.59655e-07 0.44235 4.56009e-09
0.0109453 3.28358e-11 9.50137e-07 0.000249836 1.13603e-11 1.89271e-16 3.28356e-11 5.8106e-17 1.77437e-20 1.13522e-25 4.98815e-32 1.61274e-34 1.43853e-40 7.17974e-44 0.999999 3.76706e-07 0.44235 4.78563e-09
0.0114925 3.44776e-11 9.90778e-07 0.000249879 1.13642e-11 1.89257e-16 3.44774e-11 6.39525e-17 1.91226e-20 1.30277e-25 5.70135e-32 1.9469e-34 1.80423e-40 9.12041e-44 0.999999 3.94653e-07 0.44235 5.02265e-09
0.0120672 3.62015e-11 1.03282e-06 0.000249923 1.13682e-11 1.89243e-16 3.62012e-11 7.03925e-17 2.06021e-20 1.49485e-25 6.51718e-32 2.34967e-34 2.26339e-40 1.15809e-43 0.999999 4.1354e-07 0.44235 5.27172e-09
0.0126705 3.80116e-11 1.07627e-06 0.000249968 1.13723e-11 1.89229e-16 3.80113e-11 7.74863e-17 2.21901e-20 1.71506e-25 7.4506e-32 2.83505e-34 2.84001e-40 1.46996e-43 0.999999 4.3341e-07 0.44235 5.53346e-09
0.0133041 3.99122e-11 1.12116e-06 0.000250015 1.13766e-11 1.89217e-16 3.99119e-11 8.53008e-17 2.38949e-20 1.96754e-25 8.51879e-32 3.41995e-34 3.56432e-40 1.86519e-43 0.999999 4.54311e-07 0.44235 5.80847e-09
0.0139693 4.19078e-11 1.16748e-06 0.000250063 1.1381e-11 1.89205e-16 4.19075e-11 9.39095e-17 2.57256e-20 2.25704e-25 9.74149e-32 4.12473e-34 4.47434e-40 2.36594e-43 0.999999 4.76293e-07 0.44235 6.09745e-09
0.0146677 4.40032e-11 1.21524e-06 0.000250114 1.13856e-11 1.89194e-16 4.40029e-11 1.03394e-16 2.76922e-20 2.58901e-25 1.11414e-31 4.97392e-34 5.61796e-40 3.0003e-43 0.999999 4.99408e-07 0.44235 6.40107e-09
0.0154011 4.62033e-11 1.26443e-06 0.000250166 1.13904e-11 1.89184e-16 4.6203e-11 1.13842e-16 2.98056e-20 2.96974e-25 1.27445e-31 5.99707e-34 7.05549e-40 3.80379e-43 0.999999 5.2371e-07 0.44235 6.72007e-09
0.0161712 4.85135e-11 1.31507e-06 0.000250219 1.13953e-11 1.89176e-16 4.85132e-11 1.25354e-16 3.20776e-20 3.40644e-25 1.45807e-31 7.22983e-34 8.86288e-40 4.82138e-43 0.999999 5.49257e-07 0.44235 7.05522e-09
0.0169797 5.09392e-11 1.36712e-06 0.000250275 1.14003e-11 1.89169e-16 5.09388e-11 1.38038e-16 3.45211e-20 3.9074e-25 1.66846e-31 8.71515e-34 1.11359e-39 6.11001e-43 0.999998 5.76109e-07 0.44235 7.40734e-09
0.0178287 5.34861e-11 1.42059e-06 0.000250332 1.14055e-11 1.89163e-16 5.34858e-11 1.52013e-16 3.71505e-20 4.48217e-25 1.90958e-31 1.05048e-33 1.39951e-39 7.74176e-43 0.999998 6.04331e-07 0.44235 7.77726e-09
0.0187202 5.61604e-11 1.47544e-06 0.00025039 1.14109e-11 1.8916e-16 5.61601e-11 1.67412e-16 3.99811e-20 5.14173e-25 2.18598e-31 1.26614e-33 1.75926e-39 9.80786e-43 0.999998 6.33987e-07 0.44235 8.16588e-09
0.0196562 5.89684e-11 1.53164e-06 0.000250451 1.14164e-11 1.89159e-16 5.89681e-11 1.8438e-16 4.303e-20 5.89871e-25 2.5029e-31 1.52601e-33 2.21202e-39 1.24239e-42 0.999998 6.65148e-07 0.44235 8.57414e-09
0.020639 6.19169e-11 1.58915e-06 0.000250513 1.14221e-11 1.8916e-16 6.19165e-11 2.03077e-16 4.63156e-20 6.76766e-25 2.86639e-31 1.83919e-33 2.782e-39 1.57361e-42 0.999998 6.97887e-07 0.44235 9.00301e-09
0.0216709 6.50127e-11 1.64794e-06 0.000250577 1.14279e-11 1.89164e-16 6.50123e-11 2.23679e-16 4.98582e-20 7.76532e-25 3.2834e-31 2.21665e-33 3.49971e-39 1.99299e-42 0.999998 7.32281e-07 0.44235 9.45353e-09
0.0227545 6.82634e-11 1.70795e-06 0.000250642 1.14339e-11 1.8917e-16 6.82629e-11 2.46382e-16 5.368e-20 8.91097e-25 3.76194e-31 2.67164e-33 4.40369e-39 2.524e-42 0.999998 7.6841e-07 0.44235 9.92677e-09
0.0238922 7.16765e-11 1.7691e-06 0.000250709 1.144e-11 1.8918e-16 7.16761e-11 2.714e-16 5.78054e-20 1.02268e-24 4.31122e-31 3.22014e-33 5.5426e-39 3.19638e-42 0.999998 8.0636e-07 0.44235 1.04239e-08
0.0250868 7.52604e-11 1.83135e-06 0.000250778 1.14463e-11 1.89194e-16 7.52599e-11 2.98968e-16 6.22607e-20 1.17385e-24 4.94187e-31 3.88146e-33 6.97786e-39 4.04782e-42 0.999998 8.46217e-07 0.44235 1.0946e-08
0.0263411 7.90234e-11 1.89459e-06 0.000250848 1.14527e-11 1.89212e-16 7.90229e-11 3.29349e-16 6.70751e-20 1.34754e-24 5.66613e-31 4.6789e-33 8.78711e-39 5.12608e-42 0.999998 8.88076e-07 0.44235 1.14945e-08
0.0276582 8.29745e-11 1.95875e-06 0.00025092 1.14593e-11 1.89234e-16 8.2974e-11 3.62828e-16 7.22804e-20 1.54715e-24 6.49812e-31 5.64062e-33 1.10684e-38 6.49169e-42 0.999997 9.32032e-07 0.44235 1.20706e-08
0.0290411 8.71233e-11 2.02372e-06 0.000250993 1.1466e-11 1.8926e-16 8.71227e-11 3.99722e-16 7.79115e-20 1.7766e-24 7.45409e-31 6.80065e-33 1.39457e-38 8.22139e-42 0.999997 9.78189e-07 0.44235 1.26756e-08
0.0304932 9.14794e-11 2.08939e-06 0.000251068 1.14728e-11 1.89292e-16 9.14788e-11 4.4038e-16 8.40063e-20 2.0404e-24 8.55279e-31 8.2001e-33 1.75758e-38 1.04125e-41 0.999997 1.02665e-06 0.44235 1.33111e-08
0.0320178 9.60534e-11 2.15565e-06 0.000251144 1.14798e-11 1.89329e-16 9.60527e-11 4.85184e-16 9.06068e-20 2.34374e-24 9.81583e-31 9.88866e-33 2.21568e-38 1.31884e-41 0.999997 1.07753e-06 0.44235 1.39785e-08
0.0336187 1.00856e-10 2.22235e-06 0.000251221 1.14869e-11 1.89372e-16 1.00855e-10 5.34558e-16 9.77585e-20 2.69264e-24 1.12681e-30 1.19264e-32 2.79396e-38 1.67057e-41 0.999997 1.13095e-06 0.44235 1.46794e-08
0.0352996 1.05899e-10 2.28937e-06 0.0002513 1.1494e-11 1.89422e-16 1.05898e-10 5.88968e-16 1.05512e-19 3.09399e-24 1.29385e-30 1.43859e-32 3.52414e-38 2.11629e-41 0.999997 1.18702e-06 0.44235 1.54155e-08
0.0370646 1.11194e-10 2.35655e-06 0.000251379 1.15013e-11 1.89478e-16 1.11193e-10 6.48927e-16 1.13921e-19 3.55577e-24 1.48599e-30 1.73549e-32 4.44637e-38 2.68119e-41 0.999997 1.24588e-06 0.44235 1.61885e-08
0.0389179 1.16754e-10 2.42374e-06 0.00025146 1.15087e-11 1.89541e-16 1.16753e-10 7.15e-16 1.23046e-19 4.08718e-24 1.70708e-30 2.09398e-32 5.61149e-38 3.39726e-41 0.999996 1.30766e-06 0.44235 1.70002e-08
0.0408637 1.22591e-10 2.49077e-06 0.000251541 1.15162e-11 1.89613e-16 1.2259e-10 7.87809e-16 1.32954e-19 4.69882e-24 1.96151e-30 2.52688e-32 7.08388e-38 4.30506e-41 0.999996 1.3725e-06 0.44235 1.78526e-08
0.0429069 1.28721e-10 2.55746e-06 0.000251623 1.15237e-11 1.89692e-16 1.2872e-10 8.68039e-16 1.43716e-19 5.40291e-24 2.25438e-30 3.04975e-32 8.94506e-38 5.45613e-41 0.999996 1.44055e-06 0.44235 1.87475e-08
0.0450523 1.35157e-10 2.62365e-06 0.000251706 1.15313e-11 1.8978e-16 1.35156e-10 9.56447e-16 1.55411e-19 6.21357e-24 2.59155e-30 3.68136e-32 1.12983e-37 6.91587e-41 0.999996 1.51195e-06 0.44235 1.96872e-08
0.0473049 1.41915e-10 2.68913e-06 0.00025179 1.1539e-11 1.89877e-16 1.41913e-10 1.05386e-15 1.68126e-19 7.14706e-24 2.9798e-30 4.44448e-32 1.42746e-37 8.76734e-41 0.999996 1.58688e-06 0.44235 2.06739e-08
0.0496701 1.4901e-10 2.75373e-06 0.000251874 1.15467e-11 1.89983e-16 1.49009e-10 1.1612e-15 1.81956e-19 8.22214e-24 3.42693e-30 5.36661e-32 1.80397e-37 1.1116e-40 0.999995 1.66549e-06 0.44235 2.17097e-08
0.0521536 1.56461e-10 2.81726e-06 0.000251958 1.15545e-11 1.901e-16 1.56459e-10 1.27947e-15 1.97006e-19 9.46047e-24 3.94195e-30 6.48108e-32 2.28039e-37 1.40959e-40 0.999995 1.74798e-06 0.44235 2.27972e-08
0.0547613 1.64284e-10 2.87952e-06 0.000252043 1.15622e-11 1.90227e-16 1.64282e-10 1.40978e-15 2.13389e-19 1.0887e-23 4.53527e-30 7.82818e-32 2.88339e-37 1.78772e-40 0.999995 1.8345e-06 0.44235 2.39388e-08
0.0574994 1.72498e-10 2.94033e-06 0.000252128 1.157e-11 1.90365e-16 1.72496e-10 1.55334e-15 2.31232e-19 1.25306e-23 5.21887e-30 9.45672e-32 3.64676e-37 2.26761e-40 0.999995 1.92528e-06 0.44235 2.51371e-08
0.0603744 1.81123e-10 2.9995e-06 0.000252212 1.15778e-11 1.90514e-16 1.81121e-10 1.71152e-15 2.50671e-19 1.44244e-23 6.00661e-30 1.14258e-31 4.61339e-37 2.87675e-40 0.999994 2.02049e-06 0.44235 2.6395e-08
0.0633931 1.90179e-10 3.05685e-06 0.000252297 1.15856e-11 1.90675e-16 1.90177e-10 1.88577e-15 2.71857e-19 1.66068e-23 6.91443e-30 1.38068e-31 5.83765e-37 3.65004e-40 0.999994 2.12036e-06 0.44235 2.77154e-08
0.0665627 1.99688e-10 3.11221e-06 0.000252382 1.15934e-11 1.90847e-16 1.99686e-10 2.07774e-15 2.94956e-19 1.9122e-23 7.96078e-30 1.66864e-31 7.38855e-37 4.63187e-40 0.999994 2.2251e-06 0.44235 2.91012e-08
0.0698909 2.09673e-10 3.16543e-06 0.000252467 1.16012e-11 1.91033e-16 2.0967e-10 2.28922e-15 3.20149e-19 2.20209e-23 9.1669e-30 2.01693e-31 9.35364e-37 5.87864e-40 0.999994 2.33495e-06 0.44235 3.05557e-08
0.0733854 2.20156e-10 3.21635e-06 0.000252551 1.1609e-11 1.91231e-16 2.20153e-10 2.52217e-15 3.47637e-19 2.53625e-23 1.05573e-29 2.43825e-31 1.1844e-36 7.46204e-40 0.999993 2.45015e-06 0.44235 3.20822e-08
0.0770547 2.31164e-10 3.26483e-06 0.000252636 1.16167e-11 1.91442e-16 2.31161e-10 2.77876e-15 3.77636e-19 2.92146e-23 1.21603e-29 2.94795e-31 1.50006e-36 9.47319e-40 0.999993 2.57095e-06 0.44235 3.36841e-08
0.0809074 2.42722e-10 3.31077e-06 0.00025272 1.16245e-11 1.91666e-16 2.42719e-10 3.06138e-15 4.10389e-19 3.36554e-23 1.40086e-29 3.56463e-31 1.90023e-36 1.2028e-39 0.999992 2.69761e-06 0.44235 3.53652e-08
0.0849528 2.54858e-10 3.35407e-06 0.000252804 1.16322e-11 1.91905e-16 2.54855e-10 3.37267e-15 4.46157e-19 3.87752e-23 1.61398e-29 4.31081e-31 2.40765e-36 1.52737e-39 0.999992 2.83042e-06 0.442351 3.71293e-08
0.0892004 2.67601e-10 3.39464e-06 0.000252887 1.16399e-11 1.92157e-16 2.67597e-10 3.7155e-15 4.85231e-19 4.46782e-23 1.85974e-29 5.21376e-31 3.05114e-36 1.93978e-39 0.999992 2.96967e-06 0.442351 3.89804e-08
0.0936605 2.80981e-10 3.43244e-06 0.000252971 1.16476e-11 1.92424e-16 2.80977e-10 4.09305e-15 5.27928e-19 5.14844e-23 2.14314e-29 6.3065e-31 3.86732e-36 2.46382e-39 0.999991 3.11566e-06 0.442351 4.09228e-08
0.0983435 2.9503e-10 3.46744e-06 0.000253055 1.16553e-11 1.92705e-16 2.95026e-10 4.50883e-15 5.74597e-19 5.93323e-23 2.46997e-29 7.62899e-31 4.90266e-36 3.12981e-39 0.999991 3.26872e-06 0.442351 4.29608e-08
0.103261 3.09782e-10 3.49962e-06 0.000253138 1.16631e-11 1.93001e-16 3.09777e-10 4.96667e-15 6.25621e-19 6.83816e-23 2.8469e-29 9.22963e-31 6.21619e-36 3.97625e-39 0.99999 3.42917e-06 0.442351 4.50992e-08
0.108424 3.25271e-10 3.52901e-06 0.000253222 1.16708e-11 1.93312e-16 3.25265e-10 5.47081e-15 6.8142e-19 7.88163e-23 3.28163e-29 1.1167e-30 7.88277e-36 5.05208e-39 0.99999 3.59738e-06 0.442351 4.73428e-08
0.113845 3.41535e-10 3.55564e-06 0.000253307 1.16786e-11 1.93639e-16 3.41528e-10 6.02589e-15 7.42456e-19 9.08489e-23 3.78304e-29 1.35121e-30 9.99762e-36 6.41965e-39 0.999989 3.7737e-06 0.442351 4.96967e-08
0.119537 3.58611e-10 3.57958e-06 0.000253392 1.16865e-11 1.93981e-16 3.58604e-10 6.63703e-15 8.09238e-19 1.04724e-22 4.36137e-29 1.63509e-30 1.26816e-35 8.15818e-39 0.999989 3.95854e-06 0.442351 5.21663e-08
0.125514 3.76542e-10 3.60092e-06 0.000253478 1.16944e-11 1.9434e-16 3.76534e-10 7.30985e-15 8.82322e-19 1.20725e-22 5.02843e-29 1.97873e-30 1.60882e-35 1.03685e-38 0.999988 4.1523e-06 0.442351 5.47574e-08
0.13179 3.95369e-10 3.61975e-06 0.000253565 1.17024e-11 1.94716e-16 3.95361e-10 8.05053e-15 9.6232e-19 1.39176e-22 5.79785e-29 2.39473e-30 2.04123e-35 1.31787e-38 0.999988 4.35542e-06 0.442351 5.74758e-08
0.138379 4.15137e-10 3.63621e-06 0.000253653 1.17106e-11 1.95108e-16 4.15128e-10 8.86586e-15 1.04991e-18 1.60453e-22 6.68536e-29 2.89835e-30 2.59015e-35 1.67521e-38 0.999987 4.56833e-06 0.442351 6.03277e-08
0.145298 4.35894e-10 3.65044e-06 0.000253743 1.17189e-11 1.95519e-16 4.35884e-10 9.76332e-15 1.14582e-18 1.84988e-22 7.70909e-29 3.50804e-30 3.28702e-35 2.12959e-38 0.999986 4.79152e-06 0.442351 6.33198e-08
0.152563 4.57689e-10 3.66257e-06 0.000253836 1.17274e-11 1.95948e-16 4.57678e-10 1.07511e-14 1.25087e-18 2.1328e-22 8.88995e-29 4.24616e-30 4.17176e-35 2.70742e-38 0.999986 5.02548e-06 0.442351 6.64589e-08
0.160191 4.80573e-10 3.67278e-06 0.00025393 1.17362e-11 1.96395e-16 4.80561e-10 1.18382e-14 1.36594e-18 2.45903e-22 1.02521e-28 5.13977e-30 5.29511e-35 3.44227e-38 0.999985 5.27074e-06 0.442351 6.97521e-08
0.168201 5.04602e-10 3.68123e-06 0.000254027 1.17451e-11 1.96863e-16 5.04589e-10 1.30346e-14 1.49203e-18 2.8352e-22 1.18232e-28 6.22163e-30 6.72147e-35 4.37685e-38 0.999984 5.52783e-06 0.442351 7.3207e-08
0.176611 5.29832e-10 3.68809e-06 0.000254127 1.17544e-11 1.97351e-16 5.29818e-10 1.43511e-14 1.6302e-18 3.26893e-22 1.36355e-28 7.53141e-30 8.53265e-35 5.56553e-38 0.999984 5.79733e-06 0.442352 7.68316e-08
0.185441 5.56324e-10 3.69352e-06 0.000254231 1.1764e-11 1.97861e-16 5.56308e-10 1.57997e-14 1.78163e-18 3.76902e-22 1.5726e-28 9.1171e-30 1.08326e-34 7.07745e-38 0.999983 6.07984e-06 0.442352 8.06341e-08
0.194713 5.8414e-10 3.69769e-06 0.000254338 1.17739e-11 1.98394e-16 5.84122e-10 1.73935e-14 1.94763e-18 4.34558e-22 1.81372e-28 1.10368e-29 1.37532e-34 9.0006e-38 0.999982 6.376e-06 0.442352 8.46232e-08
0.204449 6.13347e-10 3.70075e-06 0.00025445 1.17842e-11 1.98951e-16 6.13328e-10 1.91469e-14 2.12961e-18 5.01029e-22 2.09184e-28 1.33609e-29 1.74621e-34 1.14469e-37 0.999981 6.68646e-06 0.442352 8.88081e-08
0.214671 6.44014e-10 3.70285e-06 0.000254566 1.1795e-11 1.99532e-16 6.43993e-10 2.10758e-14 2.32914e-18 5.77657e-22 2.41261e-28 1.61745e-29 2.21721e-34 1.45589e-37 0.99998 7.01191e-06 0.442352 9.31982e-08
0.225405 6.76215e-10 3.70413e-06 0.000254687 1.18062e-11 2.0014e-16 6.76191e-10 2.31974e-14 2.54794e-18 6.65987e-22 2.78258e-28 1.95805e-29 2.81536e-34 1.85178e-37 0.999979 7.35309e-06 0.442352 9.78035e-08
0.236675 7.10026e-10 3.70471e-06 0.000254813 1.18179e-11 2.00776e-16 7.1e-10 2.55308e-14 2.78789e-18 7.67802e-22 3.20926e-28 2.37037e-29 3.57496e-34 2.35541e-37 0.999978 7.71075e-06 0.442352 1.02635e-07
0.248509 7.45527e-10 3.7047e-06 0.000254945 1.18302e-11 2.01441e-16 7.45499e-10 2.80969e-14 3.05107e-18 8.85147e-22 3.70133e-28 2.86948e-29 4.53962e-34 2.99616e-37 0.999977 8.08568e-06 0.442352 1.07702e-07
0.260935 7.82804e-10 3.70419e-06 0.000255083 1.1843e-11 2.02136e-16 7.82772e-10 3.09186e-14 3.33974e-18 1.02038e-21 4.26878e-28 3.47363e-29 5.76464e-34 3.81135e-37 0.999976 8.47871e-06 0.442352 1.13018e-07
0.273981 8.21944e-10 3.70327e-06 0.000255227 1.18564e-11 2.02864e-16 8.21909e-10 3.4021e-14 3.65639e-18 1.17622e-21 4.92312e-28 4.20488e-29 7.3203e-34 4.84851e-37 0.999974 8.89072e-06 0.442353 1.18593e-07
0.28768 8.63041e-10 3.70201e-06 0.000255379 1.18705e-11 2.03625e-16 8.63003e-10 3.74316e-14 4.00377e-18 1.35577e-21 5.6776e-28 5.08994e-29 9.29575e-34 6.1681e-37 0.999973 9.32262e-06 0.442353 1.24441e-07
0.302064 9.06193e-10 3.70045e-06 0.000255538 1.18852e-11 2.04422e-16 9.06151e-10 4.11805e-14 4.38486e-18 1.56263e-21 6.54748e-28 6.16108e-29 1.18042e-33 7.84708e-37 0.999972 9.77535e-06 0.442353 1.30574e-07
0.317168 9.51503e-10 3.69865e-06 0.000255704 1.19007e-11 2.05256e-16 9.51457e-10 4.53007e-14 4.80296e-18 1.80092e-21 7.55033e-28 7.45733e-29 1.49893e-33 9.98334e-37 0.99997 1.02499e-05 0.442353 1.37007e-07
0.333026 9.99078e-10 3.69664e-06 0.000255878 1.1917e-11 2.06129e-16 9.99027e-10 4.98284e-14 5.26168e-18 2.07537e-21 8.70636e-28 9.02588e-29 1.90334e-33 1.27015e-36 0.999969 1.07473e-05 0.442353 1.43752e-07
0.349677 1.04903e-09 3.69444e-06 0.000256062 1.1934e-11 2.07043e-16 1.04898e-09 5.48031e-14 5.76498e-18 2.39143e-21 1.00388e-27 1.09238e-28 2.41679e-33 1.61599e-36 0.999967 1.12687e-05 0.442353 1.50826e-07
0.367161 1.10148e-09 3.69207e-06 0.000256254 1.19519e-11 2.07999e-16 1.10142e-09 6.02683e-14 6.31718e-18 2.75535e-21 1.15745e-27 1.32199e-28 3.06861e-33 2.05604e-36 0.999966 1.18152e-05 0.442354 1.58243e-07
0.385519 1.15656e-09 3.68955e-06 0.000256455 1.19707e-11 2.09e-16 1.15649e-09 6.62711e-14 6.92305e-18 3.17431e-21 1.33442e-27 1.59976e-28 3.89605e-33 2.61595e-36 0.999964 1.23879e-05 0.442354 1.6602e-07
0.404795 1.21439e-09 3.68688e-06 0.000256666 1.19905e-11 2.10048e-16 1.21431e-09 7.28635e-14 7.5878e-18 3.65653e-21 1.53833e-27 1.93575e-28 4.94633e-33 3.32836e-36 0.999962 1.29881e-05 0.442354 1.74173e-07
0.425035 1.2751e-09 3.68406e-06 0.000256888 1.20112e-11 2.11145e-16 1.27502e-09 8.0102e-14 8.31713e-18 4.21148e-21 1.77325e-27 2.3421e-28 6.27931e-33 4.23479e-36 0.99996 1.36172e-05 0.442354 1.82721e-07
0.446287 1.33886e-09 3.6811e-06 0.000257121 1.2033e-11 2.12292e-16 1.33877e-09 8.80486e-14 9.11731e-18 4.85e-21 2.04385e-27 2.8335e-28 7.97091e-33 5.38807e-36 0.999959 1.42764e-05 0.442354 1.91681e-07
0.468601 1.4058e-09 3.67799e-06 0.000257365 1.20558e-11 2.13492e-16 1.4057e-09 9.6771e-14 9.99517e-18 5.5845e-21 2.35551e-27 3.42765e-28 1.01173e-32 6.85537e-36 0.999956 1.49671e-05 0.442355 2.01073e-07
0.492031 1.47609e-09 3.67473e-06 0.000257621 1.20798e-11 2.14747e-16 1.47599e-09 1.06343e-13 1.09582e-17 6.42924e-21 2.7144e-27 4.14593e-28 1.28406e-32 8.72217e-36 0.999954 1.56908e-05 0.442355 2.10917e-07
0.516633 1.5499e-09 3.67131e-06 0.000257889 1.2105e-11 2.1606e-16 1.54978e-09 1.16845e-13 1.20147e-17 7.40052e-21 3.1276e-27 5.01415e-28 1.62951e-32 1.10971e-35 0.999952 1.6449e-05 0.442355 2.21234e-07
0.542464 1.62739e-09 3.66773e-06 0.000258171 1.21315e-11 2.17432e-16 1.62726e-09 1.28365e-13 1.31736e-17 8.51703e-21 3.60326e-27 6.06341e-28 2.06766e-32 1.41185e-35 0.99995 1.72434e-05 0.442356 2.32045e-07
0.569587 1.70876e-09 3.66398e-06 0.000258467 1.21593e-11 2.18867e-16 1.70862e-09 1.40999e-13 1.44447e-17 9.80016e-21 4.15071e-27 7.33125e-28 2.62329e-32 1.7962e-35 0.999947 1.80756e-05 0.442356 2.43373e-07
0.598067 1.7942e-09 3.66006e-06 0.000258777 1.21885e-11 2.20367e-16 1.79404e-09 1.54851e-13 1.58388e-17 1.12744e-20 4.78065e-27 8.86289e-28 3.32778e-32 2.28511e-35 0.999945 1.89473e-05 0.442356 2.55241e-07
0.62797 1.88391e-09 3.65595e-06 0.000259102 1.22191e-11 2.21934e-16 1.88374e-09 1.70036e-13 1.73677e-17 1.29676e-20 5.50538e-27 1.07129e-27 4.22083e-32 2.907e-35 0.999942 1.98603e-05 0.442356 2.67675e-07
0.659369 1.97811e-09 3.65166e-06 0.000259443 1.22513e-11 2.23571e-16 1.97792e-09 1.86678e-13 1.90443e-17 1.49119e-20 6.33896e-27 1.29468e-27 5.3527e-32 3.69797e-35 0.999939 2.08165e-05 0.442357 2.807e-07
0.692337 2.07701e-09 3.64716e-06 0.000259801 1.22851e-11 2.25281e-16 2.0768e-09 2.04911e-13 2.08826e-17 1.71437e-20 7.29753e-27 1.56439e-27 6.78694e-32 4.70393e-35 0.999936 2.18178e-05 0.442357 2.94342e-07
0.726954 2.18086e-09 3.64246e-06 0.000260176 1.23206e-11 2.27067e-16 2.18063e-09 2.24883e-13 2.2898e-17 1.97048e-20 8.39957e-27 1.88994e-27 8.6039e-32 5.98324e-35 0.999933 2.28663e-05 0.442357 3.08629e-07
0.763302 2.2899e-09 3.63754e-06 0.000260569 1.23579e-11 2.28931e-16 2.28965e-09 2.46754e-13 2.51074e-17 2.26427e-20 9.66626e-27 2.28278e-27 1.09052e-31 7.61002e-35 0.99993 2.39641e-05 0.442358 3.2359e-07
0.801467 2.4044e-09 3.6324e-06 0.000260982 1.23971e-11 2.30876e-16 2.40413e-09 2.70697e-13 2.75291e-17 2.60118e-20 1.11218e-26 2.75672e-27 1.38191e-31 9.6785e-35 0.999926 2.51134e-05 0.442358 3.39256e-07
0.84154 2.52462e-09 3.62702e-06 0.000261414 1.24382e-11 2.32906e-16 2.52432e-09 2.96901e-13 3.01832e-17 2.98738e-20 1.2794e-26 3.32832e-27 1.75079e-31 1.23083e-34 0.999923 2.63164e-05 0.442359 3.55656e-07
0.883617 2.65085e-09 3.6214e-06 0.000261868 1.24814e-11 2.35023e-16 2.65052e-09 3.25571e-13 3.30917e-17 3.42993e-20 1.47144e-26 4.01754e-27 2.21761e-31 1.56516e-34 0.999919 2.75756e-05 0.442359 3.72825e-07
0.927798 2.78339e-09 3.61553e-06 0.000262343 1.25268e-11 2.3723e-16 2.78303e-09 3.56931e-13 3.62784e-17 3.93685e-20 1.69194e-26 4.84832e-27 2.80822e-31 1.99014e-34 0.999915 2.88934e-05 0.44236 3.90794e-07
0.974188 2.92256e-09 3.60939e-06 0.000262842 1.25744e-11 2.39531e-16 2.92217e-09 3.9122e-13 3.97695e-17 4.51728e-20 1.94503e-26 5.84945e-27 3.55522e-31 2.53028e-34 0.999911 3.02724e-05 0.44236 4.09601e-07
1.0229 3.06869e-09 3.60298e-06 0.000263364 1.26244e-11 2.41928e-16 3.06826e-09 4.28702e-13 4.35935e-17 5.1816e-20 2.23546e-26 7.05546e-27 4.49969e-31 3.21673e-34 0.999907 3.17152e-05 0.442361 4.2928e-07
1.07404 3.22213e-09 3.59628e-06 0.000263911 1.2677e-11 2.44425e-16 3.22165e-09 4.6966e-13 4.77816e-17 5.94161e-20 2.56863e-26 8.50783e-27 5.69347e-31 4.08902e-34 0.999902 3.32247e-05 0.442361 4.49871e-07
1.12774 3.38323e-09 3.5893e-06 0.000264485 1.27322e-11 2.47025e-16 3.38271e-09 5.14401e-13 5.23675e-17 6.81072e-20 2.9507e-26 1.02563e-26 7.20182e-31 5.1973e-34 0.999897 3.48037e-05 0.442362 4.71412e-07
1.18413 3.55239e-09 3.582e-06 0.000265087 1.27901e-11 2.49732e-16 3.55182e-09 5.63257e-13 5.73884e-17 7.80414e-20 3.38872e-26 1.23604e-26 9.10694e-31 6.60526e-34 0.999893 3.64551e-05 0.442362 4.93945e-07
1.24334 3.73001e-09 3.57439e-06 0.000265717 1.2851e-11 2.52547e-16 3.72939e-09 6.1659e-13 6.28847e-17 8.93914e-20 3.89072e-26 1.48918e-26 1.15123e-30 8.39368e-34 0.999887 3.81822e-05 0.442363 5.17511e-07
1.3055 3.91651e-09 3.56645e-06 0.000266377 1.2915e-11 2.55476e-16 3.91583e-09 6.74788e-13 6.89003e-17 1.02353e-19 4.46586e-26 1.79359e-26 1.45481e-30 1.06651e-33 0.999882 3.99882e-05 0.442363 5.42156e-07
1.37078 4.11234e-09 3.55816e-06 0.000267069 1.29821e-11 2.5852e-16 4.11159e-09 7.38272e-13 7.54832e-17 1.17147e-19 5.12456e-26 2.15953e-26 1.8378e-30 1.35494e-33 0.999876 4.18764e-05 0.442364 5.67926e-07
1.43932 4.31796e-09 3.54953e-06 0.000267793 1.30527e-11 2.61683e-16 4.31714e-09 8.07497e-13 8.26858e-17 1.34026e-19 5.87874e-26 2.59926e-26 2.32076e-30 1.72116e-33 0.99987 4.38503e-05 0.442365 5.94868e-07
1.51128 4.53385e-09 3.54053e-06 0.000268552 1.31268e-11 2.64968e-16 4.53296e-09 8.82954e-13 9.05651e-17 1.53274e-19 6.74192e-26 3.12746e-26 2.92955e-30 2.18608e-33 0.999864 4.59136e-05 0.442366 6.23033e-07
1.58685 4.76055e-09 3.53115e-06 0.000269347 1.32046e-11 2.68378e-16 4.75957e-09 9.65174e-13 9.91834e-17 1.75211e-19 7.72954e-26 3.76168e-26 3.69659e-30 2.7762e-33 0.999858 4.80701e-05 0.442366 6.52472e-07
1.66619 4.99857e-09 3.52139e-06 0.00027018 1.32863e-11 2.71917e-16 4.99751e-09 1.05473e-12 1.08608e-16 2.00201e-19 8.85915e-26 4.52286e-26 4.66258e-30 3.52513e-33 0.999851 5.03237e-05 0.442367 6.8324e-07
1.7495 5.2485e-09 3.51122e-06 0.000271051 1.33722e-11 2.75586e-16 5.24734e-09 1.15224e-12 1.18914e-16 2.28654e-19 1.01507e-25 5.43607e-26 5.87857e-30 4.47545e-33 0.999844 5.26786e-05 0.442368 7.15393e-07
1.83698 5.51093e-09 3.50064e-06 0.000271964 1.34624e-11 2.79388e-16 5.50965e-09 1.25837e-12 1.30181e-16 2.61034e-19 1.16271e-25 6.53119e-26 7.40852e-30 5.68113e-33 0.999837 5.51391e-05 0.442369 7.48992e-07
1.92882 5.78648e-09 3.48963e-06 0.000272919 1.35572e-11 2.83328e-16 5.78508e-09 1.37383e-12 1.42497e-16 2.97864e-19 1.3314e-25 7.84392e-26 9.33257e-30 7.21055e-33 0.999829 5.77097e-05 0.44237 7.84097e-07
2.02527 6.0758e-09 3.47818e-06 0.000273919 1.36567e-11 2.87405e-16 6.07428e-09 1.49941e-12 1.55959e-16 3.39735e-19 1.52409e-25 9.41683e-26 1.1751e-29 9.15034e-33 0.999821 6.03952e-05 0.442371 8.20774e-07
2.12653 6.37959e-09 3.46627e-06 0.000274966 1.37613e-11 2.91624e-16 6.37793e-09 1.63594e-12 1.7067e-16 3.87311e-19 1.74414e-25 1.13007e-25 1.47894e-29 1.16102e-32 0.999813 6.32006e-05 0.442372 8.59092e-07
2.23286 6.69857e-09 3.4539e-06 0.000276061 1.38711e-11 2.95986e-16 6.69676e-09 1.78432e-12 1.86745e-16 4.41343e-19 1.99535e-25 1.3556e-25 1.86047e-29 1.47292e-32 0.999804 6.6131e-05 0.442373 8.9912e-07
2.3445 7.0335e-09 3.44106e-06 0.000277207 1.39865e-11 3.00493e-16 7.03152e-09 1.94552e-12 2.0431e-16 5.02679e-19 2.28205e-25 1.62549e-25 2.33932e-29 1.86832e-32 0.999795 6.91919e-05 0.442374 9.40937e-07
2.46172 7.38517e-09 3.42772e-06 0.000278405 1.41077e-11 3.05147e-16 7.38302e-09 2.12059e-12 2.23499e-16 5.72271e-19 2.60917e-25 1.94833e-25 2.93998e-29 2.36953e-32 0.999785 7.23892e-05 0.442375 9.8462e-07
2.58481 7.75443e-09 3.41389e-06 0.000279659 1.4235e-11 3.09949e-16 7.75209e-09 2.31066e-12 2.44463e-16 6.51194e-19 2.98233e-25 2.33435e-25 3.69307e-29 3.00476e-32 0.999775 7.5729e-05 0.442376 1.03025e-06
2.71405 8.14215e-09 3.39953e-06 0.00028097 1.43688e-11 3.149e-16 8.1396e-09 2.51695e-12 2.67364e-16 7.4066e-19 3.40792e-25 2.79573e-25 4.63677e-29 3.80975e-32 0.999765 7.92178e-05 0.442377 1.07793e-06
2.84975 8.54926e-09 3.38466e-06 0.000282341 1.45094e-11 3.20001e-16 8.54648e-09 2.74077e-12 2.92381e-16 8.42034e-19 3.89321e-25 3.34699e-25 5.81874e-29 4.82977e-32 0.999754 8.28625e-05 0.442378 1.12774e-06
2.99224 8.97672e-09 3.36924e-06 0.000283774 1.4657e-11 3.25253e-16 8.97369e-09 2.98356e-12 3.19709e-16 9.56856e-19 4.44648e-25 4.00538e-25 7.29839e-29 6.12212e-32 0.999743 8.66704e-05 0.44238 1.17979e-06
3.14185 9.42556e-09 3.35328e-06 0.000285271 1.48122e-11 3.30655e-16 9.42226e-09 3.24683e-12 3.49561e-16 1.08686e-18 5.07719e-25 4.79146e-25 9.14976e-29 7.75939e-32 0.999731 9.06495e-05 0.442381 1.23418e-06
3.29895 9.89683e-09 3.33677e-06 0.000286837 1.49752e-11 3.36207e-16 9.89325e-09 3.53226e-12 3.82174e-16 1.23401e-18 5.7961e-25 5.72971e-25 1.14651e-28 9.8335e-32 0.999718 9.48081e-05 0.442383 1.29103e-06
3.46389 1.03917e-08 3.31968e-06 0.000288472 1.51464e-11 3.41909e-16 1.03878e-08 3.84163e-12 4.17804e-16 1.40051e-18 6.61554e-25 6.84924e-25 1.43594e-28 1.24609e-31 0.999705 9.91553e-05 0.442384 1.35047e-06
3.63709 1.09113e-08 3.30202e-06 0.000290181 1.53263e-11 3.47759e-16 1.0907e-08 4.17689e-12 4.56735e-16 1.58885e-18 7.54954e-25 8.18474e-25 1.79758e-28 1.57892e-31 0.999692 0.000103701 0.442386 1.41262e-06
3.81894 1.14568e-08 3.28378e-06 0.000291965 1.55154e-11 3.53756e-16 1.14522e-08 4.54015e-12 4.99279e-16 1.80187e-18 8.61419e-25 9.77752e-25 2.24924e-28 2.00053e-31 0.999677 0.000108455 0.442387 1.47764e-06
4.00989 1.20297e-08 3.26494e-06 0.000293828 1.57141e-11 3.59898e-16 1.20246e-08 4.93369e-12 5.45777e-16 2.04274e-18 9.82787e-25 1.16768e-24 2.81313e-28 2.53464e-31 0.999663 0.000113429 0.442389 1.54567e-06
4.21038 1.26311e-08 3.2455e-06 0.000295773 1.59228e-11 3.66183e-16 1.26257e-08 5.35999e-12 5.96608e-16 2.31509e-18 1.12117e-24 1.39413e-24 3.51686e-28 3.21132e-31 0.999647 0.000118635 0.442391 1.61688e-06
4.4209 1.32627e-08 3.22546e-06 0.000297803 1.61422e-11 3.72607e-16 1.32568e-08 5.82173e-12 6.52189e-16 2.62299e-18 1.27898e-24 1.66409e-24 4.39484e-28 4.06872e-31 0.999631 0.000124086 0.442393 1.69147e-06
4.64195 1.39258e-08 3.20481e-06 0.000299922 1.63727e-11 3.79167e-16 1.39194e-08 6.32186e-12 7.1298e-16 2.9711e-18 1.45899e-24 1.98591e-24 5.4899e-28 5.15531e-31 0.999614 0.000129798 0.442395 1.76961e-06
4.87404 1.46221e-08 3.18355e-06 0.000302132 1.66149e-11 3.85859e-16 1.46151e-08 6.86354e-12 7.79488e-16 3.36469e-18 1.66441e-24 2.36958e-24 6.85538e-28 6.53261e-31 0.999596 0.000135784 0.442397 1.85154e-06
5.11775 1.53532e-08 3.16167e-06 0.000304437 1.68694e-11 3.92678e-16 1.53456e-08 7.45025e-12 8.52276e-16 3.80975e-18 1.8989e-24 2.82701e-24 8.55776e-28 8.2789e-31 0.999577 0.000142064 0.442399 1.93748e-06
5.37363 1.61208e-08 3.13918e-06 0.000306841 1.71369e-11 3.99619e-16 1.61126e-08 8.08578e-12 9.31967e-16 4.3131e-18 2.16671e-24 3.37246e-24 1.06799e-27 1.04937e-30 0.999557 0.000148653 0.442402 2.02769e-06
5.64232 1.69269e-08 3.11606e-06 0.000309347 1.7418e-11 4.06677e-16 1.69179e-08 8.77426e-12 1.01925e-15 4.88253e-18 2.47274e-24 4.02301e-24 1.33251e-27 1.33038e-30 0.999537 0.000155574 0.442404 2.12244e-06
5.92443 1.77732e-08 3.09233e-06 0.000311959 1.77134e-11 4.13845e-16 1.77635e-08 9.52019e-12 1.11489e-15 5.52691e-18 2.82265e-24 4.79916e-24 1.66224e-27 1.68709e-30 0.999515 0.000162849 0.442407 2.22205e-06
6.22065 1.86618e-08 3.06799e-06 0.000314681 1.80238e-11 4.21118e-16 1.86513e-08 1.03285e-11 1.21975e-15 6.2564e-18 3.223e-24 5.72549e-24 2.07328e-27 2.14011e-30 0.999492 0.0001705 0.442409 2.32683e-06
6.53169 1.95949e-08 3.04304e-06 0.000317516 1.83501e-11 4.28487e-16 1.95835e-08 1.12046e-11 1.33475e-15 7.08261e-18 3.68139e-24 6.83157e-24 2.58576e-27 2.7158e-30 0.999468 0.000178555 0.442412 2.43717e-06
6.85827 2.05746e-08 3.01748e-06 0.000320469 1.86931e-11 4.35945e-16 2.05623e-08 1.21544e-11 1.46096e-15 8.01885e-18 4.20667e-24 8.15297e-24 3.22488e-27 3.44785e-30 0.999442 0.000187042 0.442415 2.55344e-06
7.20118 2.16033e-08 2.99132e-06 0.000323544 1.90535e-11 4.43485e-16 2.15899e-08 1.31844e-11 1.59954e-15 9.08041e-18 4.80911e-24 9.73259e-24 4.0222e-27 4.37945e-30 0.999415 0.000195994 0.442418 2.67609e-06
7.56124 2.26834e-08 2.96457e-06 0.000326744 1.94323e-11 4.51097e-16 2.26689e-08 1.43016e-11 1.75181e-15 1.02848e-17 5.50069e-24 1.16222e-23 5.01729e-27 5.56599e-30 0.999387 0.000205443 0.442421 2.8056e-06
7.9393 2.38175e-08 2.93723e-06 0.000330074 1.98304e-11 4.58773e-16 2.38018e-08 1.55139e-11 1.9192e-15 1.16523e-17 6.29538e-24 1.38845e-23 6.25987e-27 7.07865e-30 0.999357 0.000215429 0.442425 2.94247e-06
8.33627 2.50083e-08 2.90933e-06 0.000333539 2.02489e-11 4.66503e-16 2.49912e-08 1.68297e-11 2.10334e-15 1.32062e-17 7.2095e-24 1.65953e-23 7.81243e-27 9.00903e-30 0.999326 0.000225992 0.442429 3.08728e-06
8.75308 2.62587e-08 2.88087e-06 0.000337142 2.06888e-11 4.74277e-16 2.62401e-08 1.82586e-11 2.30604e-15 1.4974e-17 8.26256e-24 1.98469e-23 9.75384e-27 1.14753e-29 0.999292 0.000237182 0.442433 3.24073e-06
9.19074 2.75715e-08 2.85186e-06 0.000340888 2.11512e-11 4.82087e-16 2.75514e-08 1.98108e-11 2.52932e-15 1.69849e-17 9.47593e-24 2.37508e-23 1.21832e-26 1.463e-29 0.999257 0.000249036 0.442437 3.4033e-06
9.65027 2.895e-08 2.82232e-06 0.000344782 2.16372e-11 4.89921e-16 2.89282e-08 2.14976e-11 2.77545e-15 1.9276e-17 1.08765e-23 2.84431e-23 1.52261e-26 1.86705e-29 0.999219 0.000261616 0.442441 3.57588e-06
10.1328 3.03974e-08 2.79227e-06 0.000348828 2.21481e-11 4.97769e-16 3.03737e-08 2.33314e-11 3.04693e-15 2.18885e-17 1.2495e-23 3.40898e-23 1.90413e-26 2.3853e-29 0.999179 0.000274981 0.442446 3.75926e-06
10.6394 3.19172e-08 2.76173e-06 0.000353031 2.26851e-11 5.05621e-16 3.18914e-08 2.53261e-11 3.3466e-15 2.48705e-17 1.43676e-23 4.08937e-23 2.38302e-26 3.05101e-29 0.999136 0.000289195 0.442451 3.95432e-06
11.1714 3.35129e-08 2.73071e-06 0.000357396 2.32496e-11 5.13465e-16 3.34849e-08 2.74965e-11 3.67762e-15 2.82775e-17 1.65369e-23 4.91026e-23 2.98486e-26 3.90749e-29 0.999091 0.000304328 0.442456 4.16204e-06
11.73 3.51883e-08 2.69923e-06 0.000361928 2.3843e-11 5.21292e-16 3.5158e-08 2.98594e-11 4.04353e-15 3.21741e-17 1.90531e-23 5.90205e-23 3.7422e-26 5.01129e-29 0.999042 0.000320457 0.442462 4.38348e-06
12.3165 3.69476e-08 2.66732e-06 0.000366632 2.44667e-11 5.29091e-16 3.69146e-08 3.24329e-11 4.4483e-15 3.66351e-17 2.19755e-23 7.10201e-23 4.69653e-26 6.43632e-29 0.998991 0.000337665 0.442468 4.6198e-06
12.9323 3.87947e-08 2.635e-06 0.000371512 2.51225e-11 5.3685e-16 3.87589e-08 3.5237e-11 4.89636e-15 4.17476e-17 2.53739e-23 8.55598e-23 5.90084e-26 8.27946e-29 0.998935 0.000356044 0.442474 4.87226e-06
13.5789 4.07342e-08 2.6023e-06 0.000376574 2.58118e-11 5.4456e-16 4.06953e-08 3.8294e-11 5.3927e-15 4.76126e-17 2.93309e-23 1.03204e-22 7.42293e-26 1.0668e-28 0.998876 0.000375695 0.442481 5.14224e-06
14.2579 4.27706e-08 2.56923e-06 0.000381823 2.65365e-11 5.52209e-16 4.27283e-08 4.16279e-11 5.9429e-15 5.43479e-17 3.39441e-23 1.24647e-22 9.34972e-26 1.37693e-28 0.998813 0.000396726 0.442489 5.43126e-06
14.9707 4.49088e-08 2.53583e-06 0.000387264 2.72983e-11 5.59789e-16 4.48628e-08 4.52656e-11 6.55324e-15 6.209e-17 3.93291e-23 1.50749e-22 1.17928e-25 1.78045e-28 0.998745 0.000419256 0.442497 5.74098e-06
15.7193 4.71539e-08 2.50213e-06 0.000392904 2.80992e-11 5.67288e-16 4.71039e-08 4.92364e-11 7.23076e-15 7.09984e-17 4.56228e-23 1.8257e-22 1.48958e-25 2.30657e-28 0.998673 0.000443417 0.442505 6.07319e-06
16.5052 4.95112e-08 2.46814e-06 0.000398746 2.89411e-11 5.74698e-16 4.94567e-08 5.35729e-11 7.98333e-15 8.12583e-17 5.29872e-23 2.21424e-22 1.88435e-25 2.99398e-28 0.998595 0.00046935 0.442514 6.42988e-06
17.3305 5.19863e-08 2.43389e-06 0.000404797 2.98262e-11 5.82008e-16 5.1927e-08 5.83106e-11 8.81985e-15 9.30857e-17 6.16146e-23 2.68938e-22 2.38748e-25 3.89406e-28 0.998511 0.000497211 0.442524 6.81318e-06
18.197 5.4585e-08 2.39943e-06 0.000411062 3.07566e-11 5.89211e-16 5.45205e-08 6.34889e-11 9.75026e-15 1.06732e-16 7.17331e-23 3.2713e-22 3.02981e-25 5.07517e-28 0.998421 0.000527169 0.442535 7.22547e-06
19.1069 5.73137e-08 2.36476e-06 0.000417547 3.17348e-11 5.96298e-16 5.72434e-08 6.9151e-11 1.07858e-14 1.22491e-16 8.36134e-23 3.98509e-22 3.85129e-25 6.6284e-28 0.998324 0.00055941 0.442546 7.66931e-06
20.0622 6.01787e-08 2.32994e-06 0.000424257 3.27632e-11 6.0326e-16 6.01022e-08 7.53444e-11 1.1939e-14 1.40702e-16 9.75768e-23 4.86189e-22 4.90369e-25 8.67541e-28 0.998219 0.000594135 0.442558 8.1475e-06
21.0653 6.31869e-08 2.29497e-06 0.0004312 3.38443e-11 6.10091e-16 6.31035e-08 8.21218e-11 1.3224e-14 1.61766e-16 1.14005e-22 5.94048e-22 6.25423e-25 1.1379e-27 0.998106 0.000631565 0.442572 8.66313e-06
22.1186 6.63454e-08 2.25989e-06 0.000438379 3.49808e-11 6.16783e-16 6.62545e-08 8.95408e-11 1.46567e-14 1.86145e-16 1.33352e-22 7.26914e-22 7.99026e-25 1.49572e-27 0.997984 0.000671941 0.442586 9.21952e-06
23.2245 6.96618e-08 2.22474e-06 0.000445803 3.61757e-11 6.23331e-16 6.95626e-08 9.76651e-11 1.62551e-14 2.14379e-16 1.56158e-22 8.90802e-22 1.02254e-24 1.9703e-27 0.997853 0.000715526 0.442601 9.82035e-06
24.3858 7.31438e-08 2.18954e-06 0.000453475 3.74318e-11 6.29728e-16 7.30356e-08 1.06565e-10 1.80392e-14 2.471e-16 1.83062e-22 1.09321e-21 1.31079e-24 2.60102e-27 0.997711 0.000762604 0.442618 1.04696e-05
25.6051 7.67998e-08 2.15431e-06 0.000461404 3.87523e-11 6.35968e-16 7.66817e-08 1.16317e-10 2.00318e-14 2.85041e-16 2.14827e-22 1.34351e-21 1.68307e-24 3.4409e-27 0.997557 0.00081349 0.442636 1.11717e-05
26.8853 8.06385e-08 2.11909e-06 0.000469595 4.01405e-11 6.42049e-16 8.05096e-08 1.27007e-10 2.22583e-14 3.29058e-16 2.52362e-22 1.65339e-21 2.16459e-24 4.56146e-27 0.99739 0.000868522 0.442656 1.19312e-05
28.2296 8.4669e-08 2.08391e-06 0.000478054 4.15999e-11 6.47964e-16 8.45282e-08 1.38729e-10 2.47475e-14 3.8015e-16 2.96743e-22 2.03743e-21 2.78828e-24 6.05928e-27 0.99721 0.000928072 0.442677 1.27535e-05
29.641 8.89029e-08 2.04879e-06 0.000486789 4.3134e-11 6.53724e-16 8.87489e-08 1.51612e-10 2.75366e-14 4.3549e-16 3.46245e-22 2.50643e-21 3.58303e-24 8.04551e-27 0.997028 0.000988216 0.442698 1.35846e-05
31.1231 9.33495e-08 2.01376e-06 0.000495805 4.47468e-11 6.5932e-16 9.31812e-08 1.65765e-10 3.06611e-14 4.95593e-16 4.01413e-22 3.05965e-21 4.58866e-24 1.06547e-26 0.996829 0.00105384 0.442721 1.44916e-05
32.6793 9.80185e-08 1.97884e-06 0.000505109 4.64422e-11 6.64743e-16 9.78345e-08 1.8129e-10 3.41581e-14 5.69075e-16 4.69476e-22 3.7392e-21 5.87312e-24 1.41026e-26 0.996606 0.00112727 0.442748 1.55069e-05
34.3132 1.02921e-07 1.94406e-06 0.000514709 4.82244e-11 6.69992e-16 1.0272e-07 1.98329e-10 3.80745e-14 6.56718e-16 5.51991e-22 4.5857e-21 7.52419e-24 1.86789e-26 0.996362 0.00120771 0.442776 1.66197e-05
36.0289 1.08069e-07 1.90944e-06 0.000524611 5.00979e-11 6.75065e-16 1.07848e-07 2.17037e-10 4.24629e-14 7.5881e-16 6.50033e-22 5.63981e-21 9.65718e-24 2.47794e-26 0.996096 0.00129519 0.442807 1.78307e-05
37.8303 1.13474e-07 1.87501e-06 0.000534822 5.20673e-11 6.79962e-16 1.13232e-07 2.37585e-10 4.73826e-14 8.78879e-16 7.67455e-22 6.95893e-21 1.24287e-23 3.29568e-26 0.995807 0.00139013 0.442841 1.91456e-05
39.7218 1.19149e-07 1.84079e-06 0.00054535 5.41375e-11 6.84682e-16 1.18885e-07 2.60159e-10 5.29003e-14 1.01947e-15 9.07656e-22 8.61177e-21 1.60438e-23 4.39669e-26 0.995493 0.00149309 0.442878 2.05728e-05
41.7079 1.25108e-07 1.8068e-06 0.000556201 5.63137e-11 6.89225e-16 1.24819e-07 2.84965e-10 5.90913e-14 1.18376e-15 1.07481e-21 1.06831e-20 2.07712e-23 5.88422e-26 0.995152 0.00160477 0.442918 2.21216e-05
43.7933 1.31365e-07 1.77307e-06 0.000567384 5.86011e-11 6.93593e-16 1.31048e-07 3.12232e-10 6.60403e-14 1.37562e-15 1.27403e-21 1.32788e-20 2.69626e-23 7.89904e-26 0.994781 0.00172589 0.442962 2.38028e-05
45.983 1.37935e-07 1.7396e-06 0.000578906 6.10055e-11 6.97786e-16 1.37588e-07 3.42208e-10 7.3843e-14 1.59963e-15 1.51149e-21 1.65316e-20 3.50782e-23 1.06329e-25 0.994379 0.00185727 0.443009 2.56276e-05
48.2821 1.44832e-07 1.70642e-06 0.000590774 6.35313e-11 7.01773e-16 1.44452e-07 3.75106e-10 8.25613e-14 1.87339e-15 1.81275e-21 2.06663e-20 4.58114e-23 1.43624e-25 0.993928 0.00200408 0.443062 2.76682e-05
50.6963 1.52075e-07 1.67355e-06 0.000602997 6.61875e-11 7.05616e-16 1.51658e-07 4.11308e-10 9.23926e-14 2.18581e-15 2.15812e-21 2.58715e-20 5.99628e-23 1.94589e-25 0.993447 0.0021603 0.443119 2.98417e-05
53.2311 1.59679e-07 1.641e-06 0.000615582 6.89794e-11 7.09289e-16 1.59222e-07 4.5114e-10 1.03444e-13 2.54727e-15 2.56781e-21 3.23884e-20 7.85849e-23 2.64191e-25 0.992927 0.00232881 0.44318 3.21882e-05
55.8926 1.67663e-07 1.60879e-06 0.000628539 7.19138e-11 7.12796e-16 1.67162e-07 4.94968e-10 1.15871e-13 2.96725e-15 3.05446e-21 4.0529e-20 1.03025e-22 3.59086e-25 0.992363 0.00251124 0.443246 3.47311e-05
58.6872 1.76047e-07 1.57693e-06 0.000641874 7.4998e-11 7.16139e-16 1.75497e-07 5.43194e-10 1.29845e-13 3.45523e-15 3.63291e-21 5.06768e-20 1.35009e-22 4.88179e-25 0.99175 0.0027089 0.443318 3.74886e-05
61.6216 1.8485e-07 1.54544e-06 0.000655598 7.82394e-11 7.1932e-16 1.84246e-07 5.96266e-10 1.45564e-13 4.01901e-15 4.31766e-21 6.32424e-20 1.76653e-22 6.63077e-25 0.991083 0.00292298 0.443397 4.04782e-05
64.7027 1.94093e-07 1.51432e-06 0.000669718 8.16461e-11 7.22344e-16 1.9343e-07 6.54677e-10 1.6325e-13 4.64906e-15 5.10852e-21 7.82647e-20 2.29714e-22 8.96265e-25 0.990359 0.00315465 0.443482 4.37162e-05
67.9378 2.03798e-07 1.48359e-06 0.000684243 8.52263e-11 7.25213e-16 2.03071e-07 7.1897e-10 1.83153e-13 5.49474e-15 6.15493e-21 9.91479e-20 3.0223e-22 1.22174e-24 0.989572 0.00340563 0.443575 4.7231e-05
71.3347 2.13989e-07 1.45326e-06 0.000699183 8.89889e-11 7.27932e-16 2.13189e-07 7.89748e-10 2.05557e-13 6.56808e-15 7.48958e-21 1.29343e-19 4.0798e-22 1.70172e-24 0.988717 0.00367746 0.443675 5.1047e-05
74.9015 2.24689e-07 1.42333e-06 0.000714547 9.2943e-11 7.30503e-16 2.23811e-07 8.67669e-10 2.30781e-13 7.71267e-15 8.98654e-21 1.67026e-19 5.53803e-22 2.39222e-24 0.987789 0.00397097 0.443785 5.5171e-05
78.6465 2.35924e-07 1.39381e-06 0.000730344 9.70983e-11 7.3293e-16 2.34959e-07 9.53464e-10 2.59184e-13 8.92097e-15 1.06528e-20 2.09423e-19 7.37957e-22 3.32481e-24 0.986783 0.00428713 0.443903 5.96139e-05
