#time fluence Helium_content Vacancy_content Interstitial_content Helium_bulk Vacancy_bulk Interstitial_bulk Helium_surface Vacancy_surface Interstitial_surface 
0 0 0 0 0 0 0 0 0 0 0 
1e-10 1e-07 9.37218e-08 0 0 0 0 0 0 0 0 
2.1e-10 2.1e-07 1.89213e-07 0 0 0 0 0 1.16687e-08 0 0 
3.31e-10 3.31e-07 2.88787e-07 0 0 0 0 0 3.04057e-08 0 0 
4.641e-10 4.641e-07 3.93304e-07 0 0 0 0 0 5.64368e-08 0 0 
6.1051e-10 6.1051e-07 5.03431e-07 0 0 0 0 0 9.01585e-08 0 0 
7.71561e-10 7.71561e-07 6.1974e-07 0 0 0 0 0 1.32269e-07 0 0 
9.48717e-10 9.48717e-07 7.42765e-07 0 0 0 0 0 1.83654e-07 0 0 
1.14359e-09 1.14359e-06 8.73024e-07 0 0 0 0 0 2.45366e-07 0 0 
1.35795e-09 1.35795e-06 1.01104e-06 0 0 0 0 0 3.18627e-07 0 0 
1.59374e-09 1.59374e-06 1.15733e-06 0 0 0 0 0 4.0483e-07 0 0 
1.85312e-09 1.85312e-06 1.31243e-06 0 0 0 0 0 5.05551e-07 0 0 
2.13843e-09 2.13843e-06 1.47691e-06 0 0 0 0 0 6.22567e-07 0 0 
2.45227e-09 2.45227e-06 1.65131e-06 0 0 0 0 0 7.57871e-07 0 0 
2.7975e-09 2.7975e-06 1.83625e-06 0 0 0 0 0 9.13693e-07 0 0 
3.17725e-09 3.17725e-06 2.03231e-06 0 0 0 0 0 1.09253e-06 0 0 
3.59497e-09 3.59497e-06 2.24014e-06 0 0 0 0 0 1.29716e-06 0 0 
4.05447e-09 4.05447e-06 2.46038e-06 0 0 0 0 0 1.53069e-06 0 0 
4.55992e-09 4.55992e-06 2.69372e-06 0 0 0 0 0 1.79658e-06 0 0 
5.11591e-09 5.11591e-06 2.94085e-06 0 0 0 0 0 2.09867e-06 0 0 
5.7275e-09 5.7275e-06 3.20251e-06 0 0 0 0 0 2.44124e-06 0 0 
6.40025e-09 6.40025e-06 3.47945e-06 0 0 0 0 0 2.82903e-06 0 0 
7.14027e-09 7.14027e-06 3.77245e-06 0 0 0 0 0 3.26732e-06 0 0 
7.9543e-09 7.9543e-06 4.08234e-06 0 0 0 0 0 3.76195e-06 0 0 
8.84973e-09 8.84973e-06 4.40995e-06 0 0 0 0 0 4.31942e-06 0 0 
9.83471e-09 9.83471e-06 4.75617e-06 0 0 0 0 0 4.94692e-06 0 0 
1.09182e-08 1.09182e-05 5.1219e-06 0 0 0 0 0 5.65239e-06 0 0 
1.211e-08 1.211e-05 5.50809e-06 0 0 0 0 0 6.44466e-06 0 0 
1.3421e-08 1.3421e-05 5.91574e-06 0 0 0 0 0 7.33348e-06 0 0 
1.48631e-08 1.48631e-05 6.34587e-06 0 0 0 0 0 8.32964e-06 0 0 
1.64494e-08 1.64494e-05 6.79956e-06 0 0 0 0 0 9.44506e-06 0 0 
1.81943e-08 1.81943e-05 7.27792e-06 0 0 0 0 0 1.06929e-05 0 0 
2.01138e-08 2.01138e-05 7.78211e-06 0 0 0 0 0 1.20878e-05 0 0 
2.22252e-08 2.22252e-05 8.31337e-06 0 0 0 0 0 1.36458e-05 0 0 
2.45477e-08 2.45477e-05 8.87295e-06 0 0 0 0 0 1.53847e-05 0 0 
2.71024e-08 2.71024e-05 9.46219e-06 0 0 0 0 0 1.7324e-05 0 0 
2.99127e-08 2.99127e-05 1.00825e-05 0 0 0 0 0 1.94855e-05 0 0 
3.30039e-08 3.30039e-05 1.07353e-05 0 0 0 0 0 2.18931e-05 0 0 
3.64043e-08 3.64043e-05 1.14221e-05 0 0 0 0 0 2.4573e-05 0 0 
4.01448e-08 4.01448e-05 1.21446e-05 0 0 0 0 0 2.75544e-05 0 0 
4.42593e-08 4.42593e-05 1.29044e-05 0 0 0 0 0 3.08693e-05 0 0 
4.87852e-08 4.87852e-05 1.37033e-05 0 0 0 0 0 3.45531e-05 0 0 
5.37637e-08 5.37637e-05 1.45431e-05 0 0 0 0 0 3.86448e-05 0 0 
5.92401e-08 5.92401e-05 1.54257e-05 0 0 0 0 0 4.31874e-05 0 0 
6.52641e-08 6.52641e-05 1.63532e-05 0 0 0 0 0 4.82282e-05 0 0 
7.18905e-08 7.18905e-05 1.73277e-05 0 0 0 0 0 5.38196e-05 0 0 
7.91795e-08 7.91795e-05 1.83514e-05 0 0 0 0 0 6.0019e-05 0 0 
8.71975e-08 8.71975e-05 1.94267e-05 0 0 0 0 0 6.689e-05 0 0 
9.60172e-08 9.60172e-05 2.05533e-05 0 0 0 0 0 7.45023e-05 0 0 
1.05719e-07 0.000105719 2.17372e-05 0 0 0 0 0 8.29357e-05 0 0 
1.16391e-07 0.000116391 2.29809e-05 0 0 0 0 0 9.22715e-05 0 0 
1.2813e-07 0.00012813 2.4287e-05 0 0 0 0 0 0.000102604 0 0 
1.41043e-07 0.000141043 2.56584e-05 0 0 0 0 0 0.000114035 0 0 
1.55247e-07 0.000155247 2.7098e-05 0 0 0 0 0 0.00012668 0 0 
1.70872e-07 0.000170872 2.86092e-05 0 0 0 0 0 0.000140663 0 0 
1.88059e-07 0.000188059 3.01954e-05 0 0 0 0 0 0.000156121 0 0 
2.06965e-07 0.000206965 3.18602e-05 0 0 0 0 0 0.000173207 0 0 
2.27762e-07 0.000227762 3.36073e-05 0 0 0 0 0 0.000192087 0 0 
2.50638e-07 0.000250638 3.54408e-05 0 0 0 0 0 0.000212944 0 0 
2.75801e-07 0.000275801 3.73647e-05 0 0 0 0 0 0.000235982 0 0 
3.03482e-07 0.000303482 3.93834e-05 0 0 0 0 0 0.000261422 0 0 
3.3393e-07 0.00033393 4.15016e-05 0 0 0 0 0 0.000289511 0 0 
3.67423e-07 0.000367423 4.37241e-05 0 0 0 0 0 0.000320518 0 0 
4.04265e-07 0.000404265 4.60478e-05 0 0 0 0 0 0.00035474 0 0 
4.44792e-07 0.000444792 4.8489e-05 0 0 0 0 0 0.000392513 0 0 
4.89371e-07 0.000489371 5.1052e-05 0 0 0 0 0 0.000434185 0 0 
5.38408e-07 0.000538408 5.37415e-05 0 0 0 0 0 0.000480156 0 0 
5.92349e-07 0.000592349 5.65635e-05 0 0 0 0 0 0.000530863 0 0 
6.51683e-07 0.000651683 5.95242e-05 0 0 0 0 0 0.000586787 0 0 
7.16952e-07 0.000716952 6.26302e-05 0 0 0 0 0 0.000648456 0 0 
7.88747e-07 0.000788747 6.58886e-05 0 0 0 0 0 0.000716453 0 0 
8.67722e-07 0.000867722 6.93067e-05 0 0 0 0 0 0.000791419 0 0 
9.54594e-07 0.000954594 7.28777e-05 0 0 0 0 0 0.000874058 0 0 
1.05015e-06 0.00105015 7.66303e-05 0 0 0 0 0 0.000965159 0 0 
1.15527e-06 0.00115527 8.05699e-05 0 0 0 0 0 0.00106556 0 0 
1.2709e-06 0.0012709 8.47036e-05 0 0 0 0 0 0.0011762 0 0 
1.39808e-06 0.00139808 8.90403e-05 0 0 0 0 0 0.00129812 0 0 
1.53799e-06 0.00153799 9.35896e-05 0 0 0 0 0 0.00143246 0 0 
1.69189e-06 0.00169189 9.83423e-05 0 0 0 0 0 0.00158047 0 0 
1.86118e-06 0.00186118 0.000103337 0 0 0 0 0 0.00174354 0 0 
2.0474e-06 0.0020474 0.000108581 0 0 0 0 0 0.00192317 0 0 
2.25224e-06 0.00225224 0.000114082 0 0 0 0 0 0.00212103 0 0 
2.47756e-06 0.00247756 0.000119854 0 0 0 0 0 0.00233897 0 0 
2.72542e-06 0.00272542 0.00012588 0 0 0 0 0 0.00257899 0 0 
2.99806e-06 0.00299806 0.000132216 0 0 0 0 0 0.00284336 0 0 
3.29797e-06 0.00329797 0.000138868 0 0 0 0 0 0.00313448 0 0 
3.62787e-06 0.00362787 0.000145847 0 0 0 0 0 0.00345505 0 0 
3.99075e-06 0.00399075 0.00015312 0 0 0 0 0 0.00380804 0 0 
4.38993e-06 0.00438993 0.00016079 0 0 0 0 0 0.00419671 0 0 
4.82902e-06 0.00482902 0.000168836 0 0 0 0 0 0.00462466 0 0 
5.31202e-06 0.00531202 0.000177228 0 0 0 0 0 0.00509582 0 0 
5.84332e-06 0.00584332 0.000186073 0 0 0 0 0 0.00561452 0 0 
6.42776e-06 0.00642776 0.000195352 0 0 0 0 0 0.00618558 0 0 
7.07063e-06 0.00707063 0.000205039 0 0 0 0 0 0.00681421 0 0 
7.7778e-06 0.0077778 0.000215227 0 0 0 0 0 0.00750625 0 0 
8.55568e-06 0.00855568 0.000225923 0 0 0 0 0 0.00826801 0 0 
9.41134e-06 0.00941134 0.000237081 0 0 0 0 0 0.00910649 0 0 
1.03526e-05 0.0103526 0.000248823 0 0 0 0 0 0.0100294 0 0 
1.13879e-05 0.0113879 0.000261078 0 0 0 0 0 0.0110453 0 0 
1.25268e-05 0.0125268 0.000274 0 0 0 0 0 0.0121633 0 0 
1.37796e-05 0.0137796 0.000287494 0 0 0 0 0 0.0133939 0 0 
1.51577e-05 0.0151577 0.000301688 0 0 0 0 0 0.0147482 0 0 
1.66735e-05 0.0166735 0.000316512 0 0 0 0 0 0.0162387 0 0 
1.8341e-05 0.018341 0.000332112 0 0 0 0 0 0.017879 0 0 
2.01752e-05 0.0201752 0.00034836 0 0 0 0 0 0.0196842 0 0 
2.21928e-05 0.0221928 0.000365523 0 0 0 0 0 0.0216707 0 0 
2.44122e-05 0.0244122 0.000383371 0 0 0 0 0 0.0238568 0 0 
2.68535e-05 0.0268535 0.000402237 0 0 0 0 0 0.0262624 0 0 
2.9539e-05 0.029539 0.000421891 0 0 0 0 0 0.0289096 0 0 
3.2493e-05 0.032493 0.000442594 0 0 0 0 0 0.0318227 0 0 
3.57424e-05 0.0357424 0.000464171 0 0 0 0 0 0.035028 0 0 
3.93167e-05 0.0393167 0.000486838 0 0 0 0 0 0.0385551 0 0 
4.32485e-05 0.0432485 0.000510585 0 0 0 0 0 0.0424363 0 0 
4.75734e-05 0.0475734 0.000535473 0 0 0 0 0 0.0467068 0 0 
5.23309e-05 0.0523309 0.000561523 0 0 0 0 0 0.0514056 0 0 
5.7564e-05 0.057564 0.000588789 0 0 0 0 0 0.0565756 0 0 
6.33205e-05 0.0633205 0.000617144 0 0 0 0 0 0.0622641 0 0 
6.96527e-05 0.0696527 0.00064574 0 0 0 0 0 0.0685236 0 0 
7.66181e-05 0.0766181 0.000672264 0 0 0 0 0 0.0754127 0 0 
8.428e-05 0.08428 0.000692232 0 0 0 0 0 0.0829977 0 0 
9.27081e-05 0.0927081 0.000700063 0 0 0 0 0 0.0913536 0 0 
0.000101979 0.101979 0.000692285 0 0 0 0 0 0.100562 0 0 
0.000111979 0.111979 0.000670642 0 0 0 0 0 0.110511 0 0 
0.000121979 0.121979 0.000643173 0 0 0 0 0 0.120469 0 0 
0.000131979 0.131979 0.000615876 0 0 0 0 0 0.130429 0 0 
0.000141979 0.141979 0.000591881 0 0 0 0 0 0.140387 0 0 
0.000151979 0.151979 0.000572349 0 0 0 0 0 0.150341 0 0 
0.000161979 0.161979 0.000557291 0 0 0 0 0 0.160291 0 0 
0.000171979 0.171979 0.00054626 0 0 0 0 0 0.170236 0 0 
0.000181979 0.181979 0.000538673 0 0 0 0 0 0.180178 0 0 
0.000191979 0.191979 0.00053396 0 0 0 0 0 0.190117 0 0 
0.000201979 0.201979 0.00053162 0 0 0 0 0 0.200053 0 0 
0.000211979 0.211979 0.000531235 0 0 0 0 0 0.209986 0 0 
0.000221979 0.221979 0.000532459 0 0 0 0 0 0.219918 0 0 
0.000231979 0.231979 0.000535014 0 0 0 0 0 0.229849 0 0 
0.000241979 0.241979 0.000538672 0 0 0 0 0 0.239778 0 0 
0.000251979 0.251979 0.000543252 0 0 0 0 0 0.249707 0 0 
0.000261979 0.261979 0.000548603 0 0 0 0 0 0.259634 0 0 
0.000271979 0.271979 0.000554602 0 0 0 0 0 0.269561 0 0 
0.000281979 0.281979 0.000561154 0 0 0 0 0 0.279488 0 0 
0.000291979 0.291979 0.000568171 0 0 0 0 0 0.289413 0 0 
0.000301979 0.301979 0.000575584 0 0 0 0 0 0.299339 0 0 
0.000311979 0.311979 0.000583337 0 0 0 0 0 0.309264 0 0 
0.000321979 0.321979 0.000591381 0 0 0 0 0 0.319188 0 0 
0.000331979 0.331979 0.000599676 0 0 0 0 0 0.329113 0 0 
0.000341979 0.341979 0.000608185 0 0 0 0 0 0.339037 0 0 
0.000351979 0.351979 0.000616879 0 0 0 0 0 0.348961 0 0 
0.000361979 0.361979 0.000625733 0 0 0 0 0 0.358885 0 0 
0.000371979 0.371979 0.000634725 0 0 0 0 0 0.368808 0 0 
0.000381979 0.381979 0.000643836 0 0 0 0 0 0.378732 0 0 
0.000391979 0.391979 0.000653049 0 0 0 0 0 0.388655 0 0 
0.000401979 0.401979 0.000662349 0 0 0 0 0 0.398579 0 0 
0.000411979 0.411979 0.000671725 0 0 0 0 0 0.408502 0 0 
0.000421979 0.421979 0.000681165 0 0 0 0 0 0.418425 0 0 
0.000431979 0.431979 0.000690659 0 0 0 0 0 0.428348 0 0 
0.000441979 0.441979 0.0007002 0 0 0 0 0 0.438271 0 0 
0.000451979 0.451979 0.000709778 0 0 0 0 0 0.448195 0 0 
0.000461979 0.461979 0.000719388 0 0 0 0 0 0.458118 0 0 
0.000471979 0.471979 0.000729024 0 0 0 0 0 0.468041 0 0 
0.000481979 0.481979 0.00073868 0 0 0 0 0 0.477963 0 0 
0.000491979 0.491979 0.000748352 0 0 0 0 0 0.487886 0 0 
0.000501979 0.501979 0.000758035 0 0 0 0 0 0.497809 0 0 
0.000511979 0.511979 0.000767726 0 0 0 0 0 0.507732 0 0 
0.000521979 0.521979 0.000777421 0 0 0 0 0 0.517655 0 0 
0.000531979 0.531979 0.000787118 0 0 0 0 0 0.527578 0 0 
0.000541979 0.541979 0.000796813 0 0 0 0 0 0.537501 0 0 
0.000551979 0.551979 0.000806504 0 0 0 0 0 0.547424 0 0 
0.000561979 0.561979 0.000816188 0 0 0 0 0 0.557347 0 0 
0.000571979 0.571979 0.000825865 0 0 0 0 0 0.56727 0 0 
0.000581979 0.581979 0.000835532 0 0 0 0 0 0.577193 0 0 
0.000591979 0.591979 0.000845187 0 0 0 0 0 0.587116 0 0 
0.000601979 0.601979 0.000854829 0 0 0 0 0 0.597039 0 0 
0.000611979 0.611979 0.000864457 0 0 0 0 0 0.606962 0 0 
0.000621979 0.621979 0.00087407 0 0 0 0 0 0.616885 0 0 
0.000631979 0.631979 0.000883666 0 0 0 0 0 0.626808 0 0 
0.000641979 0.641979 0.000893244 0 0 0 0 0 0.636731 0 0 
0.000651979 0.651979 0.000902805 0 0 0 0 0 0.646654 0 0 
0.000661979 0.661979 0.000912346 0 0 0 0 0 0.656577 0 0 
0.000671979 0.671979 0.000921867 0 0 0 0 0 0.6665 0 0 
0.000681979 0.681979 0.000931368 0 0 0 0 0 0.676423 0 0 
0.000691979 0.691979 0.000940847 0 0 0 0 0 0.686346 0 0 
0.000701979 0.701979 0.000950306 0 0 0 0 0 0.696269 0 0 
0.000711979 0.711979 0.000959742 0 0 0 0 0 0.706192 0 0 
0.000721979 0.721979 0.000969156 0 0 0 0 0 0.716115 0 0 
0.000731979 0.731979 0.000978547 0 0 0 0 0 0.726039 0 0 
0.000741979 0.741979 0.000987915 0 0 0 0 0 0.735962 0 0 
0.000751979 0.751979 0.000997259 0 0 0 0 0 0.745885 0 0 
0.000761979 0.761979 0.00100658 0 0 0 0 0 0.755808 0 0 
0.000771979 0.771979 0.00101588 0 0 0 0 0 0.765732 0 0 
0.000781979 0.781979 0.00102515 0 0 0 0 0 0.775655 0 0 
0.000791979 0.791979 0.0010344 0 0 0 0 0 0.785578 0 0 
0.000801979 0.801979 0.00104362 0 0 0 0 0 0.795502 0 0 
0.000811979 0.811979 0.00105283 0 0 0 0 0 0.805425 0 0 
0.000821979 0.821979 0.001062 0 0 0 0 0 0.815348 0 0 
0.000831979 0.831979 0.00107115 0 0 0 0 0 0.825272 0 0 
0.000841979 0.841979 0.00108028 0 0 0 0 0 0.835195 0 0 
0.000851979 0.851979 0.00108938 0 0 0 0 0 0.845119 0 0 
0.000861979 0.861979 0.00109846 0 0 0 0 0 0.855042 0 0 
0.000871979 0.871979 0.00110751 0 0 0 0 0 0.864966 0 0 
0.000881979 0.881979 0.00111654 0 0 0 0 0 0.874889 0 0 
0.000891979 0.891979 0.00112554 0 0 0 0 0 0.884813 0 0 
0.000901979 0.901979 0.00113452 0 0 0 0 0 0.894737 0 0 
0.000911979 0.911979 0.00114347 0 0 0 0 0 0.90466 0 0 
0.000921979 0.921979 0.0011524 0 0 0 0 0 0.914584 0 0 
0.000931979 0.931979 0.00116131 0 0 0 0 0 0.924508 0 0 
0.000941979 0.941979 0.00117018 0 0 0 0 0 0.934431 0 0 
0.000951979 0.951979 0.00117904 0 0 0 0 0 0.944355 0 0 
0.000961979 0.961979 0.00118787 0 0 0 0 0 0.954279 0 0 
0.000971979 0.971979 0.00119668 0 0 0 0 0 0.964203 0 0 
0.000981979 0.981979 0.00120546 0 0 0 0 0 0.974126 0 0 
0.000991979 0.991979 0.00121422 0 0 0 0 0 0.98405 0 0 
0.00100198 1.00198 0.00122295 0 0 0 0 0 0.993974 0 0 
0.00101198 1.01198 0.00123166 0 0 0 0 0 1.0039 0 0 
0.00102198 1.02198 0.00124035 0 0 0 0 0 1.01382 0 0 
0.00103198 1.03198 0.00124901 0 0 0 0 0 1.02375 0 0 
0.00104198 1.04198 0.00125765 0 0 0 0 0 1.03367 0 0 
0.00105198 1.05198 0.00126626 0 0 0 0 0 1.04359 0 0 
0.00106198 1.06198 0.00127485 0 0 0 0 0 1.05352 0 0 
0.00107198 1.07198 0.00128342 0 0 0 0 0 1.06344 0 0 
0.00108198 1.08198 0.00129196 0 0 0 0 0 1.07337 0 0 
0.00109198 1.09198 0.00130048 0 0 0 0 0 1.08329 0 0 
0.00110198 1.10198 0.00130898 0 0 0 0 0 1.09321 0 0 
0.00111198 1.11198 0.00131746 0 0 0 0 0 1.10314 0 0 
0.00112198 1.12198 0.00132591 0 0 0 0 0 1.11306 0 0 
0.00113198 1.13198 0.00133434 0 0 0 0 0 1.12299 0 0 
0.00114198 1.14198 0.00134274 0 0 0 0 0 1.13291 0 0 
0.00115198 1.15198 0.00135113 0 0 0 0 0 1.14283 0 0 
0.00116198 1.16198 0.00135949 0 0 0 0 0 1.15276 0 0 
0.00117198 1.17198 0.00136783 0 0 0 0 0 1.16268 0 0 
0.00118198 1.18198 0.00137615 0 0 0 0 0 1.17261 0 0 
0.00119198 1.19198 0.00138444 0 0 0 0 0 1.18253 0 0 
0.00120198 1.20198 0.00139271 0 0 0 0 0 1.19246 0 0 
0.00121198 1.21198 0.00140096 0 0 0 0 0 1.20238 0 0 
0.00122198 1.22198 0.00140919 0 0 0 0 0 1.2123 0 0 
0.00123198 1.23198 0.0014174 0 0 0 0 0 1.22223 0 0 
0.00124198 1.24198 0.00142559 0 0 0 0 0 1.23215 0 0 
0.00125198 1.25198 0.00143375 0 0 0 0 0 1.24208 0 0 
0.00126198 1.26198 0.0014419 0 0 0 0 0 1.252 0 0 
0.00127198 1.27198 0.00145002 0 0 0 0 0 1.26193 0 0 
0.00128198 1.28198 0.00145812 0 0 0 0 0 1.27185 0 0 
0.00129198 1.29198 0.0014662 0 0 0 0 0 1.28178 0 0 
0.00130198 1.30198 0.00147426 0 0 0 0 0 1.2917 0 0 
0.00131198 1.31198 0.0014823 0 0 0 0 0 1.30162 0 0 
0.00132198 1.32198 0.00149032 0 0 0 0 0 1.31155 0 0 
0.00133198 1.33198 0.00149832 0 0 0 0 0 1.32147 0 0 
0.00134198 1.34198 0.0015063 0 0 0 0 0 1.3314 0 0 
0.00135198 1.35198 0.00151426 0 0 0 0 0 1.34132 0 0 
0.00136198 1.36198 0.0015222 0 0 0 0 0 1.35125 0 0 
0.00137198 1.37198 0.00153012 0 0 0 0 0 1.36117 0 0 
0.00138198 1.38198 0.00153802 0 0 0 0 0 1.3711 0 0 
0.00139198 1.39198 0.00154589 0 0 0 0 0 1.38102 0 0 
0.00140198 1.40198 0.00155375 0 0 0 0 0 1.39095 0 0 
0.00141198 1.41198 0.00156159 0 0 0 0 0 1.40087 0 0 
0.00142198 1.42198 0.00156942 0 0 0 0 0 1.4108 0 0 
0.00143198 1.43198 0.00157722 0 0 0 0 0 1.42072 0 0 
0.00144198 1.44198 0.001585 0 0 0 0 0 1.43065 0 0 
0.00145198 1.45198 0.00159276 0 0 0 0 0 1.44057 0 0 
0.00146198 1.46198 0.00160051 0 0 0 0 0 1.4505 0 0 
0.00147198 1.47198 0.00160823 0 0 0 0 0 1.46042 0 0 
0.00148198 1.48198 0.00161594 0 0 0 0 0 1.47035 0 0 
0.00149198 1.49198 0.00162363 0 0 0 0 0 1.48027 0 0 
0.00150198 1.50198 0.0016313 0 0 0 0 0 1.4902 0 0 
0.00151198 1.51198 0.00163895 0 0 0 0 0 1.50012 0 0 
0.00152198 1.52198 0.00164658 0 0 0 0 0 1.51004 0 0 
0.00153198 1.53198 0.0016542 0 0 0 0 0 1.51997 0 0 
0.00154198 1.54198 0.0016618 0 0 0 0 0 1.52989 0 0 
0.00155198 1.55198 0.00166938 0 0 0 0 0 1.53982 0 0 
0.00156198 1.56198 0.00167694 0 0 0 0 0 1.54974 0 0 
0.00157198 1.57198 0.00168448 0 0 0 0 0 1.55967 0 0 
0.00158198 1.58198 0.00169201 0 0 0 0 0 1.5696 0 0 
0.00159198 1.59198 0.00169952 0 0 0 0 0 1.57952 0 0 
0.00160198 1.60198 0.00170701 0 0 0 0 0 1.58945 0 0 
0.00161198 1.61198 0.00171448 0 0 0 0 0 1.59937 0 0 
0.00162198 1.62198 0.00172194 0 0 0 0 0 1.6093 0 0 
0.00163198 1.63198 0.00172938 0 0 0 0 0 1.61922 0 0 
0.00164198 1.64198 0.0017368 0 0 0 0 0 1.62915 0 0 
0.00165198 1.65198 0.00174421 0 0 0 0 0 1.63907 0 0 
0.00166198 1.66198 0.0017516 0 0 0 0 0 1.649 0 0 
0.00167198 1.67198 0.00175897 0 0 0 0 0 1.65892 0 0 
0.00168198 1.68198 0.00176633 0 0 0 0 0 1.66885 0 0 
0.00169198 1.69198 0.00177367 0 0 0 0 0 1.67877 0 0 
0.00170198 1.70198 0.00178099 0 0 0 0 0 1.6887 0 0 
0.00171198 1.71198 0.0017883 0 0 0 0 0 1.69862 0 0 
0.00172198 1.72198 0.00179559 0 0 0 0 0 1.70855 0 0 
0.00173198 1.73198 0.00180286 0 0 0 0 0 1.71847 0 0 
0.00174198 1.74198 0.00181012 0 0 0 0 0 1.7284 0 0 
0.00175198 1.75198 0.00181736 0 0 0 0 0 1.73832 0 0 
0.00176198 1.76198 0.00182459 0 0 0 0 0 1.74825 0 0 
0.00177198 1.77198 0.0018318 0 0 0 0 0 1.75817 0 0 
0.00178198 1.78198 0.00183899 0 0 0 0 0 1.7681 0 0 
0.00179198 1.79198 0.00184617 0 0 0 0 0 1.77803 0 0 
0.00180198 1.80198 0.00185333 0 0 0 0 0 1.78795 0 0 
0.00181198 1.81198 0.00186048 0 0 0 0 0 1.79788 0 0 
0.00182198 1.82198 0.00186761 0 0 0 0 0 1.8078 0 0 
0.00183198 1.83198 0.00187473 0 0 0 0 0 1.81773 0 0 
0.00184198 1.84198 0.00188183 0 0 0 0 0 1.82765 0 0 
0.00185198 1.85198 0.00188892 0 0 0 0 0 1.83758 0 0 
0.00186198 1.86198 0.00189599 0 0 0 0 0 1.8475 0 0 
0.00187198 1.87198 0.00190305 0 0 0 0 0 1.85743 0 0 
0.00188198 1.88198 0.00191009 0 0 0 0 0 1.86735 0 0 
0.00189198 1.89198 0.00191712 0 0 0 0 0 1.87728 0 0 
0.00190198 1.90198 0.00192413 0 0 0 0 0 1.88721 0 0 
0.00191198 1.91198 0.00193113 0 0 0 0 0 1.89713 0 0 
0.00192198 1.92198 0.00193811 0 0 0 0 0 1.90706 0 0 
0.00193198 1.93198 0.00194508 0 0 0 0 0 1.91698 0 0 
0.00194198 1.94198 0.00195203 0 0 0 0 0 1.92691 0 0 
0.00195198 1.95198 0.00195897 0 0 0 0 0 1.93683 0 0 
0.00196198 1.96198 0.0019659 0 0 0 0 0 1.94676 0 0 
0.00197198 1.97198 0.00197284 0 0 0 0 0 1.95668 0 0 
0.00198198 1.98198 0.00197975 0 0 0 0 0 1.96661 0 0 
0.00199198 1.99198 0.00198664 0 0 0 0 0 1.97654 0 0 
0.00200198 2.00198 0.00199352 0 0 0 0 0 1.98646 0 0 
0.00201198 2.01198 0.00200038 0 0 0 0 0 1.99639 0 0 
0.00202198 2.02198 0.00200723 0 0 0 0 0 2.00631 0 0 
0.00203198 2.03198 0.00201407 0 0 0 0 0 2.01624 0 0 
0.00204198 2.04198 0.00202089 0 0 0 0 0 2.02617 0 0 
0.00205198 2.05198 0.00202769 0 0 0 0 0 2.03609 0 0 
0.00206198 2.06198 0.00203449 0 0 0 0 0 2.04602 0 0 
0.00207198 2.07198 0.00204126 0 0 0 0 0 2.05594 0 0 
0.00208198 2.08198 0.00204803 0 0 0 0 0 2.06587 0 0 
0.00209198 2.09198 0.00205478 0 0 0 0 0 2.0758 0 0 
0.00210198 2.10198 0.00206152 0 0 0 0 0 2.08572 0 0 
0.00211198 2.11198 0.00206824 0 0 0 0 0 2.09565 0 0 
0.00212198 2.12198 0.00207495 0 0 0 0 0 2.10557 0 0 
0.00213198 2.13198 0.00208165 0 0 0 0 0 2.1155 0 0 
0.00214198 2.14198 0.00208833 0 0 0 0 0 2.12543 0 0 
0.00215198 2.15198 0.00209501 0 0 0 0 0 2.13535 0 0 
0.00216198 2.16198 0.00210166 0 0 0 0 0 2.14528 0 0 
0.00217198 2.17198 0.00210831 0 0 0 0 0 2.1552 0 0 
0.00218198 2.18198 0.00211494 0 0 0 0 0 2.16513 0 0 
0.00219198 2.19198 0.00212156 0 0 0 0 0 2.17506 0 0 
0.00220198 2.20198 0.00212817 0 0 0 0 0 2.18498 0 0 
0.00221198 2.21198 0.00213476 0 0 0 0 0 2.19491 0 0 
0.00222198 2.22198 0.00214135 0 0 0 0 0 2.20483 0 0 
0.00223198 2.23198 0.00214791 0 0 0 0 0 2.21476 0 0 
0.00224198 2.24198 0.00215447 0 0 0 0 0 2.22469 0 0 
0.00225198 2.25198 0.00216102 0 0 0 0 0 2.23461 0 0 
0.00226198 2.26198 0.00216755 0 0 0 0 0 2.24454 0 0 
0.00227198 2.27198 0.00217407 0 0 0 0 0 2.25447 0 0 
0.00228198 2.28198 0.00218058 0 0 0 0 0 2.26439 0 0 
0.00229198 2.29198 0.00218707 0 0 0 0 0 2.27432 0 0 
0.00230198 2.30198 0.00219356 0 0 0 0 0 2.28424 0 0 
0.00231198 2.31198 0.00220003 0 0 0 0 0 2.29417 0 0 
0.00232198 2.32198 0.00220649 0 0 0 0 0 2.3041 0 0 
0.00233198 2.33198 0.00221293 0 0 0 0 0 2.31402 0 0 
0.00234198 2.34198 0.00221937 0 0 0 0 0 2.32395 0 0 
0.00235198 2.35198 0.00222579 0 0 0 0 0 2.33388 0 0 
0.00236198 2.36198 0.00223221 0 0 0 0 0 2.3438 0 0 
0.00237198 2.37198 0.00223861 0 0 0 0 0 2.35373 0 0 
0.00238198 2.38198 0.002245 0 0 0 0 0 2.36365 0 0 
0.00239198 2.39198 0.00225137 0 0 0 0 0 2.37358 0 0 
0.00240198 2.40198 0.00225774 0 0 0 0 0 2.38351 0 0 
0.00241198 2.41198 0.00226409 0 0 0 0 0 2.39343 0 0 
0.00242198 2.42198 0.00227044 0 0 0 0 0 2.40336 0 0 
0.00243198 2.43198 0.00227677 0 0 0 0 0 2.41329 0 0 
0.00244198 2.44198 0.00228309 0 0 0 0 0 2.42321 0 0 
0.00245198 2.45198 0.0022894 0 0 0 0 0 2.43314 0 0 
0.00246198 2.46198 0.0022957 0 0 0 0 0 2.44306 0 0 
0.00247198 2.47198 0.00230198 0 0 0 0 0 2.45299 0 0 
0.00248198 2.48198 0.00230826 0 0 0 0 0 2.46292 0 0 
0.00249198 2.49198 0.00231453 0 0 0 0 0 2.47284 0 0 
0.00250198 2.50198 0.00232078 0 0 0 0 0 2.48277 0 0 
0.00251198 2.51198 0.00232702 0 0 0 0 0 2.4927 0 0 
0.00252198 2.52198 0.00233326 0 0 0 0 0 2.50262 0 0 
0.00253198 2.53198 0.00233948 0 0 0 0 0 2.51255 0 0 
0.00254198 2.54198 0.00234569 0 0 0 0 0 2.52248 0 0 
0.00255198 2.55198 0.00235189 0 0 0 0 0 2.5324 0 0 
0.00256198 2.56198 0.00235808 0 0 0 0 0 2.54233 0 0 
0.00257198 2.57198 0.00236426 0 0 0 0 0 2.55226 0 0 
0.00258198 2.58198 0.00237042 0 0 0 0 0 2.56218 0 0 
0.00259198 2.59198 0.00237658 0 0 0 0 0 2.57211 0 0 
0.00260198 2.60198 0.00238273 0 0 0 0 0 2.58204 0 0 
0.00261198 2.61198 0.00238886 0 0 0 0 0 2.59196 0 0 
0.00262198 2.62198 0.00239499 0 0 0 0 0 2.60189 0 0 
0.00263198 2.63198 0.00240111 0 0 0 0 0 2.61182 0 0 
0.00264198 2.64198 0.00240721 0 0 0 0 0 2.62174 0 0 
0.00265198 2.65198 0.00241331 0 0 0 0 0 2.63167 0 0 
0.00266198 2.66198 0.00241939 0 0 0 0 0 2.6416 0 0 
0.00267198 2.67198 0.00242547 0 0 0 0 0 2.65152 0 0 
0.00268198 2.68198 0.00243153 0 0 0 0 0 2.66145 0 0 
0.00269198 2.69198 0.00243759 0 0 0 0 0 2.67137 0 0 
0.00270198 2.70198 0.00244363 0 0 0 0 0 2.6813 0 0 
0.00271198 2.71198 0.00244967 0 0 0 0 0 2.69123 0 0 
0.00272198 2.72198 0.00245569 0 0 0 0 0 2.70115 0 0 
0.00273198 2.73198 0.00246171 0 0 0 0 0 2.71108 0 0 
0.00274198 2.74198 0.00246771 0 0 0 0 0 2.72101 0 0 
0.00275198 2.75198 0.00247371 0 0 0 0 0 2.73093 0 0 
0.00276198 2.76198 0.00247969 0 0 0 0 0 2.74086 0 0 
0.00277198 2.77198 0.00248567 0 0 0 0 0 2.75079 0 0 
0.00278198 2.78198 0.00249164 0 0 0 0 0 2.76071 0 0 
0.00279198 2.79198 0.00249759 0 0 0 0 0 2.77064 0 0 
0.00280198 2.80198 0.00250354 0 0 0 0 0 2.78057 0 0 
0.00281198 2.81198 0.00250948 0 0 0 0 0 2.7905 0 0 
0.00282198 2.82198 0.00251541 0 0 0 0 0 2.80042 0 0 
0.00283198 2.83198 0.00252132 0 0 0 0 0 2.81035 0 0 
0.00284198 2.84198 0.00252723 0 0 0 0 0 2.82028 0 0 
0.00285198 2.85198 0.00253313 0 0 0 0 0 2.8302 0 0 
0.00286198 2.86198 0.00253902 0 0 0 0 0 2.84013 0 0 
0.00287198 2.87198 0.0025449 0 0 0 0 0 2.85006 0 0 
0.00288198 2.88198 0.00255077 0 0 0 0 0 2.85998 0 0 
0.00289198 2.89198 0.00255664 0 0 0 0 0 2.86991 0 0 
0.00290198 2.90198 0.00256249 0 0 0 0 0 2.87984 0 0 
0.00291198 2.91198 0.00256833 0 0 0 0 0 2.88976 0 0 
0.00292198 2.92198 0.00257417 0 0 0 0 0 2.89969 0 0 
0.00293198 2.93198 0.00257999 0 0 0 0 0 2.90962 0 0 
0.00294198 2.94198 0.00258581 0 0 0 0 0 2.91954 0 0 
0.00295198 2.95198 0.00259162 0 0 0 0 0 2.92947 0 0 
0.00296198 2.96198 0.00259742 0 0 0 0 0 2.9394 0 0 
0.00297198 2.97198 0.00260321 0 0 0 0 0 2.94932 0 0 
0.00298198 2.98198 0.00260899 0 0 0 0 0 2.95925 0 0 
0.00299198 2.99198 0.00261476 0 0 0 0 0 2.96918 0 0 
0.00300198 3.00198 0.00262052 0 0 0 0 0 2.9791 0 0 
0.00301198 3.01198 0.00262628 0 0 0 0 0 2.98903 0 0 
0.00302198 3.02198 0.00263202 0 0 0 0 0 2.99896 0 0 
0.00303198 3.03198 0.00263776 0 0 0 0 0 3.00889 0 0 
0.00304198 3.04198 0.00264349 0 0 0 0 0 3.01881 0 0 
0.00305198 3.05198 0.00264921 0 0 0 0 0 3.02874 0 0 
0.00306198 3.06198 0.00265492 0 0 0 0 0 3.03867 0 0 
0.00307198 3.07198 0.00266062 0 0 0 0 0 3.04859 0 0 
0.00308198 3.08198 0.00266631 0 0 0 0 0 3.05852 0 0 
0.00309198 3.09198 0.002672 0 0 0 0 0 3.06845 0 0 
0.00310198 3.10198 0.00267767 0 0 0 0 0 3.07837 0 0 
0.00311198 3.11198 0.00268334 0 0 0 0 0 3.0883 0 0 
0.00312198 3.12198 0.002689 0 0 0 0 0 3.09823 0 0 
0.00313198 3.13198 0.00269465 0 0 0 0 0 3.10816 0 0 
0.00314198 3.14198 0.0027003 0 0 0 0 0 3.11808 0 0 
0.00315198 3.15198 0.00270593 0 0 0 0 0 3.12801 0 0 
0.00316198 3.16198 0.00271156 0 0 0 0 0 3.13794 0 0 
0.00317198 3.17198 0.00271717 0 0 0 0 0 3.14786 0 0 
0.00318198 3.18198 0.00272278 0 0 0 0 0 3.15779 0 0 
0.00319198 3.19198 0.00272839 0 0 0 0 0 3.16772 0 0 
0.00320198 3.20198 0.00273398 0 0 0 0 0 3.17764 0 0 
0.00321198 3.21198 0.00273956 0 0 0 0 0 3.18757 0 0 
0.00322198 3.22198 0.00274514 0 0 0 0 0 3.1975 0 0 
0.00323198 3.23198 0.00275071 0 0 0 0 0 3.20743 0 0 
0.00324198 3.24198 0.00275627 0 0 0 0 0 3.21735 0 0 
0.00325198 3.25198 0.00276182 0 0 0 0 0 3.22728 0 0 
0.00326198 3.26198 0.00276737 0 0 0 0 0 3.23721 0 0 
0.00327198 3.27198 0.00277291 0 0 0 0 0 3.24713 0 0 
0.00328198 3.28198 0.00277843 0 0 0 0 0 3.25706 0 0 
0.00329198 3.29198 0.00278396 0 0 0 0 0 3.26699 0 0 
0.00330198 3.30198 0.00278947 0 0 0 0 0 3.27692 0 0 
0.00331198 3.31198 0.00279497 0 0 0 0 0 3.28684 0 0 
0.00332198 3.32198 0.00280047 0 0 0 0 0 3.29677 0 0 
0.00333198 3.33198 0.00280596 0 0 0 0 0 3.3067 0 0 
0.00334198 3.34198 0.00281144 0 0 0 0 0 3.31662 0 0 
0.00335198 3.35198 0.00281692 0 0 0 0 0 3.32655 0 0 
0.00336198 3.36198 0.00282238 0 0 0 0 0 3.33648 0 0 
0.00337198 3.37198 0.00282784 0 0 0 0 0 3.34641 0 0 
0.00338198 3.38198 0.00283329 0 0 0 0 0 3.35633 0 0 
0.00339198 3.39198 0.00283874 0 0 0 0 0 3.36626 0 0 
0.00340198 3.40198 0.00284417 0 0 0 0 0 3.37619 0 0 
0.00341198 3.41198 0.0028496 0 0 0 0 0 3.38611 0 0 
0.00342198 3.42198 0.00285502 0 0 0 0 0 3.39604 0 0 
0.00343198 3.43198 0.00286044 0 0 0 0 0 3.40597 0 0 
0.00344198 3.44198 0.00286584 0 0 0 0 0 3.4159 0 0 
0.00345198 3.45198 0.00287124 0 0 0 0 0 3.42582 0 0 
0.00346198 3.46198 0.00287663 0 0 0 0 0 3.43575 0 0 
0.00347198 3.47198 0.00288202 0 0 0 0 0 3.44568 0 0 
0.00348198 3.48198 0.00288739 0 0 0 0 0 3.45561 0 0 
0.00349198 3.49198 0.00289276 0 0 0 0 0 3.46553 0 0 
0.00350198 3.50198 0.00289812 0 0 0 0 0 3.47546 0 0 
0.00351198 3.51198 0.00290348 0 0 0 0 0 3.48539 0 0 
0.00352198 3.52198 0.00290882 0 0 0 0 0 3.49531 0 0 
0.00353198 3.53198 0.00291416 0 0 0 0 0 3.50524 0 0 
0.00354198 3.54198 0.0029195 0 0 0 0 0 3.51517 0 0 
0.00355198 3.55198 0.00292482 0 0 0 0 0 3.5251 0 0 
0.00356198 3.56198 0.00293014 0 0 0 0 0 3.53502 0 0 
0.00357198 3.57198 0.00293545 0 0 0 0 0 3.54495 0 0 
0.00358198 3.58198 0.00294075 0 0 0 0 0 3.55488 0 0 
0.00359198 3.59198 0.00294605 0 0 0 0 0 3.56481 0 0 
0.00360198 3.60198 0.00295134 0 0 0 0 0 3.57473 0 0 
0.00361198 3.61198 0.00295662 0 0 0 0 0 3.58466 0 0 
0.00362198 3.62198 0.0029619 0 0 0 0 0 3.59459 0 0 
0.00363198 3.63198 0.00296717 0 0 0 0 0 3.60452 0 0 
0.00364198 3.64198 0.00297243 0 0 0 0 0 3.61444 0 0 
0.00365198 3.65198 0.00297768 0 0 0 0 0 3.62437 0 0 
0.00366198 3.66198 0.00298293 0 0 0 0 0 3.6343 0 0 
0.00367198 3.67198 0.00298817 0 0 0 0 0 3.64422 0 0 
0.00368198 3.68198 0.00299341 0 0 0 0 0 3.65415 0 0 
0.00369198 3.69198 0.00299863 0 0 0 0 0 3.66408 0 0 
0.00370198 3.70198 0.00300385 0 0 0 0 0 3.67401 0 0 
0.00371198 3.71198 0.00300907 0 0 0 0 0 3.68393 0 0 
0.00372198 3.72198 0.00301427 0 0 0 0 0 3.69386 0 0 
0.00373198 3.73198 0.00301947 0 0 0 0 0 3.70379 0 0 
0.00374198 3.74198 0.00302467 0 0 0 0 0 3.71372 0 0 
0.00375198 3.75198 0.00302985 0 0 0 0 0 3.72364 0 0 
0.00376198 3.76198 0.00303503 0 0 0 0 0 3.73357 0 0 
0.00377198 3.77198 0.00304021 0 0 0 0 0 3.7435 0 0 
0.00378198 3.78198 0.00304537 0 0 0 0 0 3.75343 0 0 
0.00379198 3.79198 0.00305053 0 0 0 0 0 3.76335 0 0 
0.00380198 3.80198 0.00305569 0 0 0 0 0 3.77328 0 0 
0.00381198 3.81198 0.00306083 0 0 0 0 0 3.78321 0 0 
0.00382198 3.82198 0.00306597 0 0 0 0 0 3.79314 0 0 
0.00383198 3.83198 0.00307111 0 0 0 0 0 3.80306 0 0 
0.00384198 3.84198 0.00307623 0 0 0 0 0 3.81299 0 0 
0.00385198 3.85198 0.00308135 0 0 0 0 0 3.82292 0 0 
0.00386198 3.86198 0.00308647 0 0 0 0 0 3.83285 0 0 
0.00387198 3.87198 0.00309158 0 0 0 0 0 3.84277 0 0 
0.00388198 3.88198 0.00309668 0 0 0 0 0 3.8527 0 0 
0.00389198 3.89198 0.00310177 0 0 0 0 0 3.86263 0 0 
0.00390198 3.90198 0.00310686 0 0 0 0 0 3.87256 0 0 
0.00391198 3.91198 0.00311194 0 0 0 0 0 3.88248 0 0 
0.00392198 3.92198 0.00311702 0 0 0 0 0 3.89241 0 0 
0.00393198 3.93198 0.00312209 0 0 0 0 0 3.90234 0 0 
0.00394198 3.94198 0.00312715 0 0 0 0 0 3.91227 0 0 
0.00395198 3.95198 0.00313221 0 0 0 0 0 3.92219 0 0 
0.00396198 3.96198 0.00313726 0 0 0 0 0 3.93212 0 0 
0.00397198 3.97198 0.0031423 0 0 0 0 0 3.94205 0 0 
0.00398198 3.98198 0.00314734 0 0 0 0 0 3.95198 0 0 
0.00399198 3.99198 0.00315237 0 0 0 0 0 3.9619 0 0 
0.00400198 4.00198 0.0031574 0 0 0 0 0 3.97183 0 0 
0.00401198 4.01198 0.00316242 0 0 0 0 0 3.98176 0 0 
0.00402198 4.02198 0.00316743 0 0 0 0 0 3.99169 0 0 
0.00403198 4.03198 0.00317244 0 0 0 0 0 4.00162 0 0 
0.00404198 4.04198 0.00317744 0 0 0 0 0 4.01154 0 0 
0.00405198 4.05198 0.00318243 0 0 0 0 0 4.02147 0 0 
0.00406198 4.06198 0.00318742 0 0 0 0 0 4.0314 0 0 
0.00407198 4.07198 0.0031924 0 0 0 0 0 4.04133 0 0 
0.00408198 4.08198 0.00319736 0 0 0 0 0 4.05125 0 0 
0.00409198 4.09198 0.00320227 0 0 0 0 0 4.06118 0 0 
0.00410198 4.10198 0.00320727 0 0 0 0 0 4.07111 0 0 
0.00411198 4.11198 0.00321222 0 0 0 0 0 4.08104 0 0 
0.00412198 4.12198 0.00321713 0 0 0 0 0 4.09096 0 0 
0.00413198 4.13198 0.00322211 0 0 0 0 0 4.10089 0 0 
0.00414198 4.14198 0.00322705 0 0 0 0 0 4.11082 0 0 
0.00415198 4.15198 0.00323193 0 0 0 0 0 4.12075 0 0 
0.00416198 4.16198 0.0032369 0 0 0 0 0 4.13067 0 0 
0.00417198 4.17198 0.00324182 0 0 0 0 0 4.1406 0 0 
0.00418198 4.18198 0.00324669 0 0 0 0 0 4.15053 0 0 
0.00419198 4.19198 0.00325164 0 0 0 0 0 4.16046 0 0 
0.00420198 4.20198 0.00325654 0 0 0 0 0 4.17039 0 0 
0.00421198 4.21198 0.00326139 0 0 0 0 0 4.18031 0 0 
0.00422198 4.22198 0.00326633 0 0 0 0 0 4.19024 0 0 
0.00423198 4.23198 0.00327121 0 0 0 0 0 4.20017 0 0 
0.00424198 4.24198 0.00327605 0 0 0 0 0 4.2101 0 0 
0.00425198 4.25198 0.00328097 0 0 0 0 0 4.22002 0 0 
0.00426198 4.26198 0.00328584 0 0 0 0 0 4.22995 0 0 
0.00427198 4.27198 0.00329066 0 0 0 0 0 4.23988 0 0 
0.00428198 4.28198 0.00329555 0 0 0 0 0 4.24981 0 0 
0.00429198 4.29198 0.00330041 0 0 0 0 0 4.25973 0 0 
0.00430198 4.30198 0.00330521 0 0 0 0 0 4.26966 0 0 
0.00431198 4.31198 0.00331009 0 0 0 0 0 4.27959 0 0 
0.00432198 4.32198 0.00331493 0 0 0 0 0 4.28952 0 0 
0.00433198 4.33198 0.00331972 0 0 0 0 0 4.29945 0 0 
0.00434198 4.34198 0.00332458 0 0 0 0 0 4.30937 0 0 
0.00435198 4.35198 0.00332935 0 0 0 0 0 4.3193 0 0 
0.00436198 4.36198 0.00333421 0 0 0 0 0 4.32923 0 0 
0.00437198 4.37198 0.00333896 0 0 0 0 0 4.33916 0 0 
0.00438198 4.38198 0.00334381 0 0 0 0 0 4.34908 0 0 
0.00439198 4.39198 0.00334856 0 0 0 0 0 4.35901 0 0 
0.00440198 4.40198 0.0033534 0 0 0 0 0 4.36894 0 0 
0.00441198 4.41198 0.00335813 0 0 0 0 0 4.37887 0 0 
0.00442198 4.42198 0.00336296 0 0 0 0 0 4.3888 0 0 
0.00443198 4.43198 0.00336769 0 0 0 0 0 4.39872 0 0 
0.00444198 4.44198 0.0033725 0 0 0 0 0 4.40865 0 0 
0.00445198 4.45198 0.00337722 0 0 0 0 0 4.41858 0 0 
0.00446198 4.46198 0.00338202 0 0 0 0 0 4.42851 0 0 
0.00447198 4.47198 0.00338673 0 0 0 0 0 4.43844 0 0 
0.00448198 4.48198 0.00339152 0 0 0 0 0 4.44836 0 0 
0.00449198 4.49198 0.00339622 0 0 0 0 0 4.45829 0 0 
0.00450198 4.50198 0.003401 0 0 0 0 0 4.46822 0 0 
0.00451198 4.51198 0.00340569 0 0 0 0 0 4.47815 0 0 
0.00452198 4.52198 0.00341046 0 0 0 0 0 4.48807 0 0 
0.00453198 4.53198 0.00341514 0 0 0 0 0 4.498 0 0 
0.00454198 4.54198 0.0034199 0 0 0 0 0 4.50793 0 0 
0.00455198 4.55198 0.00342457 0 0 0 0 0 4.51786 0 0 
0.00456198 4.56198 0.00342932 0 0 0 0 0 4.52779 0 0 
0.00457198 4.57198 0.00343397 0 0 0 0 0 4.53771 0 0 
0.00458198 4.58198 0.00343871 0 0 0 0 0 4.54764 0 0 
0.00459198 4.59198 0.00344336 0 0 0 0 0 4.55757 0 0 
0.00460198 4.60198 0.00344809 0 0 0 0 0 4.5675 0 0 
0.00461198 4.61198 0.00345272 0 0 0 0 0 4.57743 0 0 
0.00462198 4.62198 0.00345744 0 0 0 0 0 4.58735 0 0 
0.00463198 4.63198 0.00346207 0 0 0 0 0 4.59728 0 0 
0.00464198 4.64198 0.00346678 0 0 0 0 0 4.60721 0 0 
0.00465198 4.65198 0.00347139 0 0 0 0 0 4.61714 0 0 
0.00466198 4.66198 0.00347609 0 0 0 0 0 4.62707 0 0 
0.00467198 4.67198 0.0034807 0 0 0 0 0 4.63699 0 0 
0.00468198 4.68198 0.00348538 0 0 0 0 0 4.64692 0 0 
0.00469198 4.69198 0.00348998 0 0 0 0 0 4.65685 0 0 
0.00470198 4.70198 0.00349466 0 0 0 0 0 4.66678 0 0 
0.00471198 4.71198 0.00349925 0 0 0 0 0 4.67671 0 0 
0.00472198 4.72198 0.00350391 0 0 0 0 0 4.68663 0 0 
0.00473198 4.73198 0.00350849 0 0 0 0 0 4.69656 0 0 
0.00474198 4.74198 0.00351315 0 0 0 0 0 4.70649 0 0 
0.00475198 4.75198 0.00351772 0 0 0 0 0 4.71642 0 0 
0.00476198 4.76198 0.00352236 0 0 0 0 0 4.72635 0 0 
0.00477198 4.77198 0.00352692 0 0 0 0 0 4.73627 0 0 
0.00478198 4.78198 0.00353156 0 0 0 0 0 4.7462 0 0 
0.00479198 4.79198 0.00353611 0 0 0 0 0 4.75613 0 0 
0.00480198 4.80198 0.00354073 0 0 0 0 0 4.76606 0 0 
0.00481198 4.81198 0.00354527 0 0 0 0 0 4.77599 0 0 
0.00482198 4.82198 0.00354989 0 0 0 0 0 4.78591 0 0 
0.00483198 4.83198 0.00355442 0 0 0 0 0 4.79584 0 0 
0.00484198 4.84198 0.00355903 0 0 0 0 0 4.80577 0 0 
0.00485198 4.85198 0.00356355 0 0 0 0 0 4.8157 0 0 
0.00486198 4.86198 0.00356814 0 0 0 0 0 4.82563 0 0 
0.00487198 4.87198 0.00357266 0 0 0 0 0 4.83555 0 0 
0.00488198 4.88198 0.00357724 0 0 0 0 0 4.84548 0 0 
0.00489198 4.89198 0.00358174 0 0 0 0 0 4.85541 0 0 
0.00490198 4.90198 0.00358632 0 0 0 0 0 4.86534 0 0 
0.00491198 4.91198 0.00359082 0 0 0 0 0 4.87527 0 0 
0.00492198 4.92198 0.00359538 0 0 0 0 0 4.88519 0 0 
0.00493198 4.93198 0.00359987 0 0 0 0 0 4.89512 0 0 
0.00494198 4.94198 0.00360442 0 0 0 0 0 4.90505 0 0 
0.00495198 4.95198 0.0036089 0 0 0 0 0 4.91498 0 0 
0.00496198 4.96198 0.00361345 0 0 0 0 0 4.92491 0 0 
0.00497198 4.97198 0.00361791 0 0 0 0 0 4.93483 0 0 
0.00498198 4.98198 0.00362245 0 0 0 0 0 4.94476 0 0 
0.00499198 4.99198 0.00362691 0 0 0 0 0 4.95469 0 0 
0.00500198 5.00198 0.00363144 0 0 0 0 0 4.96462 0 0 
0.00501198 5.01198 0.00363589 0 0 0 0 0 4.97455 0 0 
0.00502198 5.02198 0.0036404 0 0 0 0 0 4.98448 0 0 
0.00503198 5.03198 0.00364484 0 0 0 0 0 4.9944 0 0 
0.00504198 5.04198 0.00364935 0 0 0 0 0 5.00433 0 0 
0.00505198 5.05198 0.00365378 0 0 0 0 0 5.01426 0 0 
0.00506198 5.06198 0.00365828 0 0 0 0 0 5.02419 0 0 
0.00507198 5.07198 0.00366271 0 0 0 0 0 5.03412 0 0 
0.00508198 5.08198 0.0036672 0 0 0 0 0 5.04404 0 0 
0.00509198 5.09198 0.00367161 0 0 0 0 0 5.05397 0 0 
0.00510198 5.10198 0.00367609 0 0 0 0 0 5.0639 0 0 
0.00511198 5.11198 0.0036805 0 0 0 0 0 5.07383 0 0 
0.00512198 5.12198 0.00368497 0 0 0 0 0 5.08376 0 0 
0.00513198 5.13198 0.00368936 0 0 0 0 0 5.09368 0 0 
0.00514198 5.14198 0.00369383 0 0 0 0 0 5.10361 0 0 
0.00515198 5.15198 0.00369821 0 0 0 0 0 5.11354 0 0 
0.00516198 5.16198 0.00370267 0 0 0 0 0 5.12347 0 0 
0.00517198 5.17198 0.00370705 0 0 0 0 0 5.1334 0 0 
0.00518198 5.18198 0.00371149 0 0 0 0 0 5.14333 0 0 
0.00519198 5.19198 0.00371586 0 0 0 0 0 5.15325 0 0 
0.00520198 5.20198 0.0037203 0 0 0 0 0 5.16318 0 0 
0.00521198 5.21198 0.00372466 0 0 0 0 0 5.17311 0 0 
0.00522198 5.22198 0.00372909 0 0 0 0 0 5.18304 0 0 
0.00523198 5.23198 0.00373344 0 0 0 0 0 5.19297 0 0 
0.00524198 5.24198 0.00373786 0 0 0 0 0 5.2029 0 0 
0.00525198 5.25198 0.0037422 0 0 0 0 0 5.21282 0 0 
0.00526198 5.26198 0.00374661 0 0 0 0 0 5.22275 0 0 
0.00527198 5.27198 0.00375095 0 0 0 0 0 5.23268 0 0 
0.00528198 5.28198 0.00375535 0 0 0 0 0 5.24261 0 0 
0.00529198 5.29198 0.00375967 0 0 0 0 0 5.25254 0 0 
0.00530198 5.30198 0.00376406 0 0 0 0 0 5.26246 0 0 
0.00531198 5.31198 0.00376838 0 0 0 0 0 5.27239 0 0 
0.00532198 5.32198 0.00377277 0 0 0 0 0 5.28232 0 0 
0.00533198 5.33198 0.00377708 0 0 0 0 0 5.29225 0 0 
0.00534198 5.34198 0.00378145 0 0 0 0 0 5.30218 0 0 
0.00535198 5.35198 0.00378575 0 0 0 0 0 5.31211 0 0 
0.00536198 5.36198 0.00379012 0 0 0 0 0 5.32203 0 0 
0.00537198 5.37198 0.00379441 0 0 0 0 0 5.33196 0 0 
0.00538198 5.38198 0.00379877 0 0 0 0 0 5.34189 0 0 
0.00539198 5.39198 0.00380306 0 0 0 0 0 5.35182 0 0 
0.00540198 5.40198 0.0038074 0 0 0 0 0 5.36175 0 0 
0.00541198 5.41198 0.00381168 0 0 0 0 0 5.37168 0 0 
0.00542198 5.42198 0.00381602 0 0 0 0 0 5.3816 0 0 
0.00543198 5.43198 0.00382029 0 0 0 0 0 5.39153 0 0 
0.00544198 5.44198 0.00382462 0 0 0 0 0 5.40146 0 0 
0.00545198 5.45198 0.00382889 0 0 0 0 0 5.41139 0 0 
0.00546198 5.46198 0.00383321 0 0 0 0 0 5.42132 0 0 
0.00547198 5.47198 0.00383746 0 0 0 0 0 5.43125 0 0 
0.00548198 5.48198 0.00384178 0 0 0 0 0 5.44117 0 0 
0.00549198 5.49198 0.00384602 0 0 0 0 0 5.4511 0 0 
0.00550198 5.50198 0.00385033 0 0 0 0 0 5.46103 0 0 
0.00551198 5.51198 0.00385457 0 0 0 0 0 5.47096 0 0 
0.00552198 5.52198 0.00385886 0 0 0 0 0 5.48089 0 0 
0.00553198 5.53198 0.00386309 0 0 0 0 0 5.49082 0 0 
0.00554198 5.54198 0.00386738 0 0 0 0 0 5.50074 0 0 
0.00555198 5.55198 0.00387161 0 0 0 0 0 5.51067 0 0 
0.00556198 5.56198 0.00387589 0 0 0 0 0 5.5206 0 0 
0.00557198 5.57198 0.0038801 0 0 0 0 0 5.53053 0 0 
0.00558198 5.58198 0.00388437 0 0 0 0 0 5.54046 0 0 
0.00559198 5.59198 0.00388858 0 0 0 0 0 5.55039 0 0 
0.00560198 5.60198 0.00389284 0 0 0 0 0 5.56031 0 0 
0.00561198 5.61198 0.00389704 0 0 0 0 0 5.57024 0 0 
0.00562198 5.62198 0.0039013 0 0 0 0 0 5.58017 0 0 
0.00563198 5.63198 0.00390549 0 0 0 0 0 5.5901 0 0 
0.00564198 5.64198 0.00390974 0 0 0 0 0 5.60003 0 0 
0.00565198 5.65198 0.00391392 0 0 0 0 0 5.60996 0 0 
0.00566198 5.66198 0.00391816 0 0 0 0 0 5.61988 0 0 
0.00567198 5.67198 0.00392234 0 0 0 0 0 5.62981 0 0 
0.00568198 5.68198 0.00392657 0 0 0 0 0 5.63974 0 0 
0.00569198 5.69198 0.00393074 0 0 0 0 0 5.64967 0 0 
0.00570198 5.70198 0.00393496 0 0 0 0 0 5.6596 0 0 
0.00571198 5.71198 0.00393912 0 0 0 0 0 5.66953 0 0 
0.00572198 5.72198 0.00394334 0 0 0 0 0 5.67945 0 0 
0.00573198 5.73198 0.00394749 0 0 0 0 0 5.68938 0 0 
0.00574198 5.74198 0.0039517 0 0 0 0 0 5.69931 0 0 
0.00575198 5.75198 0.00395585 0 0 0 0 0 5.70924 0 0 
0.00576198 5.76198 0.00396005 0 0 0 0 0 5.71917 0 0 
0.00577198 5.77198 0.00396419 0 0 0 0 0 5.7291 0 0 
0.00578198 5.78198 0.00396838 0 0 0 0 0 5.73902 0 0 
0.00579198 5.79198 0.00397251 0 0 0 0 0 5.74895 0 0 
0.00580198 5.80198 0.00397667 0 0 0 0 0 5.75888 0 0 
0.00581198 5.81198 0.00398081 0 0 0 0 0 5.76881 0 0 
0.00582198 5.82198 0.00398491 0 0 0 0 0 5.77874 0 0 
0.00583198 5.83198 0.00398911 0 0 0 0 0 5.78867 0 0 
0.00584198 5.84198 0.00399323 0 0 0 0 0 5.7986 0 0 
0.00585198 5.85198 0.00399737 0 0 0 0 0 5.80852 0 0 
0.00586198 5.86198 0.0040015 0 0 0 0 0 5.81845 0 0 
0.00587198 5.87198 0.00400558 0 0 0 0 0 5.82838 0 0 
0.00588198 5.88198 0.00400976 0 0 0 0 0 5.83831 0 0 
0.00589198 5.89198 0.00401386 0 0 0 0 0 5.84824 0 0 
0.00590198 5.90198 0.00401799 0 0 0 0 0 5.85817 0 0 
0.00591198 5.91198 0.0040221 0 0 0 0 0 5.86809 0 0 
0.00592198 5.92198 0.00402616 0 0 0 0 0 5.87802 0 0 
0.00593198 5.93198 0.00403032 0 0 0 0 0 5.88795 0 0 
0.00594198 5.94198 0.00403441 0 0 0 0 0 5.89788 0 0 
0.00595198 5.95198 0.00403852 0 0 0 0 0 5.90781 0 0 
0.00596198 5.96198 0.00404261 0 0 0 0 0 5.91774 0 0 
0.00597198 5.97198 0.00404665 0 0 0 0 0 5.92767 0 0 
0.00598198 5.98198 0.00405079 0 0 0 0 0 5.93759 0 0 
0.00599198 5.99198 0.00405486 0 0 0 0 0 5.94752 0 0 
0.00600198 6.00198 0.0040589 0 0 0 0 0 5.95745 0 0 
0.00601198 6.01198 0.00406303 0 0 0 0 0 5.96738 0 0 
0.00602198 6.02198 0.00406709 0 0 0 0 0 5.97731 0 0 
0.00603198 6.03198 0.00407111 0 0 0 0 0 5.98724 0 0 
0.00604198 6.04198 0.00407523 0 0 0 0 0 5.99717 0 0 
0.00605198 6.05198 0.00407928 0 0 0 0 0 6.00709 0 0 
0.00606198 6.06198 0.0040833 0 0 0 0 0 6.01702 0 0 
0.00607198 6.07198 0.00408741 0 0 0 0 0 6.02695 0 0 
0.00608198 6.08198 0.00409145 0 0 0 0 0 6.03688 0 0 
0.00609198 6.09198 0.00409545 0 0 0 0 0 6.04681 0 0 
0.00610198 6.10198 0.00409955 0 0 0 0 0 6.05674 0 0 
0.00611198 6.11198 0.00410358 0 0 0 0 0 6.06666 0 0 
0.00612198 6.12198 0.00410758 0 0 0 0 0 6.07659 0 0 
0.00613198 6.13198 0.00411166 0 0 0 0 0 6.08652 0 0 
0.00614198 6.14198 0.00411568 0 0 0 0 0 6.09645 0 0 
0.00615198 6.15198 0.00411967 0 0 0 0 0 6.10638 0 0 
0.00616198 6.16198 0.00412374 0 0 0 0 0 6.11631 0 0 
0.00617198 6.17198 0.00412775 0 0 0 0 0 6.12624 0 0 
0.00618198 6.18198 0.00413173 0 0 0 0 0 6.13616 0 0 
0.00619198 6.19198 0.00413579 0 0 0 0 0 6.14609 0 0 
0.00620198 6.20198 0.00413979 0 0 0 0 0 6.15602 0 0 
0.00621198 6.21198 0.00414376 0 0 0 0 0 6.16595 0 0 
0.00622198 6.22198 0.00414781 0 0 0 0 0 6.17588 0 0 
0.00623198 6.23198 0.0041518 0 0 0 0 0 6.18581 0 0 
0.00624198 6.24198 0.00415576 0 0 0 0 0 6.19574 0 0 
0.00625198 6.25198 0.0041598 0 0 0 0 0 6.20567 0 0 
0.00626198 6.26198 0.00416378 0 0 0 0 0 6.21559 0 0 
0.00627198 6.27198 0.00416772 0 0 0 0 0 6.22552 0 0 
0.00628198 6.28198 0.00417176 0 0 0 0 0 6.23545 0 0 
0.00629198 6.29198 0.00417573 0 0 0 0 0 6.24538 0 0 
0.00630198 6.30198 0.00417966 0 0 0 0 0 6.25531 0 0 
0.00631198 6.31198 0.00418369 0 0 0 0 0 6.26524 0 0 
0.00632198 6.32198 0.00418764 0 0 0 0 0 6.27517 0 0 
0.00633198 6.33198 0.00419157 0 0 0 0 0 6.28509 0 0 
0.00634198 6.34198 0.00419558 0 0 0 0 0 6.29502 0 0 
0.00635198 6.35198 0.00419953 0 0 0 0 0 6.30495 0 0 
0.00636198 6.36198 0.00420344 0 0 0 0 0 6.31488 0 0 
0.00637198 6.37198 0.00420745 0 0 0 0 0 6.32481 0 0 
0.00638198 6.38198 0.00421139 0 0 0 0 0 6.33474 0 0 
0.00639198 6.39198 0.00421529 0 0 0 0 0 6.34467 0 0 
0.00640198 6.40198 0.00421928 0 0 0 0 0 6.35459 0 0 
0.00641198 6.41198 0.00422321 0 0 0 0 0 6.36452 0 0 
0.00642198 6.42198 0.00422711 0 0 0 0 0 6.37445 0 0 
0.00643198 6.43198 0.00423109 0 0 0 0 0 6.38438 0 0 
0.00644198 6.44198 0.00423501 0 0 0 0 0 6.39431 0 0 
0.00645198 6.45198 0.0042389 0 0 0 0 0 6.40424 0 0 
0.00646198 6.46198 0.00424287 0 0 0 0 0 6.41417 0 0 
0.00647198 6.47198 0.00424678 0 0 0 0 0 6.4241 0 0 
0.00648198 6.48198 0.00425065 0 0 0 0 0 6.43402 0 0 
0.00649198 6.49198 0.00425462 0 0 0 0 0 6.44395 0 0 
0.00650198 6.50198 0.00425851 0 0 0 0 0 6.45388 0 0 
0.00651198 6.51198 0.00426238 0 0 0 0 0 6.46381 0 0 
0.00652198 6.52198 0.00426634 0 0 0 0 0 6.47374 0 0 
0.00653198 6.53198 0.00427022 0 0 0 0 0 6.48367 0 0 
0.00654198 6.54198 0.00427408 0 0 0 0 0 6.4936 0 0 
0.00655198 6.55198 0.00427803 0 0 0 0 0 6.50352 0 0 
0.00656198 6.56198 0.0042819 0 0 0 0 0 6.51345 0 0 
0.00657198 6.57198 0.00428575 0 0 0 0 0 6.52338 0 0 
0.00658198 6.58198 0.00428969 0 0 0 0 0 6.53331 0 0 
0.00659198 6.59198 0.00429356 0 0 0 0 0 6.54324 0 0 
0.00660198 6.60198 0.0042974 0 0 0 0 0 6.55317 0 0 
0.00661198 6.61198 0.00430132 0 0 0 0 0 6.5631 0 0 
0.00662198 6.62198 0.00430518 0 0 0 0 0 6.57303 0 0 
0.00663198 6.63198 0.00430901 0 0 0 0 0 6.58295 0 0 
0.00664198 6.64198 0.00431292 0 0 0 0 0 6.59288 0 0 
0.00665198 6.65198 0.00431677 0 0 0 0 0 6.60281 0 0 
0.00666198 6.66198 0.0043206 0 0 0 0 0 6.61274 0 0 
0.00667198 6.67198 0.0043245 0 0 0 0 0 6.62267 0 0 
0.00668198 6.68198 0.00432834 0 0 0 0 0 6.6326 0 0 
0.00669198 6.69198 0.00433215 0 0 0 0 0 6.64253 0 0 
0.00670198 6.70198 0.00433604 0 0 0 0 0 6.65246 0 0 
0.00671198 6.71198 0.00433988 0 0 0 0 0 6.66238 0 0 
0.00672198 6.72198 0.00434368 0 0 0 0 0 6.67231 0 0 
0.00673198 6.73198 0.00434756 0 0 0 0 0 6.68224 0 0 
0.00674198 6.74198 0.00435139 0 0 0 0 0 6.69217 0 0 
0.00675198 6.75198 0.00435518 0 0 0 0 0 6.7021 0 0 
0.00676198 6.76198 0.00435906 0 0 0 0 0 6.71203 0 0 
0.00677198 6.77198 0.00436287 0 0 0 0 0 6.72196 0 0 
0.00678198 6.78198 0.00436666 0 0 0 0 0 6.73189 0 0 
0.00679198 6.79198 0.00437052 0 0 0 0 0 6.74181 0 0 
0.00680198 6.80198 0.00437432 0 0 0 0 0 6.75174 0 0 
0.00681198 6.81198 0.0043781 0 0 0 0 0 6.76167 0 0 
0.00682198 6.82198 0.00438196 0 0 0 0 0 6.7716 0 0 
0.00683198 6.83198 0.00438575 0 0 0 0 0 6.78153 0 0 
0.00684198 6.84198 0.00438952 0 0 0 0 0 6.79146 0 0 
0.00685198 6.85198 0.00439336 0 0 0 0 0 6.80139 0 0 
0.00686198 6.86198 0.00439715 0 0 0 0 0 6.81132 0 0 
0.00687198 6.87198 0.00440091 0 0 0 0 0 6.82124 0 0 
0.00688198 6.88198 0.00440475 0 0 0 0 0 6.83117 0 0 
0.00689198 6.89198 0.00440852 0 0 0 0 0 6.8411 0 0 
0.00690198 6.90198 0.00441228 0 0 0 0 0 6.85103 0 0 
0.00691198 6.91198 0.0044161 0 0 0 0 0 6.86096 0 0 
0.00692198 6.92198 0.00441987 0 0 0 0 0 6.87089 0 0 
0.00693198 6.93198 0.00442361 0 0 0 0 0 6.88082 0 0 
0.00694198 6.94198 0.00442743 0 0 0 0 0 6.89075 0 0 
0.00695198 6.95198 0.00443119 0 0 0 0 0 6.90067 0 0 
0.00696198 6.96198 0.00443492 0 0 0 0 0 6.9106 0 0 
0.00697198 6.97198 0.00443873 0 0 0 0 0 6.92053 0 0 
0.00698198 6.98198 0.00444248 0 0 0 0 0 6.93046 0 0 
0.00699198 6.99198 0.00444621 0 0 0 0 0 6.94039 0 0 
0.00700198 7.00198 0.00445001 0 0 0 0 0 6.95032 0 0 
0.00701198 7.01198 0.00445375 0 0 0 0 0 6.96025 0 0 
0.00702198 7.02198 0.00445746 0 0 0 0 0 6.97018 0 0 
0.00703198 7.03198 0.00446123 0 0 0 0 0 6.98011 0 0 
0.00704198 7.04198 0.00446498 0 0 0 0 0 6.99003 0 0 
0.00705198 7.05198 0.00446869 0 0 0 0 0 6.99996 0 0 
0.00706198 7.06198 0.00447239 0 0 0 0 0 7.00989 0 0 
0.00707198 7.07198 0.00447618 0 0 0 0 0 7.01982 0 0 
0.00708198 7.08198 0.00447991 0 0 0 0 0 7.02975 0 0 
0.00709198 7.09198 0.00448361 0 0 0 0 0 7.03968 0 0 
0.00710198 7.10198 0.00448735 0 0 0 0 0 7.04961 0 0 
0.00711198 7.11198 0.00449109 0 0 0 0 0 7.05954 0 0 
0.00712198 7.12198 0.00449478 0 0 0 0 0 7.06946 0 0 
0.00713198 7.13198 0.00449846 0 0 0 0 0 7.07939 0 0 
0.00714198 7.14198 0.00450223 0 0 0 0 0 7.08932 0 0 
0.00715198 7.15198 0.00450594 0 0 0 0 0 7.09925 0 0 
0.00716198 7.16198 0.00450962 0 0 0 0 0 7.10918 0 0 
0.00717198 7.17198 0.00451329 0 0 0 0 0 7.11911 0 0 
0.00718198 7.18198 0.00451705 0 0 0 0 0 7.12904 0 0 
0.00719198 7.19198 0.00452075 0 0 0 0 0 7.13897 0 0 
0.00720198 7.20198 0.00452442 0 0 0 0 0 7.1489 0 0 
0.00721198 7.21198 0.00452808 0 0 0 0 0 7.15882 0 0 
0.00722198 7.22198 0.00453183 0 0 0 0 0 7.16875 0 0 
0.00723198 7.23198 0.00453552 0 0 0 0 0 7.17868 0 0 
0.00724198 7.24198 0.00453918 0 0 0 0 0 7.18861 0 0 
0.00725198 7.25198 0.00454282 0 0 0 0 0 7.19854 0 0 
0.00726198 7.26198 0.00454656 0 0 0 0 0 7.20847 0 0 
0.00727198 7.27198 0.00455024 0 0 0 0 0 7.2184 0 0 
0.00728198 7.28198 0.00455389 0 0 0 0 0 7.22833 0 0 
0.00729198 7.29198 0.00455753 0 0 0 0 0 7.23826 0 0 
0.00730198 7.30198 0.00456126 0 0 0 0 0 7.24818 0 0 
0.00731198 7.31198 0.00456492 0 0 0 0 0 7.25811 0 0 
0.00732198 7.32198 0.00456856 0 0 0 0 0 7.26804 0 0 
0.00733198 7.33198 0.00457219 0 0 0 0 0 7.27797 0 0 
0.00734198 7.34198 0.0045759 0 0 0 0 0 7.2879 0 0 
0.00735198 7.35198 0.00457956 0 0 0 0 0 7.29783 0 0 
0.00736198 7.36198 0.00458319 0 0 0 0 0 7.30776 0 0 
0.00737198 7.37198 0.0045868 0 0 0 0 0 7.31769 0 0 
0.00738198 7.38198 0.00459051 0 0 0 0 0 7.32762 0 0 
0.00739198 7.39198 0.00459415 0 0 0 0 0 7.33755 0 0 
0.00740198 7.40198 0.00459777 0 0 0 0 0 7.34747 0 0 
0.00741198 7.41198 0.00460137 0 0 0 0 0 7.3574 0 0 
0.00742198 7.42198 0.00460507 0 0 0 0 0 7.36733 0 0 
0.00743198 7.43198 0.0046087 0 0 0 0 0 7.37726 0 0 
0.00744198 7.44198 0.00461231 0 0 0 0 0 7.38719 0 0 
0.00745198 7.45198 0.0046159 0 0 0 0 0 7.39712 0 0 
0.00746198 7.46198 0.00461958 0 0 0 0 0 7.40705 0 0 
0.00747198 7.47198 0.00462321 0 0 0 0 0 7.41698 0 0 
0.00748198 7.48198 0.0046268 0 0 0 0 0 7.42691 0 0 
0.00749198 7.49198 0.00463039 0 0 0 0 0 7.43683 0 0 
0.00750198 7.50198 0.00463406 0 0 0 0 0 7.44676 0 0 
0.00751198 7.51198 0.00463767 0 0 0 0 0 7.45669 0 0 
0.00752198 7.52198 0.00464126 0 0 0 0 0 7.46662 0 0 
0.00753198 7.53198 0.00464483 0 0 0 0 0 7.47655 0 0 
0.00754198 7.54198 0.00464849 0 0 0 0 0 7.48648 0 0 
0.00755198 7.55198 0.00465209 0 0 0 0 0 7.49641 0 0 
0.00756198 7.56198 0.00465567 0 0 0 0 0 7.50634 0 0 
0.00757198 7.57198 0.00465923 0 0 0 0 0 7.51627 0 0 
0.00758198 7.58198 0.00466288 0 0 0 0 0 7.5262 0 0 
0.00759198 7.59198 0.00466647 0 0 0 0 0 7.53612 0 0 
0.00760198 7.60198 0.00467004 0 0 0 0 0 7.54605 0 0 
0.00761198 7.61198 0.00467359 0 0 0 0 0 7.55598 0 0 
0.00762198 7.62198 0.00467723 0 0 0 0 0 7.56591 0 0 
0.00763198 7.63198 0.00468081 0 0 0 0 0 7.57584 0 0 
0.00764198 7.64198 0.00468437 0 0 0 0 0 7.58577 0 0 
0.00765198 7.65198 0.00468791 0 0 0 0 0 7.5957 0 0 
0.00766198 7.66198 0.00469154 0 0 0 0 0 7.60563 0 0 
0.00767198 7.67198 0.00469511 0 0 0 0 0 7.61556 0 0 
0.00768198 7.68198 0.00469865 0 0 0 0 0 7.62549 0 0 
0.00769198 7.69198 0.00470218 0 0 0 0 0 7.63541 0 0 
0.00770198 7.70198 0.0047058 0 0 0 0 0 7.64534 0 0 
0.00771198 7.71198 0.00470936 0 0 0 0 0 7.65527 0 0 
0.00772198 7.72198 0.0047129 0 0 0 0 0 7.6652 0 0 
0.00773198 7.73198 0.00471642 0 0 0 0 0 7.67513 0 0 
0.00774198 7.74198 0.00472003 0 0 0 0 0 7.68506 0 0 
0.00775198 7.75198 0.00472358 0 0 0 0 0 7.69499 0 0 
0.00776198 7.76198 0.0047271 0 0 0 0 0 7.70492 0 0 
0.00777198 7.77198 0.00473061 0 0 0 0 0 7.71485 0 0 
0.00778198 7.78198 0.00473421 0 0 0 0 0 7.72478 0 0 
0.00779198 7.79198 0.00473775 0 0 0 0 0 7.7347 0 0 
0.00780198 7.80198 0.00474127 0 0 0 0 0 7.74463 0 0 
0.00781198 7.81198 0.00474477 0 0 0 0 0 7.75456 0 0 
0.00782198 7.82198 0.00474835 0 0 0 0 0 7.76449 0 0 
0.00783198 7.83198 0.00475188 0 0 0 0 0 7.77442 0 0 
0.00784198 7.84198 0.00475539 0 0 0 0 0 7.78435 0 0 
0.00785198 7.85198 0.00475888 0 0 0 0 0 7.79428 0 0 
0.00786198 7.86198 0.00476245 0 0 0 0 0 7.80421 0 0 
0.00787198 7.87198 0.00476597 0 0 0 0 0 7.81414 0 0 
0.00788198 7.88198 0.00476947 0 0 0 0 0 7.82407 0 0 
0.00789198 7.89198 0.00477295 0 0 0 0 0 7.834 0 0 
0.00790198 7.90198 0.00477652 0 0 0 0 0 7.84392 0 0 
0.00791198 7.91198 0.00478003 0 0 0 0 0 7.85385 0 0 
0.00792198 7.92198 0.00478352 0 0 0 0 0 7.86378 0 0 
0.00793198 7.93198 0.00478699 0 0 0 0 0 7.87371 0 0 
0.00794198 7.94198 0.00479055 0 0 0 0 0 7.88364 0 0 
0.00795198 7.95198 0.00479405 0 0 0 0 0 7.89357 0 0 
0.00796198 7.96198 0.00479753 0 0 0 0 0 7.9035 0 0 
0.00797198 7.97198 0.00480099 0 0 0 0 0 7.91343 0 0 
0.00798198 7.98198 0.00480451 0 0 0 0 0 7.92336 0 0 
0.00799198 7.99198 0.00480802 0 0 0 0 0 7.93329 0 0 
0.00800198 8.00198 0.00481149 0 0 0 0 0 7.94322 0 0 
0.00801198 8.01198 0.00481494 0 0 0 0 0 7.95314 0 0 
0.00802198 8.02198 0.00481838 0 0 0 0 0 7.96307 0 0 
0.00803198 8.03198 0.00482193 0 0 0 0 0 7.973 0 0 
0.00804198 8.04198 0.00482543 0 0 0 0 0 7.98293 0 0 
0.00805198 8.05198 0.00482888 0 0 0 0 0 7.99286 0 0 
0.00806198 8.06198 0.00483233 0 0 0 0 0 8.00279 0 0 
0.00807198 8.07198 0.00483576 0 0 0 0 0 8.01272 0 0 
0.00808198 8.08198 0.00483929 0 0 0 0 0 8.02265 0 0 
0.00809198 8.09198 0.00484276 0 0 0 0 0 8.03258 0 0 
0.00810198 8.10198 0.00484621 0 0 0 0 0 8.04251 0 0 
0.00811198 8.11198 0.00484964 0 0 0 0 0 8.05244 0 0 
0.00812198 8.12198 0.00485306 0 0 0 0 0 8.06236 0 0 
0.00813198 8.13198 0.00485658 0 0 0 0 0 8.07229 0 0 
0.00814198 8.14198 0.00486005 0 0 0 0 0 8.08222 0 0 
0.00815198 8.15198 0.00486348 0 0 0 0 0 8.09215 0 0 
0.00816198 8.16198 0.0048669 0 0 0 0 0 8.10208 0 0 
0.00817198 8.17198 0.00487031 0 0 0 0 0 8.11201 0 0 
0.00818198 8.18198 0.00487382 0 0 0 0 0 8.12194 0 0 
0.00819198 8.19198 0.00487727 0 0 0 0 0 8.13187 0 0 
0.00820198 8.20198 0.0048807 0 0 0 0 0 8.1418 0 0 
0.00821198 8.21198 0.00488411 0 0 0 0 0 8.15173 0 0 
0.00822198 8.22198 0.00488751 0 0 0 0 0 8.16166 0 0 
0.00823198 8.23198 0.004891 0 0 0 0 0 8.17158 0 0 
0.00824198 8.24198 0.00489444 0 0 0 0 0 8.18151 0 0 
0.00825198 8.25198 0.00489785 0 0 0 0 0 8.19144 0 0 
0.00826198 8.26198 0.00490125 0 0 0 0 0 8.20137 0 0 
0.00827198 8.27198 0.00490464 0 0 0 0 0 8.2113 0 0 
0.00828198 8.28198 0.00490813 0 0 0 0 0 8.22123 0 0 
0.00829198 8.29198 0.00491155 0 0 0 0 0 8.23116 0 0 
0.00830198 8.30198 0.00491495 0 0 0 0 0 8.24109 0 0 
0.00831198 8.31198 0.00491834 0 0 0 0 0 8.25102 0 0 
0.00832198 8.32198 0.00492172 0 0 0 0 0 8.26095 0 0 
0.00833198 8.33198 0.00492519 0 0 0 0 0 8.27088 0 0 
0.00834198 8.34198 0.00492861 0 0 0 0 0 8.28081 0 0 
0.00835198 8.35198 0.004932 0 0 0 0 0 8.29073 0 0 
0.00836198 8.36198 0.00493537 0 0 0 0 0 8.30066 0 0 
0.00837198 8.37198 0.00493874 0 0 0 0 0 8.31059 0 0 
0.00838198 8.38198 0.0049422 0 0 0 0 0 8.32052 0 0 
0.00839198 8.39198 0.0049456 0 0 0 0 0 8.33045 0 0 
0.00840198 8.40198 0.00494898 0 0 0 0 0 8.34038 0 0 
0.00841198 8.41198 0.00495235 0 0 0 0 0 8.35031 0 0 
0.00842198 8.42198 0.0049557 0 0 0 0 0 8.36024 0 0 
0.00843198 8.43198 0.00495915 0 0 0 0 0 8.37017 0 0 
0.00844198 8.44198 0.00496254 0 0 0 0 0 8.3801 0 0 
0.00845198 8.45198 0.00496591 0 0 0 0 0 8.39003 0 0 
0.00846198 8.46198 0.00496927 0 0 0 0 0 8.39996 0 0 
0.00847198 8.47198 0.00497261 0 0 0 0 0 8.40989 0 0 
0.00848198 8.48198 0.00497605 0 0 0 0 0 8.41981 0 0 
0.00849198 8.49198 0.00497943 0 0 0 0 0 8.42974 0 0 
0.00850198 8.50198 0.00498278 0 0 0 0 0 8.43967 0 0 
0.00851198 8.51198 0.00498613 0 0 0 0 0 8.4496 0 0 
0.00852198 8.52198 0.00498946 0 0 0 0 0 8.45953 0 0 
0.00853198 8.53198 0.00499289 0 0 0 0 0 8.46946 0 0 
0.00854198 8.54198 0.00499625 0 0 0 0 0 8.47939 0 0 
0.00855198 8.55198 0.0049996 0 0 0 0 0 8.48932 0 0 
0.00856198 8.56198 0.00500294 0 0 0 0 0 8.49925 0 0 
0.00857198 8.57198 0.00500626 0 0 0 0 0 8.50918 0 0 
0.00858198 8.58198 0.00500967 0 0 0 0 0 8.51911 0 0 
0.00859198 8.59198 0.00501303 0 0 0 0 0 8.52904 0 0 
0.00860198 8.60198 0.00501636 0 0 0 0 0 8.53896 0 0 
0.00861198 8.61198 0.00501969 0 0 0 0 0 8.54889 0 0 
0.00862198 8.62198 0.005023 0 0 0 0 0 8.55882 0 0 
0.00863198 8.63198 0.0050264 0 0 0 0 0 8.56875 0 0 
0.00864198 8.64198 0.00502974 0 0 0 0 0 8.57868 0 0 
0.00865198 8.65198 0.00503307 0 0 0 0 0 8.58861 0 0 
0.00866198 8.66198 0.00503638 0 0 0 0 0 8.59854 0 0 
0.00867198 8.67198 0.00503969 0 0 0 0 0 8.60847 0 0 
0.00868198 8.68198 0.00504307 0 0 0 0 0 8.6184 0 0 
0.00869198 8.69198 0.00504641 0 0 0 0 0 8.62833 0 0 
0.00870198 8.70198 0.00504972 0 0 0 0 0 8.63826 0 0 
0.00871198 8.71198 0.00505302 0 0 0 0 0 8.64819 0 0 
0.00872198 8.72198 0.00505632 0 0 0 0 0 8.65812 0 0 
0.00873198 8.73198 0.00505966 0 0 0 0 0 8.66805 0 0 
0.00874198 8.74198 0.00506301 0 0 0 0 0 8.67797 0 0 
0.00875198 8.75198 0.00506631 0 0 0 0 0 8.6879 0 0 
0.00876198 8.76198 0.00506961 0 0 0 0 0 8.69783 0 0 
0.00877198 8.77198 0.00507289 0 0 0 0 0 8.70776 0 0 
0.00878198 8.78198 0.00507617 0 0 0 0 0 8.71769 0 0 
0.00879198 8.79198 0.00507954 0 0 0 0 0 8.72762 0 0 
0.00880198 8.80198 0.00508286 0 0 0 0 0 8.73755 0 0 
0.00881198 8.81198 0.00508615 0 0 0 0 0 8.74748 0 0 
0.00882198 8.82198 0.00508943 0 0 0 0 0 8.75741 0 0 
0.00883198 8.83198 0.0050927 0 0 0 0 0 8.76734 0 0 
0.00884198 8.84198 0.00509597 0 0 0 0 0 8.77727 0 0 
0.00885198 8.85198 0.00509937 0 0 0 0 0 8.7872 0 0 
0.00886198 8.86198 0.00510266 0 0 0 0 0 8.79713 0 0 
0.00887198 8.87198 0.00510593 0 0 0 0 0 8.80705 0 0 
0.00888198 8.88198 0.0051092 0 0 0 0 0 8.81698 0 0 
0.00889198 8.89198 0.00511246 0 0 0 0 0 8.82691 0 0 
0.00890198 8.90198 0.00511571 0 0 0 0 0 8.83684 0 0 
0.00891198 8.91198 0.00511905 0 0 0 0 0 8.84677 0 0 
0.00892198 8.92198 0.00512235 0 0 0 0 0 8.8567 0 0 
0.00893198 8.93198 0.00512561 0 0 0 0 0 8.86663 0 0 
0.00894198 8.94198 0.00512887 0 0 0 0 0 8.87656 0 0 
0.00895198 8.95198 0.00513212 0 0 0 0 0 8.88649 0 0 
0.00896198 8.96198 0.00513536 0 0 0 0 0 8.89642 0 0 
0.00897198 8.97198 0.00513873 0 0 0 0 0 8.90635 0 0 
0.00898198 8.98198 0.00514199 0 0 0 0 0 8.91628 0 0 
0.00899198 8.99198 0.00514525 0 0 0 0 0 8.92621 0 0 
0.00900198 9.00198 0.00514849 0 0 0 0 0 8.93614 0 0 
0.00901198 9.01198 0.00515172 0 0 0 0 0 8.94607 0 0 
0.00902198 9.02198 0.00515495 0 0 0 0 0 8.95599 0 0 
0.00903198 9.03198 0.00515827 0 0 0 0 0 8.96592 0 0 
0.00904198 9.04198 0.00516153 0 0 0 0 0 8.97585 0 0 
0.00905198 9.05198 0.00516478 0 0 0 0 0 8.98578 0 0 
0.00906198 9.06198 0.00516801 0 0 0 0 0 8.99571 0 0 
0.00907198 9.07198 0.00517123 0 0 0 0 0 9.00564 0 0 
0.00908198 9.08198 0.00517445 0 0 0 0 0 9.01557 0 0 
0.00909198 9.09198 0.00517776 0 0 0 0 0 9.0255 0 0 
0.00910198 9.10198 0.00518101 0 0 0 0 0 9.03543 0 0 
0.00911198 9.11198 0.00518424 0 0 0 0 0 9.04536 0 0 
0.00912198 9.12198 0.00518746 0 0 0 0 0 9.05529 0 0 
0.00913198 9.13198 0.00519068 0 0 0 0 0 9.06522 0 0 
0.00914198 9.14198 0.00519388 0 0 0 0 0 9.07515 0 0 
0.00915198 9.15198 0.00519717 0 0 0 0 0 9.08508 0 0 
0.00916198 9.16198 0.00520042 0 0 0 0 0 9.09501 0 0 
0.00917198 9.17198 0.00520364 0 0 0 0 0 9.10493 0 0 
0.00918198 9.18198 0.00520685 0 0 0 0 0 9.11486 0 0 
0.00919198 9.19198 0.00521005 0 0 0 0 0 9.12479 0 0 
0.00920198 9.20198 0.00521324 0 0 0 0 0 9.13472 0 0 
0.00921198 9.21198 0.00521652 0 0 0 0 0 9.14465 0 0 
0.00922198 9.22198 0.00521975 0 0 0 0 0 9.15458 0 0 
0.00923198 9.23198 0.00522296 0 0 0 0 0 9.16451 0 0 
0.00924198 9.24198 0.00522616 0 0 0 0 0 9.17444 0 0 
0.00925198 9.25198 0.00522935 0 0 0 0 0 9.18437 0 0 
0.00926198 9.26198 0.00523253 0 0 0 0 0 9.1943 0 0 
0.00927198 9.27198 0.00523579 0 0 0 0 0 9.20423 0 0 
0.00928198 9.28198 0.00523901 0 0 0 0 0 9.21416 0 0 
0.00929198 9.29198 0.00524221 0 0 0 0 0 9.22409 0 0 
0.00930198 9.30198 0.0052454 0 0 0 0 0 9.23402 0 0 
0.00931198 9.31198 0.00524857 0 0 0 0 0 9.24395 0 0 
0.00932198 9.32198 0.00525174 0 0 0 0 0 9.25387 0 0 
0.00933198 9.33198 0.00525491 0 0 0 0 0 9.2638 0 0 
0.00934198 9.34198 0.00525818 0 0 0 0 0 9.27373 0 0 
0.00935198 9.35198 0.00526137 0 0 0 0 0 9.28366 0 0 
0.00936198 9.36198 0.00526455 0 0 0 0 0 9.29359 0 0 
0.00937198 9.37198 0.00526772 0 0 0 0 0 9.30352 0 0 
0.00938198 9.38198 0.00527088 0 0 0 0 0 9.31344 0 0 
0.00939198 9.39198 0.00527403 0 0 0 0 0 9.32337 0 0 
0.00940198 9.40198 0.00527733 0 0 0 0 0 9.3333 0 0 
0.00941198 9.41198 0.00528051 0 0 0 0 0 9.34323 0 0 
0.00942198 9.42198 0.00528368 0 0 0 0 0 9.35316 0 0 
0.00943198 9.43198 0.00528684 0 0 0 0 0 9.36309 0 0 
0.00944198 9.44198 0.00528999 0 0 0 0 0 9.37302 0 0 
0.00945198 9.45198 0.00529313 0 0 0 0 0 9.38295 0 0 
0.00946198 9.46198 0.00529627 0 0 0 0 0 9.39288 0 0 
0.00947198 9.47198 0.00529955 0 0 0 0 0 9.40281 0 0 
0.00948198 9.48198 0.00530272 0 0 0 0 0 9.41274 0 0 
0.00949198 9.49198 0.00530588 0 0 0 0 0 9.42267 0 0 
0.00950198 9.50198 0.00530902 0 0 0 0 0 9.4326 0 0 
0.00951198 9.51198 0.00531216 0 0 0 0 0 9.44253 0 0 
0.00952198 9.52198 0.00531529 0 0 0 0 0 9.45246 0 0 
0.00953198 9.53198 0.00531842 0 0 0 0 0 9.46239 0 0 
0.00954198 9.54198 0.00532168 0 0 0 0 0 9.47232 0 0 
0.00955198 9.55198 0.00532484 0 0 0 0 0 9.48224 0 0 
0.00956198 9.56198 0.00532798 0 0 0 0 0 9.49217 0 0 
0.00957198 9.57198 0.00533111 0 0 0 0 0 9.5021 0 0 
0.00958198 9.58198 0.00533424 0 0 0 0 0 9.51203 0 0 
0.00959198 9.59198 0.00533736 0 0 0 0 0 9.52196 0 0 
0.00960198 9.60198 0.00534047 0 0 0 0 0 9.53189 0 0 
0.00961198 9.61198 0.00534368 0 0 0 0 0 9.54182 0 0 
0.00962198 9.62198 0.00534683 0 0 0 0 0 9.55175 0 0 
0.00963198 9.63198 0.00534997 0 0 0 0 0 9.56168 0 0 
0.00964198 9.64198 0.00535309 0 0 0 0 0 9.57161 0 0 
0.00965198 9.65198 0.00535621 0 0 0 0 0 9.58154 0 0 
0.00966198 9.66198 0.00535932 0 0 0 0 0 9.59147 0 0 
0.00967198 9.67198 0.00536242 0 0 0 0 0 9.6014 0 0 
0.00968198 9.68198 0.00536561 0 0 0 0 0 9.61133 0 0 
0.00969198 9.69198 0.00536876 0 0 0 0 0 9.62126 0 0 
0.00970198 9.70198 0.00537188 0 0 0 0 0 9.63119 0 0 
0.00971198 9.71198 0.00537499 0 0 0 0 0 9.64112 0 0 
0.00972198 9.72198 0.00537809 0 0 0 0 0 9.65105 0 0 
0.00973198 9.73198 0.00538119 0 0 0 0 0 9.66097 0 0 
0.00974198 9.74198 0.00538428 0 0 0 0 0 9.6709 0 0 
0.00975198 9.75198 0.00538746 0 0 0 0 0 9.68083 0 0 
0.00976198 9.76198 0.00539059 0 0 0 0 0 9.69076 0 0 
0.00977198 9.77198 0.0053937 0 0 0 0 0 9.70069 0 0 
0.00978198 9.78198 0.0053968 0 0 0 0 0 9.71062 0 0 
0.00979198 9.79198 0.00539989 0 0 0 0 0 9.72055 0 0 
0.00980198 9.80198 0.00540297 0 0 0 0 0 9.73048 0 0 
0.00981198 9.81198 0.00540605 0 0 0 0 0 9.74041 0 0 
0.00982198 9.82198 0.00540922 0 0 0 0 0 9.75034 0 0 
0.00983198 9.83198 0.00541233 0 0 0 0 0 9.76027 0 0 
0.00984198 9.84198 0.00541543 0 0 0 0 0 9.7702 0 0 
0.00985198 9.85198 0.00541852 0 0 0 0 0 9.78013 0 0 
0.00986198 9.86198 0.00542159 0 0 0 0 0 9.79006 0 0 
0.00987198 9.87198 0.00542467 0 0 0 0 0 9.79999 0 0 
0.00988198 9.88198 0.00542773 0 0 0 0 0 9.80992 0 0 
0.00989198 9.89198 0.00543085 0 0 0 0 0 9.81985 0 0 
0.00990198 9.90198 0.00543398 0 0 0 0 0 9.82978 0 0 
0.00991198 9.91198 0.00543706 0 0 0 0 0 9.83971 0 0 
0.00992198 9.92198 0.00544014 0 0 0 0 0 9.84963 0 0 
0.00993198 9.93198 0.00544321 0 0 0 0 0 9.85956 0 0 
0.00994198 9.94198 0.00544627 0 0 0 0 0 9.86949 0 0 
0.00995198 9.95198 0.00544932 0 0 0 0 0 9.87942 0 0 
0.00996198 9.96198 0.00545237 0 0 0 0 0 9.88935 0 0 
0.00997198 9.97198 0.00545552 0 0 0 0 0 9.89928 0 0 
0.00998198 9.98198 0.00545861 0 0 0 0 0 9.90921 0 0 
0.00999198 9.99198 0.00546168 0 0 0 0 0 9.91914 0 0 
0.010002 10.002 0.00546475 0 0 0 0 0 9.92907 0 0 
0.010012 10.012 0.0054678 0 0 0 0 0 9.939 0 0 
0.010022 10.022 0.00547085 0 0 0 0 0 9.94893 0 0 
0.010032 10.032 0.00547389 0 0 0 0 0 9.95886 0 0 
0.010042 10.042 0.00547692 0 0 0 0 0 9.96879 0 0 
0.010052 10.052 0.00548005 0 0 0 0 0 9.97872 0 0 
0.010062 10.062 0.00548313 0 0 0 0 0 9.98865 0 0 
0.010072 10.072 0.00548619 0 0 0 0 0 9.99858 0 0 
0.010082 10.082 0.00548924 0 0 0 0 0 10.0085 0 0 
0.010092 10.092 0.00549228 0 0 0 0 0 10.0184 0 0 
0.010102 10.102 0.00549531 0 0 0 0 0 10.0284 0 0 
0.010112 10.112 0.00549834 0 0 0 0 0 10.0383 0 0 
0.010122 10.122 0.00550136 0 0 0 0 0 10.0482 0 0 
0.010132 10.132 0.00550448 0 0 0 0 0 10.0582 0 0 
0.010142 10.142 0.00550754 0 0 0 0 0 10.0681 0 0 
0.010152 10.152 0.00551059 0 0 0 0 0 10.078 0 0 
0.010162 10.162 0.00551362 0 0 0 0 0 10.0879 0 0 
0.010172 10.172 0.00551665 0 0 0 0 0 10.0979 0 0 
0.010182 10.182 0.00551967 0 0 0 0 0 10.1078 0 0 
0.010192 10.192 0.00552268 0 0 0 0 0 10.1177 0 0 
0.010202 10.202 0.00552569 0 0 0 0 0 10.1277 0 0 
0.010212 10.212 0.00552879 0 0 0 0 0 10.1376 0 0 
0.010222 10.222 0.00553184 0 0 0 0 0 10.1475 0 0 
0.010232 10.232 0.00553488 0 0 0 0 0 10.1574 0 0 
0.010242 10.242 0.0055379 0 0 0 0 0 10.1674 0 0 
0.010252 10.252 0.00554091 0 0 0 0 0 10.1773 0 0 
0.010262 10.262 0.00554392 0 0 0 0 0 10.1872 0 0 
0.010272 10.272 0.00554692 0 0 0 0 0 10.1972 0 0 
0.010282 10.282 0.00554991 0 0 0 0 0 10.2071 0 0 
0.010292 10.292 0.005553 0 0 0 0 0 10.217 0 0 
0.010302 10.302 0.00555604 0 0 0 0 0 10.227 0 0 
0.010312 10.312 0.00555905 0 0 0 0 0 10.2369 0 0 
0.010322 10.322 0.00556206 0 0 0 0 0 10.2468 0 0 
0.010332 10.332 0.00556506 0 0 0 0 0 10.2567 0 0 
0.010342 10.342 0.00556805 0 0 0 0 0 10.2667 0 0 
0.010352 10.352 0.00557104 0 0 0 0 0 10.2766 0 0 
0.010362 10.362 0.00557402 0 0 0 0 0 10.2865 0 0 
0.010372 10.372 0.00557707 0 0 0 0 0 10.2965 0 0 
0.010382 10.382 0.00558011 0 0 0 0 0 10.3064 0 0 
0.010392 10.392 0.00558311 0 0 0 0 0 10.3163 0 0 
0.010402 10.402 0.00558611 0 0 0 0 0 10.3263 0 0 
0.010412 10.412 0.0055891 0 0 0 0 0 10.3362 0 0 
0.010422 10.422 0.00559208 0 0 0 0 0 10.3461 0 0 
0.010432 10.432 0.00559506 0 0 0 0 0 10.356 0 0 
0.010442 10.442 0.00559803 0 0 0 0 0 10.366 0 0 
0.010452 10.452 0.00560099 0 0 0 0 0 10.3759 0 0 
0.010462 10.462 0.00560405 0 0 0 0 0 10.3858 0 0 
0.010472 10.472 0.00560707 0 0 0 0 0 10.3958 0 0 
0.010482 10.482 0.00561006 0 0 0 0 0 10.4057 0 0 
0.010492 10.492 0.00561304 0 0 0 0 0 10.4156 0 0 
0.010502 10.502 0.00561601 0 0 0 0 0 10.4255 0 0 
0.010512 10.512 0.00561898 0 0 0 0 0 10.4355 0 0 
0.010522 10.522 0.00562194 0 0 0 0 0 10.4454 0 0 
0.010532 10.532 0.0056249 0 0 0 0 0 10.4553 0 0 
0.010542 10.542 0.00562785 0 0 0 0 0 10.4653 0 0 
0.010552 10.552 0.00563094 0 0 0 0 0 10.4752 0 0 
0.010562 10.562 0.00563391 0 0 0 0 0 10.4851 0 0 
0.010572 10.572 0.00563689 0 0 0 0 0 10.4951 0 0 
0.010582 10.582 0.00563985 0 0 0 0 0 10.505 0 0 
0.010592 10.592 0.00564281 0 0 0 0 0 10.5149 0 0 
0.010602 10.602 0.00564576 0 0 0 0 0 10.5248 0 0 
0.010612 10.612 0.0056487 0 0 0 0 0 10.5348 0 0 
0.010622 10.622 0.00565164 0 0 0 0 0 10.5447 0 0 
0.010632 10.632 0.00565458 0 0 0 0 0 10.5546 0 0 
0.010642 10.642 0.00565761 0 0 0 0 0 10.5646 0 0 
0.010652 10.652 0.00566059 0 0 0 0 0 10.5745 0 0 
0.010662 10.662 0.00566355 0 0 0 0 0 10.5844 0 0 
0.010672 10.672 0.00566651 0 0 0 0 0 10.5944 0 0 
0.010682 10.682 0.00566945 0 0 0 0 0 10.6043 0 0 
0.010692 10.692 0.00567239 0 0 0 0 0 10.6142 0 0 
0.010702 10.702 0.00567532 0 0 0 0 0 10.6241 0 0 
0.010712 10.712 0.00567825 0 0 0 0 0 10.6341 0 0 
0.010722 10.722 0.00568117 0 0 0 0 0 10.644 0 0 
0.010732 10.732 0.00568423 0 0 0 0 0 10.6539 0 0 
0.010742 10.742 0.00568718 0 0 0 0 0 10.6639 0 0 
0.010752 10.752 0.00569012 0 0 0 0 0 10.6738 0 0 
0.010762 10.762 0.00569305 0 0 0 0 0 10.6837 0 0 
0.010772 10.772 0.00569598 0 0 0 0 0 10.6936 0 0 
0.010782 10.782 0.0056989 0 0 0 0 0 10.7036 0 0 
0.010792 10.792 0.00570182 0 0 0 0 0 10.7135 0 0 
0.010802 10.802 0.00570474 0 0 0 0 0 10.7234 0 0 
0.010812 10.812 0.00570765 0 0 0 0 0 10.7334 0 0 
0.010822 10.822 0.00571055 0 0 0 0 0 10.7433 0 0 
0.010832 10.832 0.00571356 0 0 0 0 0 10.7532 0 0 
0.010842 10.842 0.00571651 0 0 0 0 0 10.7632 0 0 
0.010852 10.852 0.00571944 0 0 0 0 0 10.7731 0 0 
0.010862 10.862 0.00572236 0 0 0 0 0 10.783 0 0 
0.010872 10.872 0.00572528 0 0 0 0 0 10.7929 0 0 
0.010882 10.882 0.00572819 0 0 0 0 0 10.8029 0 0 
0.010892 10.892 0.00573109 0 0 0 0 0 10.8128 0 0 
0.010902 10.902 0.00573399 0 0 0 0 0 10.8227 0 0 
0.010912 10.912 0.00573689 0 0 0 0 0 10.8327 0 0 
0.010922 10.922 0.00573978 0 0 0 0 0 10.8426 0 0 
0.010932 10.932 0.00574277 0 0 0 0 0 10.8525 0 0 
0.010942 10.942 0.0057457 0 0 0 0 0 10.8625 0 0 
0.010952 10.952 0.00574862 0 0 0 0 0 10.8724 0 0 
0.010962 10.962 0.00575153 0 0 0 0 0 10.8823 0 0 
0.010972 10.972 0.00575443 0 0 0 0 0 10.8922 0 0 
0.010982 10.982 0.00575732 0 0 0 0 0 10.9022 0 0 
0.010992 10.992 0.00576021 0 0 0 0 0 10.9121 0 0 
0.011002 11.002 0.0057631 0 0 0 0 0 10.922 0 0 
0.011012 11.012 0.00576598 0 0 0 0 0 10.932 0 0 
0.011022 11.022 0.00576886 0 0 0 0 0 10.9419 0 0 
0.011032 11.032 0.00577183 0 0 0 0 0 10.9518 0 0 
0.011042 11.042 0.00577475 0 0 0 0 0 10.9617 0 0 
0.011052 11.052 0.00577765 0 0 0 0 0 10.9717 0 0 
0.011062 11.062 0.00578054 0 0 0 0 0 10.9816 0 0 
0.011072 11.072 0.00578343 0 0 0 0 0 10.9915 0 0 
0.011082 11.082 0.00578631 0 0 0 0 0 11.0015 0 0 
0.011092 11.092 0.00578918 0 0 0 0 0 11.0114 0 0 
0.011102 11.102 0.00579205 0 0 0 0 0 11.0213 0 0 
0.011112 11.112 0.00579492 0 0 0 0 0 11.0313 0 0 
0.011122 11.122 0.00579778 0 0 0 0 0 11.0412 0 0 
0.011132 11.132 0.0058007 0 0 0 0 0 11.0511 0 0 
0.011142 11.142 0.00580362 0 0 0 0 0 11.061 0 0 
0.011152 11.152 0.00580651 0 0 0 0 0 11.071 0 0 
0.011162 11.162 0.00580939 0 0 0 0 0 11.0809 0 0 
0.011172 11.172 0.00581227 0 0 0 0 0 11.0908 0 0 
0.011182 11.182 0.00581513 0 0 0 0 0 11.1008 0 0 
0.011192 11.192 0.00581799 0 0 0 0 0 11.1107 0 0 
0.011202 11.202 0.00582085 0 0 0 0 0 11.1206 0 0 
0.011212 11.212 0.0058237 0 0 0 0 0 11.1306 0 0 
0.011222 11.222 0.00582655 0 0 0 0 0 11.1405 0 0 
0.011232 11.232 0.0058294 0 0 0 0 0 11.1504 0 0 
0.011242 11.242 0.00583238 0 0 0 0 0 11.1603 0 0 
0.011252 11.252 0.00583525 0 0 0 0 0 11.1703 0 0 
0.011262 11.262 0.00583812 0 0 0 0 0 11.1802 0 0 
0.011272 11.272 0.00584098 0 0 0 0 0 11.1901 0 0 
0.011282 11.282 0.00584383 0 0 0 0 0 11.2001 0 0 
0.011292 11.292 0.00584668 0 0 0 0 0 11.21 0 0 
0.011302 11.302 0.00584952 0 0 0 0 0 11.2199 0 0 
0.011312 11.312 0.00585236 0 0 0 0 0 11.2298 0 0 
0.011322 11.322 0.0058552 0 0 0 0 0 11.2398 0 0 
0.011332 11.332 0.00585803 0 0 0 0 0 11.2497 0 0 
0.011342 11.342 0.00586086 0 0 0 0 0 11.2596 0 0 
0.011352 11.352 0.00586378 0 0 0 0 0 11.2696 0 0 
0.011362 11.362 0.00586665 0 0 0 0 0 11.2795 0 0 
0.011372 11.372 0.00586951 0 0 0 0 0 11.2894 0 0 
0.011382 11.382 0.00587236 0 0 0 0 0 11.2994 0 0 
0.011392 11.392 0.0058752 0 0 0 0 0 11.3093 0 0 
0.011402 11.402 0.00587803 0 0 0 0 0 11.3192 0 0 
0.011412 11.412 0.00588086 0 0 0 0 0 11.3291 0 0 
0.011422 11.422 0.00588368 0 0 0 0 0 11.3391 0 0 
0.011432 11.432 0.0058865 0 0 0 0 0 11.349 0 0 
0.011442 11.442 0.00588932 0 0 0 0 0 11.3589 0 0 
0.011452 11.452 0.00589213 0 0 0 0 0 11.3689 0 0 
0.011462 11.462 0.00589501 0 0 0 0 0 11.3788 0 0 
0.011472 11.472 0.00589788 0 0 0 0 0 11.3887 0 0 
0.011482 11.482 0.00590072 0 0 0 0 0 11.3987 0 0 
0.011492 11.492 0.00590356 0 0 0 0 0 11.4086 0 0 
0.011502 11.502 0.00590638 0 0 0 0 0 11.4185 0 0 
0.011512 11.512 0.0059092 0 0 0 0 0 11.4284 0 0 
0.011522 11.522 0.00591202 0 0 0 0 0 11.4384 0 0 
0.011532 11.532 0.00591483 0 0 0 0 0 11.4483 0 0 
0.011542 11.542 0.00591763 0 0 0 0 0 11.4582 0 0 
0.011552 11.552 0.00592043 0 0 0 0 0 11.4682 0 0 
0.011562 11.562 0.00592323 0 0 0 0 0 11.4781 0 0 
0.011572 11.572 0.00592603 0 0 0 0 0 11.488 0 0 
0.011582 11.582 0.00592896 0 0 0 0 0 11.498 0 0 
0.011592 11.592 0.00593179 0 0 0 0 0 11.5079 0 0 
0.011602 11.602 0.0059346 0 0 0 0 0 11.5178 0 0 
0.011612 11.612 0.00593742 0 0 0 0 0 11.5277 0 0 
0.011622 11.622 0.00594022 0 0 0 0 0 11.5377 0 0 
0.011632 11.632 0.00594302 0 0 0 0 0 11.5476 0 0 
0.011642 11.642 0.00594582 0 0 0 0 0 11.5575 0 0 
0.011652 11.652 0.00594861 0 0 0 0 0 11.5675 0 0 
0.011662 11.662 0.0059514 0 0 0 0 0 11.5774 0 0 
0.011672 11.672 0.00595418 0 0 0 0 0 11.5873 0 0 
0.011682 11.682 0.00595697 0 0 0 0 0 11.5972 0 0 
0.011692 11.692 0.00595975 0 0 0 0 0 11.6072 0 0 
0.011702 11.702 0.00596262 0 0 0 0 0 11.6171 0 0 
0.011712 11.712 0.00596544 0 0 0 0 0 11.627 0 0 
0.011722 11.722 0.00596825 0 0 0 0 0 11.637 0 0 
0.011732 11.732 0.00597104 0 0 0 0 0 11.6469 0 0 
0.011742 11.742 0.00597384 0 0 0 0 0 11.6568 0 0 
0.011752 11.752 0.00597662 0 0 0 0 0 11.6668 0 0 
0.011762 11.762 0.0059794 0 0 0 0 0 11.6767 0 0 
0.011772 11.772 0.00598218 0 0 0 0 0 11.6866 0 0 
0.011782 11.782 0.00598495 0 0 0 0 0 11.6965 0 0 
0.011792 11.792 0.00598772 0 0 0 0 0 11.7065 0 0 
0.011802 11.802 0.00599049 0 0 0 0 0 11.7164 0 0 
0.011812 11.812 0.00599325 0 0 0 0 0 11.7263 0 0 
0.011822 11.822 0.00599601 0 0 0 0 0 11.7363 0 0 
0.011832 11.832 0.00599887 0 0 0 0 0 11.7462 0 0 
0.011842 11.842 0.00600168 0 0 0 0 0 11.7561 0 0 
0.011852 11.852 0.00600447 0 0 0 0 0 11.7661 0 0 
0.011862 11.862 0.00600725 0 0 0 0 0 11.776 0 0 
0.011872 11.872 0.00601002 0 0 0 0 0 11.7859 0 0 
0.011882 11.882 0.00601279 0 0 0 0 0 11.7958 0 0 
0.011892 11.892 0.00601555 0 0 0 0 0 11.8058 0 0 
0.011902 11.902 0.00601831 0 0 0 0 0 11.8157 0 0 
0.011912 11.912 0.00602107 0 0 0 0 0 11.8256 0 0 
0.011922 11.922 0.00602382 0 0 0 0 0 11.8356 0 0 
0.011932 11.932 0.00602657 0 0 0 0 0 11.8455 0 0 
0.011942 11.942 0.00602932 0 0 0 0 0 11.8554 0 0 
0.011952 11.952 0.00603206 0 0 0 0 0 11.8654 0 0 
0.011962 11.962 0.0060349 0 0 0 0 0 11.8753 0 0 
0.011972 11.972 0.00603769 0 0 0 0 0 11.8852 0 0 
0.011982 11.982 0.00604046 0 0 0 0 0 11.8951 0 0 
0.011992 11.992 0.00604322 0 0 0 0 0 11.9051 0 0 
0.012002 12.002 0.00604598 0 0 0 0 0 11.915 0 0 
0.012012 12.012 0.00604873 0 0 0 0 0 11.9249 0 0 
0.012022 12.022 0.00605147 0 0 0 0 0 11.9349 0 0 
0.012032 12.032 0.00605422 0 0 0 0 0 11.9448 0 0 
0.012042 12.042 0.00605696 0 0 0 0 0 11.9547 0 0 
0.012052 12.052 0.00605969 0 0 0 0 0 11.9647 0 0 
0.012062 12.062 0.00606242 0 0 0 0 0 11.9746 0 0 
0.012072 12.072 0.00606515 0 0 0 0 0 11.9845 0 0 
0.012082 12.082 0.00606788 0 0 0 0 0 11.9944 0 0 
0.012092 12.092 0.0060706 0 0 0 0 0 12.0044 0 0 
0.012102 12.102 0.00607342 0 0 0 0 0 12.0143 0 0 
0.012112 12.112 0.0060762 0 0 0 0 0 12.0242 0 0 
0.012122 12.122 0.00607895 0 0 0 0 0 12.0342 0 0 
0.012132 12.132 0.00608169 0 0 0 0 0 12.0441 0 0 
0.012142 12.142 0.00608443 0 0 0 0 0 12.054 0 0 
0.012152 12.152 0.00608717 0 0 0 0 0 12.0639 0 0 
0.012162 12.162 0.0060899 0 0 0 0 0 12.0739 0 0 
0.012172 12.172 0.00609262 0 0 0 0 0 12.0838 0 0 
0.012182 12.182 0.00609534 0 0 0 0 0 12.0937 0 0 
0.012192 12.192 0.00609806 0 0 0 0 0 12.1037 0 0 
0.012202 12.202 0.00610077 0 0 0 0 0 12.1136 0 0 
0.012212 12.212 0.00610349 0 0 0 0 0 12.1235 0 0 
0.012222 12.222 0.0061062 0 0 0 0 0 12.1335 0 0 
0.012232 12.232 0.0061089 0 0 0 0 0 12.1434 0 0 
0.012242 12.242 0.00611161 0 0 0 0 0 12.1533 0 0 
0.012252 12.252 0.00611442 0 0 0 0 0 12.1632 0 0 
0.012262 12.262 0.00611716 0 0 0 0 0 12.1732 0 0 
0.012272 12.272 0.00611989 0 0 0 0 0 12.1831 0 0 
0.012282 12.282 0.00612262 0 0 0 0 0 12.193 0 0 
0.012292 12.292 0.00612533 0 0 0 0 0 12.203 0 0 
0.012302 12.302 0.00612805 0 0 0 0 0 12.2129 0 0 
0.012312 12.312 0.00613075 0 0 0 0 0 12.2228 0 0 
0.012322 12.322 0.00613346 0 0 0 0 0 12.2328 0 0 
0.012332 12.332 0.00613616 0 0 0 0 0 12.2427 0 0 
0.012342 12.342 0.00613886 0 0 0 0 0 12.2526 0 0 
0.012352 12.352 0.00614155 0 0 0 0 0 12.2625 0 0 
0.012362 12.362 0.00614425 0 0 0 0 0 12.2725 0 0 
0.012372 12.372 0.00614694 0 0 0 0 0 12.2824 0 0 
0.012382 12.382 0.00614962 0 0 0 0 0 12.2923 0 0 
0.012392 12.392 0.0061524 0 0 0 0 0 12.3023 0 0 
0.012402 12.402 0.00615514 0 0 0 0 0 12.3122 0 0 
0.012412 12.412 0.00615785 0 0 0 0 0 12.3221 0 0 
0.012422 12.422 0.00616056 0 0 0 0 0 12.332 0 0 
0.012432 12.432 0.00616326 0 0 0 0 0 12.342 0 0 
0.012442 12.442 0.00616596 0 0 0 0 0 12.3519 0 0 
0.012452 12.452 0.00616865 0 0 0 0 0 12.3618 0 0 
0.012462 12.462 0.00617134 0 0 0 0 0 12.3718 0 0 
0.012472 12.472 0.00617403 0 0 0 0 0 12.3817 0 0 
0.012482 12.482 0.00617671 0 0 0 0 0 12.3916 0 0 
0.012492 12.492 0.00617939 0 0 0 0 0 12.4016 0 0 
0.012502 12.502 0.00618206 0 0 0 0 0 12.4115 0 0 
0.012512 12.512 0.00618474 0 0 0 0 0 12.4214 0 0 
0.012522 12.522 0.00618741 0 0 0 0 0 12.4313 0 0 
0.012532 12.532 0.00619008 0 0 0 0 0 12.4413 0 0 
0.012542 12.542 0.00619274 0 0 0 0 0 12.4512 0 0 
0.012552 12.552 0.00619551 0 0 0 0 0 12.4611 0 0 
0.012562 12.562 0.00619822 0 0 0 0 0 12.4711 0 0 
0.012572 12.572 0.00620092 0 0 0 0 0 12.481 0 0 
0.012582 12.582 0.0062036 0 0 0 0 0 12.4909 0 0 
0.012592 12.592 0.00620629 0 0 0 0 0 12.5009 0 0 
0.012602 12.602 0.00620896 0 0 0 0 0 12.5108 0 0 
0.012612 12.612 0.00621163 0 0 0 0 0 12.5207 0 0 
0.012622 12.622 0.0062143 0 0 0 0 0 12.5306 0 0 
0.012632 12.632 0.00621697 0 0 0 0 0 12.5406 0 0 
0.012642 12.642 0.00621963 0 0 0 0 0 12.5505 0 0 
0.012652 12.652 0.00622229 0 0 0 0 0 12.5604 0 0 
0.012662 12.662 0.00622495 0 0 0 0 0 12.5704 0 0 
0.012672 12.672 0.0062276 0 0 0 0 0 12.5803 0 0 
0.012682 12.682 0.00623026 0 0 0 0 0 12.5902 0 0 
0.012692 12.692 0.0062329 0 0 0 0 0 12.6002 0 0 
0.012702 12.702 0.00623555 0 0 0 0 0 12.6101 0 0 
0.012712 12.712 0.0062382 0 0 0 0 0 12.62 0 0 
0.012722 12.722 0.00624094 0 0 0 0 0 12.6299 0 0 
0.012732 12.732 0.00624363 0 0 0 0 0 12.6399 0 0 
0.012742 12.742 0.00624631 0 0 0 0 0 12.6498 0 0 
0.012752 12.752 0.00624898 0 0 0 0 0 12.6597 0 0 
0.012762 12.762 0.00625164 0 0 0 0 0 12.6697 0 0 
0.012772 12.772 0.00625429 0 0 0 0 0 12.6796 0 0 
0.012782 12.782 0.00625695 0 0 0 0 0 12.6895 0 0 
0.012792 12.792 0.00625959 0 0 0 0 0 12.6995 0 0 
0.012802 12.802 0.00626224 0 0 0 0 0 12.7094 0 0 
0.012812 12.812 0.00626488 0 0 0 0 0 12.7193 0 0 
0.012822 12.822 0.00626752 0 0 0 0 0 12.7292 0 0 
0.012832 12.832 0.00627016 0 0 0 0 0 12.7392 0 0 
0.012842 12.842 0.00627279 0 0 0 0 0 12.7491 0 0 
0.012852 12.852 0.00627543 0 0 0 0 0 12.759 0 0 
0.012862 12.862 0.00627805 0 0 0 0 0 12.769 0 0 
0.012872 12.872 0.00628068 0 0 0 0 0 12.7789 0 0 
0.012882 12.882 0.00628331 0 0 0 0 0 12.7888 0 0 
0.012892 12.892 0.00628593 0 0 0 0 0 12.7988 0 0 
0.012902 12.902 0.00628865 0 0 0 0 0 12.8087 0 0 
0.012912 12.912 0.00629132 0 0 0 0 0 12.8186 0 0 
0.012922 12.922 0.00629398 0 0 0 0 0 12.8285 0 0 
0.012932 12.932 0.00629662 0 0 0 0 0 12.8385 0 0 
0.012942 12.942 0.00629926 0 0 0 0 0 12.8484 0 0 
0.012952 12.952 0.0063019 0 0 0 0 0 12.8583 0 0 
0.012962 12.962 0.00630453 0 0 0 0 0 12.8683 0 0 
0.012972 12.972 0.00630716 0 0 0 0 0 12.8782 0 0 
0.012982 12.982 0.00630978 0 0 0 0 0 12.8881 0 0 
0.012992 12.992 0.0063124 0 0 0 0 0 12.8981 0 0 
0.013002 13.002 0.00631502 0 0 0 0 0 12.908 0 0 
0.013012 13.012 0.00631764 0 0 0 0 0 12.9179 0 0 
0.013022 13.022 0.00632025 0 0 0 0 0 12.9278 0 0 
0.013032 13.032 0.00632286 0 0 0 0 0 12.9378 0 0 
0.013042 13.042 0.00632547 0 0 0 0 0 12.9477 0 0 
0.013052 13.052 0.00632808 0 0 0 0 0 12.9576 0 0 
0.013062 13.062 0.00633068 0 0 0 0 0 12.9676 0 0 
0.013072 13.072 0.00633328 0 0 0 0 0 12.9775 0 0 
0.013082 13.082 0.00633588 0 0 0 0 0 12.9874 0 0 
0.013092 13.092 0.00633862 0 0 0 0 0 12.9974 0 0 
0.013102 13.102 0.00634125 0 0 0 0 0 13.0073 0 0 
0.013112 13.112 0.00634388 0 0 0 0 0 13.0172 0 0 
0.013122 13.122 0.0063465 0 0 0 0 0 13.0271 0 0 
0.013132 13.132 0.00634912 0 0 0 0 0 13.0371 0 0 
0.013142 13.142 0.00635173 0 0 0 0 0 13.047 0 0 
0.013152 13.152 0.00635434 0 0 0 0 0 13.0569 0 0 
0.013162 13.162 0.00635694 0 0 0 0 0 13.0669 0 0 
0.013172 13.172 0.00635954 0 0 0 0 0 13.0768 0 0 
0.013182 13.182 0.00636214 0 0 0 0 0 13.0867 0 0 
0.013192 13.192 0.00636474 0 0 0 0 0 13.0967 0 0 
0.013202 13.202 0.00636733 0 0 0 0 0 13.1066 0 0 
0.013212 13.212 0.00636992 0 0 0 0 0 13.1165 0 0 
0.013222 13.222 0.00637251 0 0 0 0 0 13.1264 0 0 
0.013232 13.232 0.0063751 0 0 0 0 0 13.1364 0 0 
0.013242 13.242 0.00637769 0 0 0 0 0 13.1463 0 0 
0.013252 13.252 0.00638027 0 0 0 0 0 13.1562 0 0 
0.013262 13.262 0.00638285 0 0 0 0 0 13.1662 0 0 
0.013272 13.272 0.00638543 0 0 0 0 0 13.1761 0 0 
0.013282 13.282 0.00638801 0 0 0 0 0 13.186 0 0 
0.013292 13.292 0.00639068 0 0 0 0 0 13.196 0 0 
0.013302 13.302 0.0063933 0 0 0 0 0 13.2059 0 0 
0.013312 13.312 0.00639591 0 0 0 0 0 13.2158 0 0 
0.013322 13.322 0.00639851 0 0 0 0 0 13.2257 0 0 
0.013332 13.332 0.00640111 0 0 0 0 0 13.2357 0 0 
0.013342 13.342 0.0064037 0 0 0 0 0 13.2456 0 0 
0.013352 13.352 0.00640628 0 0 0 0 0 13.2555 0 0 
0.013362 13.362 0.00640886 0 0 0 0 0 13.2655 0 0 
0.013372 13.372 0.00641144 0 0 0 0 0 13.2754 0 0 
0.013382 13.382 0.00641402 0 0 0 0 0 13.2853 0 0 
0.013392 13.392 0.00641659 0 0 0 0 0 13.2953 0 0 
0.013402 13.402 0.00641917 0 0 0 0 0 13.3052 0 0 
0.013412 13.412 0.00642174 0 0 0 0 0 13.3151 0 0 
0.013422 13.422 0.0064243 0 0 0 0 0 13.325 0 0 
0.013432 13.432 0.00642687 0 0 0 0 0 13.335 0 0 
0.013442 13.442 0.00642943 0 0 0 0 0 13.3449 0 0 
0.013452 13.452 0.00643199 0 0 0 0 0 13.3548 0 0 
0.013462 13.462 0.00643455 0 0 0 0 0 13.3648 0 0 
0.013472 13.472 0.00643711 0 0 0 0 0 13.3747 0 0 
0.013482 13.482 0.00643967 0 0 0 0 0 13.3846 0 0 
0.013492 13.492 0.00644222 0 0 0 0 0 13.3946 0 0 
0.013502 13.502 0.00644477 0 0 0 0 0 13.4045 0 0 
0.013512 13.512 0.00644742 0 0 0 0 0 13.4144 0 0 
0.013522 13.522 0.00645002 0 0 0 0 0 13.4243 0 0 
0.013532 13.532 0.00645261 0 0 0 0 0 13.4343 0 0 
0.013542 13.542 0.00645518 0 0 0 0 0 13.4442 0 0 
0.013552 13.552 0.00645775 0 0 0 0 0 13.4541 0 0 
0.013562 13.562 0.00646032 0 0 0 0 0 13.4641 0 0 
0.013572 13.572 0.00646288 0 0 0 0 0 13.474 0 0 
0.013582 13.582 0.00646544 0 0 0 0 0 13.4839 0 0 
0.013592 13.592 0.00646799 0 0 0 0 0 13.4939 0 0 
0.013602 13.602 0.00647055 0 0 0 0 0 13.5038 0 0 
0.013612 13.612 0.0064731 0 0 0 0 0 13.5137 0 0 
0.013622 13.622 0.00647564 0 0 0 0 0 13.5236 0 0 
0.013632 13.632 0.00647819 0 0 0 0 0 13.5336 0 0 
0.013642 13.642 0.00648073 0 0 0 0 0 13.5435 0 0 
0.013652 13.652 0.00648327 0 0 0 0 0 13.5534 0 0 
0.013662 13.662 0.00648581 0 0 0 0 0 13.5634 0 0 
0.013672 13.672 0.00648835 0 0 0 0 0 13.5733 0 0 
0.013682 13.682 0.00649089 0 0 0 0 0 13.5832 0 0 
0.013692 13.692 0.00649342 0 0 0 0 0 13.5932 0 0 
0.013702 13.702 0.00649595 0 0 0 0 0 13.6031 0 0 
0.013712 13.712 0.00649848 0 0 0 0 0 13.613 0 0 
0.013722 13.722 0.00650101 0 0 0 0 0 13.6229 0 0 
0.013732 13.732 0.00650354 0 0 0 0 0 13.6329 0 0 
0.013742 13.742 0.00650613 0 0 0 0 0 13.6428 0 0 
0.013752 13.752 0.00650872 0 0 0 0 0 13.6527 0 0 
0.013762 13.762 0.00651128 0 0 0 0 0 13.6627 0 0 
0.013772 13.772 0.00651383 0 0 0 0 0 13.6726 0 0 
0.013782 13.782 0.00651638 0 0 0 0 0 13.6825 0 0 
0.013792 13.792 0.00651892 0 0 0 0 0 13.6925 0 0 
0.013802 13.802 0.00652146 0 0 0 0 0 13.7024 0 0 
0.013812 13.812 0.00652399 0 0 0 0 0 13.7123 0 0 
0.013822 13.822 0.00652652 0 0 0 0 0 13.7222 0 0 
0.013832 13.832 0.00652905 0 0 0 0 0 13.7322 0 0 
0.013842 13.842 0.00653158 0 0 0 0 0 13.7421 0 0 
0.013852 13.852 0.0065341 0 0 0 0 0 13.752 0 0 
0.013862 13.862 0.00653662 0 0 0 0 0 13.762 0 0 
0.013872 13.872 0.00653914 0 0 0 0 0 13.7719 0 0 
0.013882 13.882 0.00654166 0 0 0 0 0 13.7818 0 0 
0.013892 13.892 0.00654417 0 0 0 0 0 13.7918 0 0 
0.013902 13.902 0.00654669 0 0 0 0 0 13.8017 0 0 
0.013912 13.912 0.0065492 0 0 0 0 0 13.8116 0 0 
0.013922 13.922 0.00655171 0 0 0 0 0 13.8215 0 0 
0.013932 13.932 0.00655422 0 0 0 0 0 13.8315 0 0 
0.013942 13.942 0.00655672 0 0 0 0 0 13.8414 0 0 
0.013952 13.952 0.00655923 0 0 0 0 0 13.8513 0 0 
0.013962 13.962 0.00656173 0 0 0 0 0 13.8613 0 0 
0.013972 13.972 0.00656423 0 0 0 0 0 13.8712 0 0 
0.013982 13.982 0.00656673 0 0 0 0 0 13.8811 0 0 
0.013992 13.992 0.00656923 0 0 0 0 0 13.8911 0 0 
0.014002 14.002 0.00657187 0 0 0 0 0 13.901 0 0 
0.014012 14.012 0.0065744 0 0 0 0 0 13.9109 0 0 
0.014022 14.022 0.00657692 0 0 0 0 0 13.9208 0 0 
0.014032 14.032 0.00657944 0 0 0 0 0 13.9308 0 0 
0.014042 14.042 0.00658196 0 0 0 0 0 13.9407 0 0 
0.014052 14.052 0.00658447 0 0 0 0 0 13.9506 0 0 
0.014062 14.062 0.00658698 0 0 0 0 0 13.9606 0 0 
0.014072 14.072 0.00658949 0 0 0 0 0 13.9705 0 0 
0.014082 14.082 0.00659199 0 0 0 0 0 13.9804 0 0 
0.014092 14.092 0.00659449 0 0 0 0 0 13.9904 0 0 
0.014102 14.102 0.00659699 0 0 0 0 0 14.0003 0 0 
0.014112 14.112 0.00659948 0 0 0 0 0 14.0102 0 0 
0.014122 14.122 0.00660198 0 0 0 0 0 14.0201 0 0 
0.014132 14.132 0.00660447 0 0 0 0 0 14.0301 0 0 
0.014142 14.142 0.00660696 0 0 0 0 0 14.04 0 0 
0.014152 14.152 0.00660945 0 0 0 0 0 14.0499 0 0 
0.014162 14.162 0.00661193 0 0 0 0 0 14.0599 0 0 
0.014172 14.172 0.00661442 0 0 0 0 0 14.0698 0 0 
0.014182 14.182 0.0066169 0 0 0 0 0 14.0797 0 0 
0.014192 14.192 0.00661938 0 0 0 0 0 14.0897 0 0 
0.014202 14.202 0.00662186 0 0 0 0 0 14.0996 0 0 
0.014212 14.212 0.00662434 0 0 0 0 0 14.1095 0 0 
0.014222 14.222 0.00662682 0 0 0 0 0 14.1194 0 0 
0.014232 14.232 0.00662929 0 0 0 0 0 14.1294 0 0 
0.014242 14.242 0.00663177 0 0 0 0 0 14.1393 0 0 
0.014252 14.252 0.00663424 0 0 0 0 0 14.1492 0 0 
0.014262 14.262 0.00663671 0 0 0 0 0 14.1592 0 0 
0.014272 14.272 0.00663918 0 0 0 0 0 14.1691 0 0 
0.014282 14.282 0.00664171 0 0 0 0 0 14.179 0 0 
0.014292 14.292 0.00664424 0 0 0 0 0 14.189 0 0 
0.014302 14.302 0.00664675 0 0 0 0 0 14.1989 0 0 
0.014312 14.312 0.00664924 0 0 0 0 0 14.2088 0 0 
0.014322 14.322 0.00665173 0 0 0 0 0 14.2187 0 0 
0.014332 14.332 0.00665422 0 0 0 0 0 14.2287 0 0 
0.014342 14.342 0.0066567 0 0 0 0 0 14.2386 0 0 
0.014352 14.352 0.00665918 0 0 0 0 0 14.2485 0 0 
0.014362 14.362 0.00666165 0 0 0 0 0 14.2585 0 0 
0.014372 14.372 0.00666412 0 0 0 0 0 14.2684 0 0 
0.014382 14.382 0.00666659 0 0 0 0 0 14.2783 0 0 
0.014392 14.392 0.00666906 0 0 0 0 0 14.2883 0 0 
0.014402 14.402 0.00667153 0 0 0 0 0 14.2982 0 0 
0.014412 14.412 0.00667399 0 0 0 0 0 14.3081 0 0 
0.014422 14.422 0.00667645 0 0 0 0 0 14.318 0 0 
0.014432 14.432 0.00667891 0 0 0 0 0 14.328 0 0 
0.014442 14.442 0.00668137 0 0 0 0 0 14.3379 0 0 
0.014452 14.452 0.00668383 0 0 0 0 0 14.3478 0 0 
0.014462 14.462 0.00668629 0 0 0 0 0 14.3578 0 0 
0.014472 14.472 0.00668874 0 0 0 0 0 14.3677 0 0 
0.014482 14.482 0.00669119 0 0 0 0 0 14.3776 0 0 
0.014492 14.492 0.00669364 0 0 0 0 0 14.3876 0 0 
0.014502 14.502 0.00669609 0 0 0 0 0 14.3975 0 0 
0.014512 14.512 0.00669854 0 0 0 0 0 14.4074 0 0 
0.014522 14.522 0.00670099 0 0 0 0 0 14.4173 0 0 
0.014532 14.532 0.00670343 0 0 0 0 0 14.4273 0 0 
0.014542 14.542 0.00670587 0 0 0 0 0 14.4372 0 0 
0.014552 14.552 0.00670832 0 0 0 0 0 14.4471 0 0 
0.014562 14.562 0.00671076 0 0 0 0 0 14.4571 0 0 
0.014572 14.572 0.0067132 0 0 0 0 0 14.467 0 0 
0.014582 14.582 0.00671563 0 0 0 0 0 14.4769 0 0 
0.014592 14.592 0.00671807 0 0 0 0 0 14.4869 0 0 
0.014602 14.602 0.00672057 0 0 0 0 0 14.4968 0 0 
0.014612 14.612 0.00672307 0 0 0 0 0 14.5067 0 0 
0.014622 14.622 0.00672554 0 0 0 0 0 14.5166 0 0 
0.014632 14.632 0.006728 0 0 0 0 0 14.5266 0 0 
0.014642 14.642 0.00673046 0 0 0 0 0 14.5365 0 0 
0.014652 14.652 0.00673292 0 0 0 0 0 14.5464 0 0 
0.014662 14.662 0.00673537 0 0 0 0 0 14.5564 0 0 
0.014672 14.672 0.00673781 0 0 0 0 0 14.5663 0 0 
0.014682 14.682 0.00674026 0 0 0 0 0 14.5762 0 0 
0.014692 14.692 0.0067427 0 0 0 0 0 14.5862 0 0 
0.014702 14.702 0.00674514 0 0 0 0 0 14.5961 0 0 
0.014712 14.712 0.00674757 0 0 0 0 0 14.606 0 0 
0.014722 14.722 0.00675001 0 0 0 0 0 14.6159 0 0 
0.014732 14.732 0.00675244 0 0 0 0 0 14.6259 0 0 
0.014742 14.742 0.00675487 0 0 0 0 0 14.6358 0 0 
0.014752 14.752 0.0067573 0 0 0 0 0 14.6457 0 0 
0.014762 14.762 0.00675973 0 0 0 0 0 14.6557 0 0 
0.014772 14.772 0.00676216 0 0 0 0 0 14.6656 0 0 
0.014782 14.782 0.00676458 0 0 0 0 0 14.6755 0 0 
0.014792 14.792 0.00676701 0 0 0 0 0 14.6855 0 0 
0.014802 14.802 0.00676943 0 0 0 0 0 14.6954 0 0 
0.014812 14.812 0.00677185 0 0 0 0 0 14.7053 0 0 
0.014822 14.822 0.00677427 0 0 0 0 0 14.7152 0 0 
0.014832 14.832 0.00677668 0 0 0 0 0 14.7252 0 0 
0.014842 14.842 0.0067791 0 0 0 0 0 14.7351 0 0 
0.014852 14.852 0.00678151 0 0 0 0 0 14.745 0 0 
0.014862 14.862 0.00678393 0 0 0 0 0 14.755 0 0 
0.014872 14.872 0.00678634 0 0 0 0 0 14.7649 0 0 
0.014882 14.882 0.00678875 0 0 0 0 0 14.7748 0 0 
0.014892 14.892 0.00679116 0 0 0 0 0 14.7848 0 0 
0.014902 14.902 0.00679357 0 0 0 0 0 14.7947 0 0 
0.014912 14.912 0.00679597 0 0 0 0 0 14.8046 0 0 
0.014922 14.922 0.00679838 0 0 0 0 0 14.8146 0 0 
0.014932 14.932 0.00680078 0 0 0 0 0 14.8245 0 0 
0.014942 14.942 0.00680318 0 0 0 0 0 14.8344 0 0 
0.014952 14.952 0.00680559 0 0 0 0 0 14.8443 0 0 
0.014962 14.962 0.00680799 0 0 0 0 0 14.8543 0 0 
0.014972 14.972 0.00681038 0 0 0 0 0 14.8642 0 0 
0.014982 14.982 0.00681288 0 0 0 0 0 14.8741 0 0 
0.014992 14.992 0.00681533 0 0 0 0 0 14.8841 0 0 
0.015002 15.002 0.00681776 0 0 0 0 0 14.894 0 0 
0.015012 15.012 0.00682018 0 0 0 0 0 14.9039 0 0 
0.015022 15.022 0.0068226 0 0 0 0 0 14.9139 0 0 
0.015032 15.032 0.00682502 0 0 0 0 0 14.9238 0 0 
0.015042 15.042 0.00682743 0 0 0 0 0 14.9337 0 0 
0.015052 15.052 0.00682984 0 0 0 0 0 14.9436 0 0 
0.015062 15.062 0.00683225 0 0 0 0 0 14.9536 0 0 
0.015072 15.072 0.00683465 0 0 0 0 0 14.9635 0 0 
0.015082 15.082 0.00683706 0 0 0 0 0 14.9734 0 0 
0.015092 15.092 0.00683946 0 0 0 0 0 14.9834 0 0 
0.015102 15.102 0.00684186 0 0 0 0 0 14.9933 0 0 
0.015112 15.112 0.00684425 0 0 0 0 0 15.0032 0 0 
0.015122 15.122 0.00684665 0 0 0 0 0 15.0132 0 0 
0.015132 15.132 0.00684904 0 0 0 0 0 15.0231 0 0 
0.015142 15.142 0.00685143 0 0 0 0 0 15.033 0 0 
0.015152 15.152 0.00685383 0 0 0 0 0 15.0429 0 0 
0.015162 15.162 0.00685621 0 0 0 0 0 15.0529 0 0 
0.015172 15.172 0.0068586 0 0 0 0 0 15.0628 0 0 
0.015182 15.182 0.00686099 0 0 0 0 0 15.0727 0 0 
0.015192 15.192 0.00686337 0 0 0 0 0 15.0827 0 0 
0.015202 15.202 0.00686576 0 0 0 0 0 15.0926 0 0 
0.015212 15.212 0.00686814 0 0 0 0 0 15.1025 0 0 
0.015222 15.222 0.00687052 0 0 0 0 0 15.1125 0 0 
0.015232 15.232 0.0068729 0 0 0 0 0 15.1224 0 0 
0.015242 15.242 0.00687528 0 0 0 0 0 15.1323 0 0 
0.015252 15.252 0.00687765 0 0 0 0 0 15.1422 0 0 
0.015262 15.262 0.00688003 0 0 0 0 0 15.1522 0 0 
0.015272 15.272 0.0068824 0 0 0 0 0 15.1621 0 0 
0.015282 15.282 0.00688478 0 0 0 0 0 15.172 0 0 
0.015292 15.292 0.00688715 0 0 0 0 0 15.182 0 0 
0.015302 15.302 0.00688952 0 0 0 0 0 15.1919 0 0 
0.015312 15.312 0.00689189 0 0 0 0 0 15.2018 0 0 
0.015322 15.322 0.00689426 0 0 0 0 0 15.2118 0 0 
0.015332 15.332 0.00689662 0 0 0 0 0 15.2217 0 0 
0.015342 15.342 0.00689899 0 0 0 0 0 15.2316 0 0 
0.015352 15.352 0.00690136 0 0 0 0 0 15.2415 0 0 
0.015362 15.362 0.00690372 0 0 0 0 0 15.2515 0 0 
0.015372 15.372 0.00690608 0 0 0 0 0 15.2614 0 0 
0.015382 15.382 0.00690844 0 0 0 0 0 15.2713 0 0 
0.015392 15.392 0.0069108 0 0 0 0 0 15.2813 0 0 
0.015402 15.402 0.00691316 0 0 0 0 0 15.2912 0 0 
0.015412 15.412 0.00691552 0 0 0 0 0 15.3011 0 0 
0.015422 15.422 0.00691788 0 0 0 0 0 15.3111 0 0 
0.015432 15.432 0.00692023 0 0 0 0 0 15.321 0 0 
0.015442 15.442 0.00692259 0 0 0 0 0 15.3309 0 0 
0.015452 15.452 0.00692504 0 0 0 0 0 15.3408 0 0 
0.015462 15.462 0.00692744 0 0 0 0 0 15.3508 0 0 
0.015472 15.472 0.00692983 0 0 0 0 0 15.3607 0 0 
0.015482 15.482 0.00693221 0 0 0 0 0 15.3706 0 0 
0.015492 15.492 0.00693459 0 0 0 0 0 15.3806 0 0 
0.015502 15.502 0.00693696 0 0 0 0 0 15.3905 0 0 
0.015512 15.512 0.00693933 0 0 0 0 0 15.4004 0 0 
0.015522 15.522 0.0069417 0 0 0 0 0 15.4104 0 0 
0.015532 15.532 0.00694406 0 0 0 0 0 15.4203 0 0 
0.015542 15.542 0.00694642 0 0 0 0 0 15.4302 0 0 
0.015552 15.552 0.00694878 0 0 0 0 0 15.4402 0 0 
0.015562 15.562 0.00695114 0 0 0 0 0 15.4501 0 0 
0.015572 15.572 0.0069535 0 0 0 0 0 15.46 0 0 
0.015582 15.582 0.00695585 0 0 0 0 0 15.4699 0 0 
0.015592 15.592 0.0069582 0 0 0 0 0 15.4799 0 0 
0.015602 15.602 0.00696055 0 0 0 0 0 15.4898 0 0 
0.015612 15.612 0.0069629 0 0 0 0 0 15.4997 0 0 
0.015622 15.622 0.00696525 0 0 0 0 0 15.5097 0 0 
0.015632 15.632 0.0069676 0 0 0 0 0 15.5196 0 0 
0.015642 15.642 0.00696994 0 0 0 0 0 15.5295 0 0 
0.015652 15.652 0.00697229 0 0 0 0 0 15.5395 0 0 
0.015662 15.662 0.00697463 0 0 0 0 0 15.5494 0 0 
0.015672 15.672 0.00697697 0 0 0 0 0 15.5593 0 0 
0.015682 15.682 0.00697931 0 0 0 0 0 15.5692 0 0 
0.015692 15.692 0.00698165 0 0 0 0 0 15.5792 0 0 
0.015702 15.702 0.00698399 0 0 0 0 0 15.5891 0 0 
0.015712 15.712 0.00698633 0 0 0 0 0 15.599 0 0 
0.015722 15.722 0.00698866 0 0 0 0 0 15.609 0 0 
0.015732 15.732 0.006991 0 0 0 0 0 15.6189 0 0 
0.015742 15.742 0.00699333 0 0 0 0 0 15.6288 0 0 
0.015752 15.752 0.00699566 0 0 0 0 0 15.6388 0 0 
0.015762 15.762 0.00699799 0 0 0 0 0 15.6487 0 0 
0.015772 15.772 0.00700032 0 0 0 0 0 15.6586 0 0 
0.015782 15.782 0.00700265 0 0 0 0 0 15.6685 0 0 
0.015792 15.792 0.00700498 0 0 0 0 0 15.6785 0 0 
0.015802 15.802 0.00700731 0 0 0 0 0 15.6884 0 0 
0.015812 15.812 0.00700963 0 0 0 0 0 15.6983 0 0 
0.015822 15.822 0.00701196 0 0 0 0 0 15.7083 0 0 
0.015832 15.832 0.00701428 0 0 0 0 0 15.7182 0 0 
0.015842 15.842 0.0070166 0 0 0 0 0 15.7281 0 0 
0.015852 15.852 0.00701892 0 0 0 0 0 15.7381 0 0 
0.015862 15.862 0.00702124 0 0 0 0 0 15.748 0 0 
0.015872 15.872 0.00702356 0 0 0 0 0 15.7579 0 0 
0.015882 15.882 0.00702588 0 0 0 0 0 15.7678 0 0 
0.015892 15.892 0.0070282 0 0 0 0 0 15.7778 0 0 
0.015902 15.902 0.00703051 0 0 0 0 0 15.7877 0 0 
0.015912 15.912 0.00703283 0 0 0 0 0 15.7976 0 0 
0.015922 15.922 0.00703514 0 0 0 0 0 15.8076 0 0 
0.015932 15.932 0.00703745 0 0 0 0 0 15.8175 0 0 
0.015942 15.942 0.00703977 0 0 0 0 0 15.8274 0 0 
0.015952 15.952 0.00704208 0 0 0 0 0 15.8374 0 0 
0.015962 15.962 0.00704439 0 0 0 0 0 15.8473 0 0 
0.015972 15.972 0.0070467 0 0 0 0 0 15.8572 0 0 
0.015982 15.982 0.007049 0 0 0 0 0 15.8672 0 0 
0.015992 15.992 0.00705131 0 0 0 0 0 15.8771 0 0 
0.016002 16.002 0.00705362 0 0 0 0 0 15.887 0 0 
0.016012 16.012 0.00705592 0 0 0 0 0 15.8969 0 0 
0.016022 16.022 0.00705823 0 0 0 0 0 15.9069 0 0 
0.016032 16.032 0.00706053 0 0 0 0 0 15.9168 0 0 
0.016042 16.042 0.00706283 0 0 0 0 0 15.9267 0 0 
0.016052 16.052 0.00706513 0 0 0 0 0 15.9367 0 0 
0.016062 16.062 0.00706743 0 0 0 0 0 15.9466 0 0 
0.016072 16.072 0.00706973 0 0 0 0 0 15.9565 0 0 
0.016082 16.082 0.00707203 0 0 0 0 0 15.9665 0 0 
0.016092 16.092 0.00707433 0 0 0 0 0 15.9764 0 0 
0.016102 16.102 0.00707676 0 0 0 0 0 15.9863 0 0 
0.016112 16.112 0.00707909 0 0 0 0 0 15.9962 0 0 
0.016122 16.122 0.00708142 0 0 0 0 0 16.0062 0 0 
0.016132 16.132 0.00708374 0 0 0 0 0 16.0161 0 0 
0.016142 16.142 0.00708606 0 0 0 0 0 16.026 0 0 
0.016152 16.152 0.00708837 0 0 0 0 0 16.036 0 0 
0.016162 16.162 0.00709068 0 0 0 0 0 16.0459 0 0 
0.016172 16.172 0.00709299 0 0 0 0 0 16.0558 0 0 
0.016182 16.182 0.0070953 0 0 0 0 0 16.0658 0 0 
0.016192 16.192 0.0070976 0 0 0 0 0 16.0757 0 0 
0.016202 16.202 0.00709991 0 0 0 0 0 16.0856 0 0 
0.016212 16.212 0.00710221 0 0 0 0 0 16.0955 0 0 
0.016222 16.222 0.00710451 0 0 0 0 0 16.1055 0 0 
0.016232 16.232 0.00710681 0 0 0 0 0 16.1154 0 0 
0.016242 16.242 0.00710911 0 0 0 0 0 16.1253 0 0 
0.016252 16.252 0.0071114 0 0 0 0 0 16.1353 0 0 
0.016262 16.262 0.00711369 0 0 0 0 0 16.1452 0 0 
0.016272 16.272 0.00711599 0 0 0 0 0 16.1551 0 0 
0.016282 16.282 0.00711828 0 0 0 0 0 16.1651 0 0 
0.016292 16.292 0.00712057 0 0 0 0 0 16.175 0 0 
0.016302 16.302 0.00712286 0 0 0 0 0 16.1849 0 0 
0.016312 16.312 0.00712515 0 0 0 0 0 16.1948 0 0 
0.016322 16.322 0.00712743 0 0 0 0 0 16.2048 0 0 
0.016332 16.332 0.00712972 0 0 0 0 0 16.2147 0 0 
0.016342 16.342 0.007132 0 0 0 0 0 16.2246 0 0 
0.016352 16.352 0.00713429 0 0 0 0 0 16.2346 0 0 
0.016362 16.362 0.00713657 0 0 0 0 0 16.2445 0 0 
0.016372 16.372 0.00713885 0 0 0 0 0 16.2544 0 0 
0.016382 16.382 0.00714113 0 0 0 0 0 16.2644 0 0 
0.016392 16.392 0.00714341 0 0 0 0 0 16.2743 0 0 
0.016402 16.402 0.00714569 0 0 0 0 0 16.2842 0 0 
0.016412 16.412 0.00714796 0 0 0 0 0 16.2942 0 0 
0.016422 16.422 0.00715024 0 0 0 0 0 16.3041 0 0 
0.016432 16.432 0.00715251 0 0 0 0 0 16.314 0 0 
0.016442 16.442 0.00715479 0 0 0 0 0 16.3239 0 0 
0.016452 16.452 0.00715706 0 0 0 0 0 16.3339 0 0 
0.016462 16.462 0.00715933 0 0 0 0 0 16.3438 0 0 
0.016472 16.472 0.0071616 0 0 0 0 0 16.3537 0 0 
0.016482 16.482 0.00716387 0 0 0 0 0 16.3637 0 0 
0.016492 16.492 0.00716614 0 0 0 0 0 16.3736 0 0 
0.016502 16.502 0.00716841 0 0 0 0 0 16.3835 0 0 
0.016512 16.512 0.00717068 0 0 0 0 0 16.3935 0 0 
0.016522 16.522 0.00717294 0 0 0 0 0 16.4034 0 0 
0.016532 16.532 0.00717521 0 0 0 0 0 16.4133 0 0 
0.016542 16.542 0.00717747 0 0 0 0 0 16.4232 0 0 
0.016552 16.552 0.00717973 0 0 0 0 0 16.4332 0 0 
0.016562 16.562 0.007182 0 0 0 0 0 16.4431 0 0 
0.016572 16.572 0.00718426 0 0 0 0 0 16.453 0 0 
0.016582 16.582 0.00718652 0 0 0 0 0 16.463 0 0 
0.016592 16.592 0.00718878 0 0 0 0 0 16.4729 0 0 
0.016602 16.602 0.00719104 0 0 0 0 0 16.4828 0 0 
0.016612 16.612 0.00719329 0 0 0 0 0 16.4928 0 0 
0.016622 16.622 0.00719555 0 0 0 0 0 16.5027 0 0 
0.016632 16.632 0.00719781 0 0 0 0 0 16.5126 0 0 
0.016642 16.642 0.00720006 0 0 0 0 0 16.5225 0 0 
0.016652 16.652 0.00720231 0 0 0 0 0 16.5325 0 0 
0.016662 16.662 0.00720457 0 0 0 0 0 16.5424 0 0 
0.016672 16.672 0.00720682 0 0 0 0 0 16.5523 0 0 
0.016682 16.682 0.00720907 0 0 0 0 0 16.5623 0 0 
0.016692 16.692 0.00721132 0 0 0 0 0 16.5722 0 0 
0.016702 16.702 0.00721357 0 0 0 0 0 16.5821 0 0 
0.016712 16.712 0.00721582 0 0 0 0 0 16.5921 0 0 
0.016722 16.722 0.00721807 0 0 0 0 0 16.602 0 0 
0.016732 16.732 0.00722031 0 0 0 0 0 16.6119 0 0 
0.016742 16.742 0.00722256 0 0 0 0 0 16.6219 0 0 
0.016752 16.752 0.0072248 0 0 0 0 0 16.6318 0 0 
0.016762 16.762 0.00722705 0 0 0 0 0 16.6417 0 0 
0.016772 16.772 0.00722929 0 0 0 0 0 16.6516 0 0 
0.016782 16.782 0.00723153 0 0 0 0 0 16.6616 0 0 
0.016792 16.792 0.00723378 0 0 0 0 0 16.6715 0 0 
0.016802 16.802 0.00723602 0 0 0 0 0 16.6814 0 0 
0.016812 16.812 0.00723826 0 0 0 0 0 16.6914 0 0 
0.016822 16.822 0.0072405 0 0 0 0 0 16.7013 0 0 
0.016832 16.832 0.00724273 0 0 0 0 0 16.7112 0 0 
0.016842 16.842 0.00724497 0 0 0 0 0 16.7212 0 0 
0.016852 16.852 0.00724721 0 0 0 0 0 16.7311 0 0 
0.016862 16.862 0.00724944 0 0 0 0 0 16.741 0 0 
0.016872 16.872 0.00725168 0 0 0 0 0 16.7509 0 0 
0.016882 16.882 0.00725391 0 0 0 0 0 16.7609 0 0 
0.016892 16.892 0.00725615 0 0 0 0 0 16.7708 0 0 
0.016902 16.902 0.00725838 0 0 0 0 0 16.7807 0 0 
0.016912 16.912 0.00726061 0 0 0 0 0 16.7907 0 0 
0.016922 16.922 0.00726284 0 0 0 0 0 16.8006 0 0 
0.016932 16.932 0.00726507 0 0 0 0 0 16.8105 0 0 
0.016942 16.942 0.0072673 0 0 0 0 0 16.8205 0 0 
0.016952 16.952 0.00726953 0 0 0 0 0 16.8304 0 0 
0.016962 16.962 0.00727176 0 0 0 0 0 16.8403 0 0 
0.016972 16.972 0.00727398 0 0 0 0 0 16.8502 0 0 
0.016982 16.982 0.00727621 0 0 0 0 0 16.8602 0 0 
0.016992 16.992 0.00727843 0 0 0 0 0 16.8701 0 0 
0.017002 17.002 0.00728066 0 0 0 0 0 16.88 0 0 
0.017012 17.012 0.00728288 0 0 0 0 0 16.89 0 0 
0.017022 17.022 0.0072851 0 0 0 0 0 16.8999 0 0 
0.017032 17.032 0.00728733 0 0 0 0 0 16.9098 0 0 
0.017042 17.042 0.00728955 0 0 0 0 0 16.9198 0 0 
0.017052 17.052 0.00729177 0 0 0 0 0 16.9297 0 0 
0.017062 17.062 0.00729399 0 0 0 0 0 16.9396 0 0 
0.017072 17.072 0.00729621 0 0 0 0 0 16.9496 0 0 
0.017082 17.082 0.00729842 0 0 0 0 0 16.9595 0 0 
0.017092 17.092 0.00730064 0 0 0 0 0 16.9694 0 0 
0.017102 17.102 0.00730286 0 0 0 0 0 16.9793 0 0 
0.017112 17.112 0.00730507 0 0 0 0 0 16.9893 0 0 
0.017122 17.122 0.00730729 0 0 0 0 0 16.9992 0 0 
0.017132 17.132 0.0073095 0 0 0 0 0 17.0091 0 0 
0.017142 17.142 0.00731171 0 0 0 0 0 17.0191 0 0 
0.017152 17.152 0.00731393 0 0 0 0 0 17.029 0 0 
0.017162 17.162 0.00731614 0 0 0 0 0 17.0389 0 0 
0.017172 17.172 0.00731835 0 0 0 0 0 17.0489 0 0 
0.017182 17.182 0.00732056 0 0 0 0 0 17.0588 0 0 
0.017192 17.192 0.00732277 0 0 0 0 0 17.0687 0 0 
0.017202 17.202 0.00732498 0 0 0 0 0 17.0786 0 0 
0.017212 17.212 0.00732718 0 0 0 0 0 17.0886 0 0 
0.017222 17.222 0.00732939 0 0 0 0 0 17.0985 0 0 
0.017232 17.232 0.0073316 0 0 0 0 0 17.1084 0 0 
0.017242 17.242 0.0073338 0 0 0 0 0 17.1184 0 0 
0.017252 17.252 0.00733601 0 0 0 0 0 17.1283 0 0 
0.017262 17.262 0.00733821 0 0 0 0 0 17.1382 0 0 
0.017272 17.272 0.00734041 0 0 0 0 0 17.1482 0 0 
0.017282 17.282 0.00734261 0 0 0 0 0 17.1581 0 0 
0.017292 17.292 0.00734482 0 0 0 0 0 17.168 0 0 
0.017302 17.302 0.00734702 0 0 0 0 0 17.178 0 0 
0.017312 17.312 0.00734922 0 0 0 0 0 17.1879 0 0 
0.017322 17.322 0.00735142 0 0 0 0 0 17.1978 0 0 
0.017332 17.332 0.00735361 0 0 0 0 0 17.2077 0 0 
0.017342 17.342 0.00735581 0 0 0 0 0 17.2177 0 0 
0.017352 17.352 0.00735801 0 0 0 0 0 17.2276 0 0 
0.017362 17.362 0.0073602 0 0 0 0 0 17.2375 0 0 
0.017372 17.372 0.0073624 0 0 0 0 0 17.2475 0 0 
0.017382 17.382 0.00736459 0 0 0 0 0 17.2574 0 0 
0.017392 17.392 0.00736679 0 0 0 0 0 17.2673 0 0 
0.017402 17.402 0.00736898 0 0 0 0 0 17.2773 0 0 
0.017412 17.412 0.00737117 0 0 0 0 0 17.2872 0 0 
0.017422 17.422 0.00737336 0 0 0 0 0 17.2971 0 0 
0.017432 17.432 0.00737556 0 0 0 0 0 17.307 0 0 
0.017442 17.442 0.00737775 0 0 0 0 0 17.317 0 0 
0.017452 17.452 0.00737993 0 0 0 0 0 17.3269 0 0 
0.017462 17.462 0.00738212 0 0 0 0 0 17.3368 0 0 
0.017472 17.472 0.00738431 0 0 0 0 0 17.3468 0 0 
0.017482 17.482 0.0073865 0 0 0 0 0 17.3567 0 0 
0.017492 17.492 0.00738868 0 0 0 0 0 17.3666 0 0 
0.017502 17.502 0.00739087 0 0 0 0 0 17.3766 0 0 
0.017512 17.512 0.00739305 0 0 0 0 0 17.3865 0 0 
0.017522 17.522 0.00739524 0 0 0 0 0 17.3964 0 0 
0.017532 17.532 0.00739742 0 0 0 0 0 17.4063 0 0 
0.017542 17.542 0.0073996 0 0 0 0 0 17.4163 0 0 
0.017552 17.552 0.00740179 0 0 0 0 0 17.4262 0 0 
0.017562 17.562 0.00740397 0 0 0 0 0 17.4361 0 0 
0.017572 17.572 0.00740615 0 0 0 0 0 17.4461 0 0 
0.017582 17.582 0.00740833 0 0 0 0 0 17.456 0 0 
0.017592 17.592 0.00741051 0 0 0 0 0 17.4659 0 0 
0.017602 17.602 0.00741268 0 0 0 0 0 17.4759 0 0 
0.017612 17.612 0.00741486 0 0 0 0 0 17.4858 0 0 
0.017622 17.622 0.00741704 0 0 0 0 0 17.4957 0 0 
0.017632 17.632 0.00741921 0 0 0 0 0 17.5057 0 0 
0.017642 17.642 0.00742139 0 0 0 0 0 17.5156 0 0 
0.017652 17.652 0.00742356 0 0 0 0 0 17.5255 0 0 
0.017662 17.662 0.00742574 0 0 0 0 0 17.5354 0 0 
0.017672 17.672 0.00742791 0 0 0 0 0 17.5454 0 0 
0.017682 17.682 0.00743008 0 0 0 0 0 17.5553 0 0 
0.017692 17.692 0.00743226 0 0 0 0 0 17.5652 0 0 
0.017702 17.702 0.00743443 0 0 0 0 0 17.5752 0 0 
0.017712 17.712 0.0074366 0 0 0 0 0 17.5851 0 0 
0.017722 17.722 0.00743877 0 0 0 0 0 17.595 0 0 
0.017732 17.732 0.00744093 0 0 0 0 0 17.605 0 0 
0.017742 17.742 0.0074431 0 0 0 0 0 17.6149 0 0 
0.017752 17.752 0.00744527 0 0 0 0 0 17.6248 0 0 
0.017762 17.762 0.00744744 0 0 0 0 0 17.6347 0 0 
0.017772 17.772 0.0074496 0 0 0 0 0 17.6447 0 0 
0.017782 17.782 0.00745177 0 0 0 0 0 17.6546 0 0 
0.017792 17.792 0.00745393 0 0 0 0 0 17.6645 0 0 
0.017802 17.802 0.0074561 0 0 0 0 0 17.6745 0 0 
0.017812 17.812 0.00745826 0 0 0 0 0 17.6844 0 0 
0.017822 17.822 0.00746042 0 0 0 0 0 17.6943 0 0 
0.017832 17.832 0.00746258 0 0 0 0 0 17.7043 0 0 
0.017842 17.842 0.00746474 0 0 0 0 0 17.7142 0 0 
0.017852 17.852 0.0074669 0 0 0 0 0 17.7241 0 0 
0.017862 17.862 0.00746906 0 0 0 0 0 17.7341 0 0 
0.017872 17.872 0.00747122 0 0 0 0 0 17.744 0 0 
0.017882 17.882 0.00747338 0 0 0 0 0 17.7539 0 0 
0.017892 17.892 0.00747554 0 0 0 0 0 17.7638 0 0 
0.017902 17.902 0.00747769 0 0 0 0 0 17.7738 0 0 
0.017912 17.912 0.00747985 0 0 0 0 0 17.7837 0 0 
0.017922 17.922 0.00748201 0 0 0 0 0 17.7936 0 0 
0.017932 17.932 0.00748416 0 0 0 0 0 17.8036 0 0 
0.017942 17.942 0.00748631 0 0 0 0 0 17.8135 0 0 
0.017952 17.952 0.00748847 0 0 0 0 0 17.8234 0 0 
0.017962 17.962 0.00749062 0 0 0 0 0 17.8334 0 0 
0.017972 17.972 0.00749277 0 0 0 0 0 17.8433 0 0 
0.017982 17.982 0.00749492 0 0 0 0 0 17.8532 0 0 
0.017992 17.992 0.00749707 0 0 0 0 0 17.8631 0 0 
0.018002 18.002 0.00749922 0 0 0 0 0 17.8731 0 0 
0.018012 18.012 0.00750137 0 0 0 0 0 17.883 0 0 
0.018022 18.022 0.00750352 0 0 0 0 0 17.8929 0 0 
0.018032 18.032 0.00750567 0 0 0 0 0 17.9029 0 0 
0.018042 18.042 0.00750782 0 0 0 0 0 17.9128 0 0 
0.018052 18.052 0.00750996 0 0 0 0 0 17.9227 0 0 
0.018062 18.062 0.00751211 0 0 0 0 0 17.9327 0 0 
0.018072 18.072 0.00751425 0 0 0 0 0 17.9426 0 0 
0.018082 18.082 0.0075164 0 0 0 0 0 17.9525 0 0 
0.018092 18.092 0.00751854 0 0 0 0 0 17.9625 0 0 
0.018102 18.102 0.00752068 0 0 0 0 0 17.9724 0 0 
0.018112 18.112 0.00752283 0 0 0 0 0 17.9823 0 0 
0.018122 18.122 0.00752497 0 0 0 0 0 17.9922 0 0 
0.018132 18.132 0.00752711 0 0 0 0 0 18.0022 0 0 
0.018142 18.142 0.00752925 0 0 0 0 0 18.0121 0 0 
0.018152 18.152 0.00753139 0 0 0 0 0 18.022 0 0 
0.018162 18.162 0.00753353 0 0 0 0 0 18.032 0 0 
0.018172 18.172 0.00753566 0 0 0 0 0 18.0419 0 0 
0.018182 18.182 0.0075378 0 0 0 0 0 18.0518 0 0 
0.018192 18.192 0.00753994 0 0 0 0 0 18.0618 0 0 
0.018202 18.202 0.00754207 0 0 0 0 0 18.0717 0 0 
0.018212 18.212 0.00754421 0 0 0 0 0 18.0816 0 0 
0.018222 18.222 0.00754634 0 0 0 0 0 18.0915 0 0 
0.018232 18.232 0.00754848 0 0 0 0 0 18.1015 0 0 
0.018242 18.242 0.00755061 0 0 0 0 0 18.1114 0 0 
0.018252 18.252 0.00755274 0 0 0 0 0 18.1213 0 0 
0.018262 18.262 0.00755488 0 0 0 0 0 18.1313 0 0 
0.018272 18.272 0.00755701 0 0 0 0 0 18.1412 0 0 
0.018282 18.282 0.00755914 0 0 0 0 0 18.1511 0 0 
0.018292 18.292 0.00756127 0 0 0 0 0 18.1611 0 0 
0.018302 18.302 0.0075634 0 0 0 0 0 18.171 0 0 
0.018312 18.312 0.00756553 0 0 0 0 0 18.1809 0 0 
0.018322 18.322 0.00756766 0 0 0 0 0 18.1909 0 0 
0.018332 18.332 0.00756978 0 0 0 0 0 18.2008 0 0 
0.018342 18.342 0.00757191 0 0 0 0 0 18.2107 0 0 
0.018352 18.352 0.00757404 0 0 0 0 0 18.2206 0 0 
0.018362 18.362 0.00757616 0 0 0 0 0 18.2306 0 0 
0.018372 18.372 0.00757829 0 0 0 0 0 18.2405 0 0 
0.018382 18.382 0.00758041 0 0 0 0 0 18.2504 0 0 
0.018392 18.392 0.00758253 0 0 0 0 0 18.2604 0 0 
0.018402 18.402 0.00758466 0 0 0 0 0 18.2703 0 0 
0.018412 18.412 0.00758678 0 0 0 0 0 18.2802 0 0 
0.018422 18.422 0.0075889 0 0 0 0 0 18.2902 0 0 
0.018432 18.432 0.00759102 0 0 0 0 0 18.3001 0 0 
0.018442 18.442 0.00759314 0 0 0 0 0 18.31 0 0 
0.018452 18.452 0.00759526 0 0 0 0 0 18.3199 0 0 
0.018462 18.462 0.00759738 0 0 0 0 0 18.3299 0 0 
0.018472 18.472 0.0075995 0 0 0 0 0 18.3398 0 0 
0.018482 18.482 0.00760161 0 0 0 0 0 18.3497 0 0 
0.018492 18.492 0.00760373 0 0 0 0 0 18.3597 0 0 
0.018502 18.502 0.00760585 0 0 0 0 0 18.3696 0 0 
0.018512 18.512 0.00760796 0 0 0 0 0 18.3795 0 0 
0.018522 18.522 0.00761008 0 0 0 0 0 18.3895 0 0 
0.018532 18.532 0.00761219 0 0 0 0 0 18.3994 0 0 
0.018542 18.542 0.00761431 0 0 0 0 0 18.4093 0 0 
0.018552 18.552 0.00761642 0 0 0 0 0 18.4193 0 0 
0.018562 18.562 0.00761853 0 0 0 0 0 18.4292 0 0 
0.018572 18.572 0.00762064 0 0 0 0 0 18.4391 0 0 
0.018582 18.582 0.00762275 0 0 0 0 0 18.449 0 0 
0.018592 18.592 0.00762486 0 0 0 0 0 18.459 0 0 
0.018602 18.602 0.00762697 0 0 0 0 0 18.4689 0 0 
0.018612 18.612 0.00762908 0 0 0 0 0 18.4788 0 0 
0.018622 18.622 0.00763119 0 0 0 0 0 18.4888 0 0 
0.018632 18.632 0.0076333 0 0 0 0 0 18.4987 0 0 
0.018642 18.642 0.00763541 0 0 0 0 0 18.5086 0 0 
0.018652 18.652 0.00763751 0 0 0 0 0 18.5186 0 0 
0.018662 18.662 0.00763962 0 0 0 0 0 18.5285 0 0 
0.018672 18.672 0.00764172 0 0 0 0 0 18.5384 0 0 
0.018682 18.682 0.00764383 0 0 0 0 0 18.5483 0 0 
0.018692 18.692 0.00764593 0 0 0 0 0 18.5583 0 0 
0.018702 18.702 0.00764804 0 0 0 0 0 18.5682 0 0 
0.018712 18.712 0.00765014 0 0 0 0 0 18.5781 0 0 
0.018722 18.722 0.00765224 0 0 0 0 0 18.5881 0 0 
0.018732 18.732 0.00765434 0 0 0 0 0 18.598 0 0 
0.018742 18.742 0.00765644 0 0 0 0 0 18.6079 0 0 
0.018752 18.752 0.00765854 0 0 0 0 0 18.6179 0 0 
0.018762 18.762 0.00766064 0 0 0 0 0 18.6278 0 0 
0.018772 18.772 0.00766274 0 0 0 0 0 18.6377 0 0 
0.018782 18.782 0.00766484 0 0 0 0 0 18.6477 0 0 
0.018792 18.792 0.00766694 0 0 0 0 0 18.6576 0 0 
0.018802 18.802 0.00766903 0 0 0 0 0 18.6675 0 0 
0.018812 18.812 0.00767113 0 0 0 0 0 18.6774 0 0 
0.018822 18.822 0.00767323 0 0 0 0 0 18.6874 0 0 
0.018832 18.832 0.00767532 0 0 0 0 0 18.6973 0 0 
0.018842 18.842 0.00767742 0 0 0 0 0 18.7072 0 0 
0.018852 18.852 0.00767951 0 0 0 0 0 18.7172 0 0 
0.018862 18.862 0.0076816 0 0 0 0 0 18.7271 0 0 
0.018872 18.872 0.00768369 0 0 0 0 0 18.737 0 0 
0.018882 18.882 0.00768579 0 0 0 0 0 18.747 0 0 
0.018892 18.892 0.00768788 0 0 0 0 0 18.7569 0 0 
0.018902 18.902 0.00768997 0 0 0 0 0 18.7668 0 0 
0.018912 18.912 0.00769206 0 0 0 0 0 18.7767 0 0 
0.018922 18.922 0.00769415 0 0 0 0 0 18.7867 0 0 
0.018932 18.932 0.00769624 0 0 0 0 0 18.7966 0 0 
0.018942 18.942 0.00769833 0 0 0 0 0 18.8065 0 0 
0.018952 18.952 0.00770041 0 0 0 0 0 18.8165 0 0 
0.018962 18.962 0.0077025 0 0 0 0 0 18.8264 0 0 
0.018972 18.972 0.00770459 0 0 0 0 0 18.8363 0 0 
0.018982 18.982 0.00770667 0 0 0 0 0 18.8463 0 0 
0.018992 18.992 0.00770876 0 0 0 0 0 18.8562 0 0 
0.019002 19.002 0.00771084 0 0 0 0 0 18.8661 0 0 
0.019012 19.012 0.00771293 0 0 0 0 0 18.8761 0 0 
0.019022 19.022 0.00771501 0 0 0 0 0 18.886 0 0 
0.019032 19.032 0.00771709 0 0 0 0 0 18.8959 0 0 
0.019042 19.042 0.00771917 0 0 0 0 0 18.9058 0 0 
0.019052 19.052 0.00772126 0 0 0 0 0 18.9158 0 0 
0.019062 19.062 0.00772334 0 0 0 0 0 18.9257 0 0 
0.019072 19.072 0.00772542 0 0 0 0 0 18.9356 0 0 
0.019082 19.082 0.0077275 0 0 0 0 0 18.9456 0 0 
0.019092 19.092 0.00772958 0 0 0 0 0 18.9555 0 0 
0.019102 19.102 0.00773165 0 0 0 0 0 18.9654 0 0 
0.019112 19.112 0.00773373 0 0 0 0 0 18.9754 0 0 
0.019122 19.122 0.00773581 0 0 0 0 0 18.9853 0 0 
0.019132 19.132 0.00773789 0 0 0 0 0 18.9952 0 0 
0.019142 19.142 0.00773996 0 0 0 0 0 19.0051 0 0 
0.019152 19.152 0.00774204 0 0 0 0 0 19.0151 0 0 
0.019162 19.162 0.00774411 0 0 0 0 0 19.025 0 0 
0.019172 19.172 0.00774619 0 0 0 0 0 19.0349 0 0 
0.019182 19.182 0.00774826 0 0 0 0 0 19.0449 0 0 
0.019192 19.192 0.00775033 0 0 0 0 0 19.0548 0 0 
0.019202 19.202 0.0077524 0 0 0 0 0 19.0647 0 0 
0.019212 19.212 0.00775448 0 0 0 0 0 19.0747 0 0 
0.019222 19.222 0.00775655 0 0 0 0 0 19.0846 0 0 
0.019232 19.232 0.00775862 0 0 0 0 0 19.0945 0 0 
0.019242 19.242 0.00776069 0 0 0 0 0 19.1045 0 0 
0.019252 19.252 0.00776276 0 0 0 0 0 19.1144 0 0 
0.019262 19.262 0.00776483 0 0 0 0 0 19.1243 0 0 
0.019272 19.272 0.00776689 0 0 0 0 0 19.1342 0 0 
0.019282 19.282 0.00776896 0 0 0 0 0 19.1442 0 0 
0.019292 19.292 0.00777103 0 0 0 0 0 19.1541 0 0 
0.019302 19.302 0.00777309 0 0 0 0 0 19.164 0 0 
0.019312 19.312 0.00777516 0 0 0 0 0 19.174 0 0 
0.019322 19.322 0.00777723 0 0 0 0 0 19.1839 0 0 
0.019332 19.332 0.00777929 0 0 0 0 0 19.1938 0 0 
0.019342 19.342 0.00778135 0 0 0 0 0 19.2038 0 0 
0.019352 19.352 0.00778342 0 0 0 0 0 19.2137 0 0 
0.019362 19.362 0.00778548 0 0 0 0 0 19.2236 0 0 
0.019372 19.372 0.00778754 0 0 0 0 0 19.2335 0 0 
0.019382 19.382 0.0077896 0 0 0 0 0 19.2435 0 0 
0.019392 19.392 0.00779166 0 0 0 0 0 19.2534 0 0 
0.019402 19.402 0.00779373 0 0 0 0 0 19.2633 0 0 
0.019412 19.412 0.00779579 0 0 0 0 0 19.2733 0 0 
0.019422 19.422 0.00779784 0 0 0 0 0 19.2832 0 0 
0.019432 19.432 0.0077999 0 0 0 0 0 19.2931 0 0 
0.019442 19.442 0.00780196 0 0 0 0 0 19.3031 0 0 
0.019452 19.452 0.00780402 0 0 0 0 0 19.313 0 0 
0.019462 19.462 0.00780608 0 0 0 0 0 19.3229 0 0 
0.019472 19.472 0.00780813 0 0 0 0 0 19.3329 0 0 
0.019482 19.482 0.00781019 0 0 0 0 0 19.3428 0 0 
0.019492 19.492 0.00781224 0 0 0 0 0 19.3527 0 0 
0.019502 19.502 0.0078143 0 0 0 0 0 19.3626 0 0 
0.019512 19.512 0.00781635 0 0 0 0 0 19.3726 0 0 
0.019522 19.522 0.0078184 0 0 0 0 0 19.3825 0 0 
0.019532 19.532 0.00782046 0 0 0 0 0 19.3924 0 0 
0.019542 19.542 0.00782251 0 0 0 0 0 19.4024 0 0 
0.019552 19.552 0.00782456 0 0 0 0 0 19.4123 0 0 
0.019562 19.562 0.00782661 0 0 0 0 0 19.4222 0 0 
0.019572 19.572 0.00782866 0 0 0 0 0 19.4322 0 0 
0.019582 19.582 0.00783071 0 0 0 0 0 19.4421 0 0 
0.019592 19.592 0.00783276 0 0 0 0 0 19.452 0 0 
0.019602 19.602 0.00783481 0 0 0 0 0 19.462 0 0 
0.019612 19.612 0.00783686 0 0 0 0 0 19.4719 0 0 
0.019622 19.622 0.00783891 0 0 0 0 0 19.4818 0 0 
0.019632 19.632 0.00784095 0 0 0 0 0 19.4917 0 0 
0.019642 19.642 0.007843 0 0 0 0 0 19.5017 0 0 
0.019652 19.652 0.00784504 0 0 0 0 0 19.5116 0 0 
0.019662 19.662 0.00784709 0 0 0 0 0 19.5215 0 0 
0.019672 19.672 0.00784913 0 0 0 0 0 19.5315 0 0 
0.019682 19.682 0.00785118 0 0 0 0 0 19.5414 0 0 
0.019692 19.692 0.00785322 0 0 0 0 0 19.5513 0 0 
0.019702 19.702 0.00785526 0 0 0 0 0 19.5613 0 0 
0.019712 19.712 0.00785731 0 0 0 0 0 19.5712 0 0 
0.019722 19.722 0.00785935 0 0 0 0 0 19.5811 0 0 
0.019732 19.732 0.00786139 0 0 0 0 0 19.591 0 0 
0.019742 19.742 0.00786343 0 0 0 0 0 19.601 0 0 
0.019752 19.752 0.00786547 0 0 0 0 0 19.6109 0 0 
0.019762 19.762 0.00786751 0 0 0 0 0 19.6208 0 0 
0.019772 19.772 0.00786955 0 0 0 0 0 19.6308 0 0 
0.019782 19.782 0.00787159 0 0 0 0 0 19.6407 0 0 
0.019792 19.792 0.00787363 0 0 0 0 0 19.6506 0 0 
0.019802 19.802 0.00787553 0 0 0 0 0 19.6606 0 0 
0.019812 19.812 0.00787753 0 0 0 0 0 19.6705 0 0 
0.019822 19.822 0.00787953 0 0 0 0 0 19.6804 0 0 
0.019832 19.832 0.00788154 0 0 0 0 0 19.6904 0 0 
0.019842 19.842 0.00788355 0 0 0 0 0 19.7003 0 0 
0.019852 19.852 0.00788557 0 0 0 0 0 19.7102 0 0 
0.019862 19.862 0.00788758 0 0 0 0 0 19.7201 0 0 
0.019872 19.872 0.0078896 0 0 0 0 0 19.7301 0 0 
0.019882 19.882 0.00789161 0 0 0 0 0 19.74 0 0 
0.019892 19.892 0.00789363 0 0 0 0 0 19.7499 0 0 
0.019902 19.902 0.00789564 0 0 0 0 0 19.7599 0 0 
0.019912 19.912 0.00789766 0 0 0 0 0 19.7698 0 0 
0.019922 19.922 0.00789968 0 0 0 0 0 19.7797 0 0 
0.019932 19.932 0.00790169 0 0 0 0 0 19.7897 0 0 
0.019942 19.942 0.00790371 0 0 0 0 0 19.7996 0 0 
0.019952 19.952 0.00790572 0 0 0 0 0 19.8095 0 0 
0.019962 19.962 0.00790774 0 0 0 0 0 19.8194 0 0 
0.019972 19.972 0.00790976 0 0 0 0 0 19.8294 0 0 
0.019982 19.982 0.00791177 0 0 0 0 0 19.8393 0 0 
0.019991 19.991 0.00791359 0 0 0 0 0 19.8483 0 0 
0.02 20 0.0079154 0 0 0 0 0 19.8572 0 0 
